ranking_date,rank,player,points,tours
20260105,1,214544,10490,0
20260105,2,216347,8178,0
20260105,3,216153,6287,0
20260105,4,221103,6273,0
20260105,5,214981,5850,0
20260105,6,202468,5583,0
20260105,7,201619,4335,0
20260105,8,211148,4236,0
20260105,9,259799,4125,0
20260105,10,206420,3375,0
20260105,11,202505,3097,0
20260105,12,222328,2641,0
20260105,13,202494,2606,0
20260105,14,220704,2530,0
20260105,15,215613,2515,0
20260105,16,211768,2334,0
20260105,17,214643,2209,0
20260105,18,239475,2157,0
20260105,19,210722,1969,0
20260105,20,214096,1888,0
20260105,21,223670,1866,0
20260105,22,220367,1821,0
20260105,23,211533,1800,0
20260105,24,221012,1728,0
20260105,25,211651,1675,0
20260105,26,216146,1659,0
20260105,27,215035,1604,0
20260105,28,213550,1589,0
20260105,29,221054,1563,0
20260105,30,206368,1558,0
20260105,31,220520,1553,0
20260105,32,233741,1539,0
20260105,33,214939,1461,0
20260105,34,214954,1445,0
20260105,35,260300,1423,0
20260105,36,222391,1351,0
20260105,37,215983,1334,0
20260105,38,211713,1324,0
20260105,39,220332,1291,0
20260105,40,214082,1275,0
20260105,41,201514,1243,0
20260105,42,222601,1231,0
20260105,43,213583,1229,0
20260105,44,201499,1184,0
20260105,45,201696,1183,0
20260105,46,213631,1182,0
20260105,47,211701,1172,0
20260105,48,215306,1149,0
20260105,49,221909,1134,0
20260105,50,213710,1127,0
20260105,51,206289,1116,0
20260105,52,202663,1089,0
20260105,53,223253,1076,0
20260105,54,222145,1075,0
20260105,55,215713,1072,0
20260105,56,221039,1070,0
20260105,57,216133,1056,0
20260105,58,206242,1052,0
20260105,59,211684,1051,0
20260105,60,238184,1035,0
20260105,61,215020,1016,0
20260105,62,203389,996,0
20260105,63,206252,990,0
20260105,64,220548,982,0
20260105,65,221024,979,0
20260105,66,221333,978,0
20260105,67,215337,957,0
20260105,68,222661,951,0
20260105,69,202499,935,0
20260105,70,222045,925,0
20260105,71,211685,914,0
20260105,72,215936,912,0
20260105,73,214388,900,0
20260105,74,201709,891,0
20260105,75,219875,887,0
20260105,76,215785,860,0
20260105,77,213887,844,0
20260105,78,201548,844,0
20260105,79,201533,843,0
20260105,80,203530,841,0
20260105,81,220714,837,0
20260105,82,238075,837,0
20260105,83,216083,836,0
20260105,84,230870,833,0
20260105,85,211817,825,0
20260105,86,215138,825,0
20260105,87,215910,819,0
20260105,88,215899,817,0
20260105,89,220416,808,0
20260105,90,220716,804,0
20260105,91,215872,802,0
20260105,92,211814,799,0
20260105,93,239383,792,0
20260105,94,213646,789,0
20260105,95,202460,785,0
20260105,96,220465,783,0
20260105,97,215480,780,0
20260105,98,221985,779,0
20260105,99,215219,770,0
20260105,100,221407,766,0
20260105,101,219917,760,0
20260105,102,206417,760,0
20260105,103,220662,754,0
20260105,104,220435,742,0
20260105,105,214459,739,0
20260105,106,214040,721,0
20260105,107,210886,715,0
20260105,108,221257,709,0
20260105,109,214452,696,0
20260105,110,220309,694,0
20260105,111,263857,685,0
20260105,112,211107,684,0
20260105,113,205925,672,0
20260105,114,223286,666,0
20260105,115,214119,659,0
20260105,116,203501,652,0
20260105,117,239456,640,0
20260105,118,221883,634,0
20260105,119,213889,627,0
20260105,120,213525,623,0
20260105,121,211880,620,0
20260105,122,220348,615,0
20260105,123,211337,590,0
20260105,124,220589,589,0
20260105,125,243420,582,0
20260105,126,223360,582,0
20260105,127,222233,565,0
20260105,128,202600,557,0
20260105,129,220466,555,0
20260105,130,222258,548,0
20260105,131,222290,546,0
20260105,132,201551,541,0
20260105,133,221626,538,0
20260105,134,203514,537,0
20260105,135,206294,526,0
20260105,136,214593,518,0
20260105,137,236957,517,0
20260105,138,221237,513,0
20260105,139,201593,509,0
20260105,140,220742,509,0
20260105,141,259733,509,0
20260105,142,222966,504,0
20260105,143,201478,498,0
20260105,144,201458,495,0
20260105,145,221307,494,0
20260105,146,216081,493,0
20260105,147,263644,491,0
20260105,148,214604,482,0
20260105,149,220750,479,0
20260105,150,213576,464,0
20260105,151,221124,462,0
20260105,152,215992,455,0
20260105,153,204431,455,0
20260105,154,260172,452,0
20260105,155,206292,451,0
20260105,156,214461,445,0
20260105,157,202604,445,0
20260105,158,223331,440,0
20260105,159,223321,440,0
20260105,160,221406,436,0
20260105,161,215572,430,0
20260105,162,202684,429,0
20260105,163,223325,428,0
20260105,164,211316,424,0
20260105,165,256684,422,0
20260105,166,213666,418,0
20260105,167,221236,410,0
20260105,168,211279,410,0
20260105,169,211095,406,0
20260105,170,216016,404,0
20260105,171,215250,403,0
20260105,172,220733,401,0
20260105,173,211635,396,0
20260105,174,211843,392,0
20260105,175,267439,392,0
20260105,176,202493,390,0
20260105,177,215062,389,0
20260105,178,220699,387,0
20260105,179,216097,387,0
20260105,180,210622,387,0
20260105,181,215571,386,0
20260105,182,213873,386,0
20260105,183,236955,383,0
20260105,184,223335,383,0
20260105,185,201545,382,0
20260105,186,213544,379,0
20260105,187,239389,377,0
20260105,188,204419,373,0
20260105,189,220454,372,0
20260105,190,214262,370,0
20260105,191,214254,368,0
20260105,192,238064,366,0
20260105,193,201611,366,0
20260105,194,222017,365,0
20260105,195,239436,363,0
20260105,196,214480,362,0
20260105,197,201606,361,0
20260105,198,206007,360,0
20260105,199,215807,360,0
20260105,200,211702,359,0
20260105,1001,266651,19,0
20260105,1002,269954,19,0
20260105,1003,215065,19,0
20260105,1004,270315,19,0
20260105,1005,270195,19,0
20260105,1006,260297,19,0
20260105,1007,222202,19,0
20260105,1008,221025,19,0
20260105,1009,215647,19,0
20260105,1010,270129,19,0
20260105,1011,214784,19,0
20260105,1012,221148,19,0
20260105,1013,261098,19,0
20260105,1014,220276,19,0
20260105,1015,249659,19,0
20260105,1016,214453,18,0
20260105,1017,264180,18,0
20260105,1018,215696,18,0
20260105,1019,264975,18,0
20260105,1020,260306,18,0
20260105,1021,221371,18,0
20260105,1022,259576,18,0
20260105,1023,270159,18,0
20260105,1024,264140,18,0
20260105,1024,220391,18,0
20260105,1026,260777,18,0
20260105,1027,261066,18,0
20260105,1028,266720,18,0
20260105,1029,266765,18,0
20260105,1030,223411,18,0
20260105,1031,221736,18,0
20260105,1032,215616,18,0
20260105,1033,214277,18,0
20260105,1034,259105,18,0
20260105,1035,260556,18,0
20260105,1036,211043,17,0
20260105,1037,211021,17,0
20260105,1037,269710,17,0
20260105,1039,270181,17,0
20260105,1040,252584,17,0
20260105,1041,270125,17,0
20260105,1042,224485,17,0
20260105,1043,215236,17,0
20260105,1044,215926,17,0
20260105,1045,222602,17,0
20260105,1046,221269,17,0
20260105,1047,222177,17,0
20260105,1048,214398,17,0
20260105,1049,221740,17,0
20260105,1049,260085,17,0
20260105,1051,215712,17,0
20260105,1052,223308,17,0
20260105,1053,260580,16,0
20260105,1054,201662,16,0
20260105,1055,201539,16,0
20260105,1056,246476,16,0
20260105,1057,259713,16,0
20260105,1058,221915,16,0
20260105,1059,221862,16,0
20260105,1059,260842,16,0
20260105,1059,270322,16,0
20260105,1062,263687,16,0
20260105,1063,202916,16,0
20260105,1064,223404,16,0
20260105,1064,239474,16,0
20260105,1066,266523,16,0
20260105,1067,259907,16,0
20260105,1068,220286,16,0
20260105,1069,223284,16,0
20260105,1070,202387,16,0
20260105,1071,219444,16,0
20260105,1071,266659,16,0
20260105,1073,270262,15,0
20260105,1074,259989,15,0
20260105,1075,270100,15,0
20260105,1076,220297,15,0
20260105,1077,205964,15,0
20260105,1077,269275,15,0
20260105,1079,267534,15,0
20260105,1080,260888,15,0
20260105,1081,270091,15,0
20260105,1081,214297,15,0
20260105,1083,220875,15,0
20260105,1084,260604,15,0
20260105,1085,260871,15,0
20260105,1086,259797,15,0
20260105,1087,252519,15,0
20260105,1088,269864,15,0
20260105,1089,220564,15,0
20260105,1090,220551,15,0
20260105,1091,239477,15,0
20260105,1092,222239,15,0
20260105,1093,215805,15,0
20260105,1094,220689,15,0
20260105,1095,222376,15,0
20260105,1095,259113,15,0
20260105,1095,260323,15,0
20260105,1098,201585,14,0
20260105,1099,211285,14,0
20260105,1100,202478,14,0
20260105,1101,269259,14,0
20260105,1102,214577,14,0
20260105,1103,260711,14,0
20260105,1104,216225,14,0
20260105,1105,261964,14,0
20260105,1106,205562,14,0
20260105,1107,221013,14,0
20260105,1108,270019,14,0
20260105,1109,220266,14,0
20260105,1110,262883,14,0
20260105,1111,220436,14,0
20260105,1111,241715,14,0
20260105,1113,260717,14,0
20260105,1114,221310,14,0
20260105,1115,261968,14,0
20260105,1116,211208,14,0
20260105,1117,264505,14,0
20260105,1118,239449,14,0
20260105,1118,237465,14,0
20260105,1120,222734,14,0
20260105,1121,263889,14,0
20260105,1122,220048,14,0
20260105,1123,266549,14,0
20260105,1124,201318,13,0
20260105,1125,221441,13,0
20260105,1126,264962,13,0
20260105,1127,240996,13,0
20260105,1128,246484,13,0
20260105,1129,211407,13,0
20260105,1130,267920,13,0
20260105,1130,261278,13,0
20260105,1132,261008,13,0
20260105,1133,214746,13,0
20260105,1134,267848,13,0
20260105,1135,264510,13,0
20260105,1136,266629,13,0
20260105,1137,264280,13,0
20260105,1138,259590,13,0
20260105,1139,267425,13,0
20260105,1140,259914,13,0
20260105,1141,222895,13,0
20260105,1142,244079,13,0
20260105,1142,203370,13,0
20260105,1144,269801,13,0
20260105,1145,270065,13,0
20260105,1146,268772,13,0
20260105,1146,222748,13,0
20260105,1148,259981,13,0
20260105,1149,216381,13,0
20260105,1150,215721,12,0
20260105,1151,260914,12,0
20260105,1152,215937,12,0
20260105,1153,212034,12,0
20260105,1154,206205,12,0
20260105,1155,221688,12,0
20260105,1156,223159,12,0
20260105,1157,269838,12,0
20260105,1158,270320,12,0
20260105,1158,267180,12,0
20260105,1158,216287,12,0
20260105,1161,270132,12,0
20260105,1161,260926,12,0
20260105,1161,260631,12,0
20260105,1164,201431,12,0
20260105,1165,214019,12,0
20260105,1165,222509,12,0
20260105,1165,260693,12,0
20260105,1168,260398,12,0
20260105,1169,269734,12,0
20260105,1170,264107,12,0
20260105,1170,215353,12,0
20260105,1172,261133,12,0
20260105,1173,214460,12,0
20260105,1174,221377,12,0
20260105,1174,265713,12,0
20260105,1176,220887,12,0
20260105,1177,216315,12,0
20260105,1178,261132,12,0
20260105,1179,264226,12,0
20260105,1179,221771,12,0
20260105,1181,266409,12,0
20260105,1182,221933,11,0
20260105,1183,211592,11,0
20260105,1184,260827,11,0
20260105,1185,260865,11,0
20260105,1186,265628,11,0
20260105,1187,264971,11,0
20260105,1188,263646,11,0
20260105,1188,269772,11,0
20260105,1190,214450,11,0
20260105,1191,215085,11,0
20260105,1192,270274,11,0
20260105,1193,221375,11,0
20260105,1193,221913,11,0
20260105,1195,265020,11,0
20260105,1196,219697,11,0
20260105,1197,219872,11,0
20260105,1198,266374,11,0
20260105,1199,223389,11,0
20260105,1200,259998,11,0
20260105,1200,221158,11,0
20260105,1200,260224,11,0
20260105,1200,267932,11,0
20260105,1200,269254,11,0
20260105,1205,260400,11,0
20260105,1205,239126,11,0
20260105,1207,263676,11,0
20260105,1208,220563,11,0
20260105,1209,206408,10,0
20260105,1210,256710,10,0
20260105,1211,215735,10,0
20260105,1212,259739,10,0
20260105,1213,261082,10,0
20260105,1214,234490,10,0
20260105,1214,210500,10,0
20260105,1216,238209,10,0
20260105,1217,214503,10,0
20260105,1217,266476,10,0
20260105,1217,263858,10,0
20260105,1220,214860,10,0
20260105,1221,233725,10,0
20260105,1221,266819,10,0
20260105,1223,215467,10,0
20260105,1224,263940,10,0
20260105,1225,257867,10,0
20260105,1226,252582,10,0
20260105,1226,222215,10,0
20260105,1226,260622,10,0
20260105,1226,267734,10,0
20260105,1226,269835,10,0
20260105,1231,215854,10,0
20260105,1232,222158,10,0
20260105,1233,201691,10,0
20260105,1234,214974,10,0
20260105,1234,222213,10,0
20260105,1234,223198,10,0
20260105,1234,223153,10,0
20260105,1234,261021,10,0
20260105,1234,260984,10,0
20260105,1234,263905,10,0
20260105,1241,266795,10,0
20260105,1242,222318,10,0
20260105,1243,221258,10,0
20260105,1243,260378,10,0
20260105,1245,216405,10,0
20260105,1246,263775,9,0
20260105,1247,211779,9,0
20260105,1248,224482,9,0
20260105,1249,238068,9,0
20260105,1249,263625,9,0
20260105,1249,266543,9,0
20260105,1252,270046,9,0
20260105,1253,266467,9,0
20260105,1253,260583,9,0
20260105,1253,259769,9,0
20260105,1253,221463,9,0
20260105,1257,205492,9,0
20260105,1258,223397,9,0
20260105,1258,261094,9,0
20260105,1260,220512,9,0
20260105,1261,215161,9,0
20260105,1262,239484,9,0
20260105,1262,266532,9,0
20260105,1262,267435,9,0
20260105,1265,260828,9,0
20260105,1265,264966,9,0
20260105,1265,222613,9,0
20260105,1265,236968,9,0
20260105,1265,225861,9,0
20260105,1270,221315,9,0
20260105,1271,260774,9,0
20260105,1272,221197,9,0
20260105,1273,264151,8,0
20260105,1274,267545,8,0
20260105,1275,263808,8,0
20260105,1276,270072,8,0
20260105,1276,222377,8,0
20260105,1276,219874,8,0
20260105,1279,206402,8,0
20260105,1280,215189,8,0
20260105,1281,264063,8,0
20260105,1282,263890,8,0
20260105,1282,264274,8,0
20260105,1282,221030,8,0
20260105,1282,222847,8,0
20260105,1282,223435,8,0
20260105,1287,221371,8,0
20260105,1287,219754,8,0
20260105,1287,215174,8,0
20260105,1287,260122,8,0
20260105,1291,211600,8,0
20260105,1292,220633,8,0
20260105,1292,267723,8,0
20260105,1292,267722,8,0
20260105,1295,260957,8,0
20260105,1295,261104,8,0
20260105,1295,269906,8,0
20260105,1295,221524,8,0
20260105,1295,237467,8,0
20260105,1295,257881,8,0
20260105,1301,241735,8,0
20260105,1301,252494,8,0
20260105,1303,202440,7,0
20260105,1304,263978,7,0
20260105,1305,264275,7,0
20260105,1305,266686,7,0
20260105,1305,260674,7,0
20260105,1305,260137,7,0
20260105,1305,267473,7,0
20260105,1305,270194,7,0
20260105,1305,215956,7,0
20260105,1305,259579,7,0
20260105,1305,221248,7,0
20260105,1314,270281,7,0
20260105,1315,264215,7,0
20260105,1315,260091,7,0
20260105,1315,221044,7,0
20260105,1315,220356,7,0
20260105,1315,222061,7,0
20260105,1320,260204,7,0
20260105,1321,270186,7,0
20260105,1321,220289,7,0
20260105,1323,260881,7,0
20260105,1323,222274,7,0
20260105,1323,220394,7,0
20260105,1323,221083,7,0
20260105,1323,246485,7,0
20260105,1323,230120,7,0
20260105,1323,267462,7,0
20260105,1323,268778,7,0
20260105,1323,260742,7,0
20260105,1332,260993,7,0
20260105,1332,260185,7,0
20260105,1332,259964,7,0
20260105,1335,216156,7,0
20260105,1336,260715,7,0
20260105,1336,216140,7,0
20260105,1336,238071,7,0
20260105,1336,265195,7,0
20260105,1340,264242,6,0
20260105,1341,264986,6,0
20260105,1342,215043,6,0
20260105,1343,256711,6,0
20260105,1343,269872,6,0
20260105,1345,260455,6,0
20260105,1346,266541,6,0
20260105,1346,263766,6,0
20260105,1346,259608,6,0
20260105,1346,259895,6,0
20260105,1346,223356,6,0
20260105,1346,222637,6,0
20260105,1352,266492,6,0
20260105,1352,222623,6,0
20260105,1352,220772,6,0
20260105,1352,221515,6,0
20260105,1352,222309,6,0
20260105,1352,222845,6,0
20260105,1352,216073,6,0
20260105,1352,216092,6,0
20260105,1352,205789,6,0
20260105,1352,214048,6,0
20260105,1352,263717,6,0
20260105,1352,263701,6,0
20260105,1352,260373,6,0
20260105,1352,260503,6,0
20260105,1352,260962,6,0
20260105,1352,260653,6,0
20260105,1352,260792,6,0
20260105,1352,270115,6,0
20260105,1352,267927,6,0
20260105,1352,267465,6,0
20260105,1352,267441,6,0
20260105,1352,267424,6,0
20260105,1374,266763,6,0
20260105,1375,206161,6,0
20260105,1375,222161,6,0
20260105,1375,222095,6,0
20260105,1378,222520,6,0
20260105,1378,237481,6,0
20260105,1378,220071,6,0
20260105,1378,215222,6,0
20260105,1378,267408,6,0
20260105,1383,201527,5,0
20260105,1384,269948,5,0
20260105,1385,270350,5,0
20260105,1385,202443,5,0
20260105,1387,259719,5,0
20260105,1387,260867,5,0
20260105,1389,220422,5,0
20260105,1390,223452,5,0
20260105,1390,231641,5,0
20260105,1390,221963,5,0
20260105,1390,259779,5,0
20260105,1390,259887,5,0
20260105,1390,256682,5,0
20260105,1390,258195,5,0
20260105,1390,246489,5,0
20260105,1390,245076,5,0
20260105,1390,241022,5,0
20260105,1390,239172,5,0
20260105,1390,233729,5,0
20260105,1390,201672,5,0
20260105,1390,260974,5,0
20260105,1390,260066,5,0
20260105,1390,264198,5,0
20260105,1390,263706,5,0
20260105,1390,263962,5,0
20260105,1390,267671,5,0
20260105,1390,267748,5,0
20260105,1390,266713,5,0
20260105,1390,266781,5,0
20260105,1390,267453,5,0
20260105,1413,202424,5,0
20260105,1414,234236,5,0
20260105,1414,230121,5,0
20260105,1414,223006,5,0
20260105,1414,223352,5,0
20260105,1414,221346,5,0
20260105,1414,263809,5,0
20260105,1414,260464,5,0
20260105,1414,264252,5,0
20260105,1422,260779,5,0
20260105,1422,260709,5,0
20260105,1422,267449,5,0
20260105,1422,264229,5,0
20260105,1422,269757,5,0
20260105,1422,222180,5,0
20260105,1422,238205,5,0
20260105,1422,252565,5,0
20260105,1422,259569,5,0
20260105,1422,220469,5,0
20260105,1422,215430,5,0
20260105,1433,201399,4,0
20260105,1434,221988,4,0
20260105,1434,265610,4,0
20260105,1434,267744,4,0
20260105,1437,267083,4,0
20260105,1437,270154,4,0
20260105,1437,261129,4,0
20260105,1437,263818,4,0
20260105,1437,260178,4,0
20260105,1437,221222,4,0
20260105,1437,254770,4,0
20260105,1437,223268,4,0
20260105,1437,211796,4,0
20260105,1446,220934,4,0
20260105,1446,260479,4,0
20260105,1446,223071,4,0
20260105,1446,234247,4,0
20260105,1446,234223,4,0
20260105,1446,255666,4,0
20260105,1446,252487,4,0
20260105,1446,246480,4,0
20260105,1446,241003,4,0
20260105,1446,241018,4,0
20260105,1446,242450,4,0
20260105,1446,260723,4,0
20260105,1446,221127,4,0
20260105,1446,221520,4,0
20260105,1446,263838,4,0
20260105,1446,264114,4,0
20260105,1446,264243,4,0
20260105,1446,267695,4,0
20260105,1446,264998,4,0
20260105,1446,266593,4,0
20260105,1446,270133,4,0
20260105,1446,269753,4,0
20260105,1446,269773,4,0
20260105,1446,266700,4,0
20260105,1446,267732,4,0
20260105,1471,213596,3,0
20260105,1472,264086,3,0
20260105,1472,261029,3,0
20260105,1474,266892,3,0
20260105,1474,215804,3,0
20260105,1474,240163,3,0
20260105,1477,244077,3,0
20260105,1477,249668,3,0
20260105,1477,259614,3,0
20260105,1477,259990,3,0
20260105,1477,259803,3,0
20260105,1477,234506,3,0
20260105,1477,235155,3,0
20260105,1477,233745,3,0
20260105,1477,239157,3,0
20260105,1477,221979,3,0
20260105,1477,236989,3,0
20260105,1477,238084,3,0
20260105,1477,223416,3,0
20260105,1477,221207,3,0
20260105,1477,220790,3,0
20260105,1477,216198,3,0
20260105,1477,213898,3,0
20260105,1477,213827,3,0
20260105,1477,213944,3,0
20260105,1477,263666,3,0
20260105,1477,264139,3,0
20260105,1477,264138,3,0
20260105,1477,264068,3,0
20260105,1477,266463,3,0
20260105,1477,264980,3,0
20260105,1477,264270,3,0
20260105,1477,260940,3,0
20260105,1477,261092,3,0
20260105,1477,260443,3,0
20260105,1477,260393,3,0
20260105,1477,267937,3,0
20260105,1477,269718,3,0
20260105,1477,269732,3,0
20260105,1477,269775,3,0
20260105,1477,266714,3,0
20260105,1477,266805,3,0
20260105,1477,266852,3,0
20260105,1477,267493,3,0
20260105,1477,269769,3,0
20260105,1477,269972,3,0
20260105,1477,269878,3,0
20260105,1477,269937,3,0
20260105,1477,270109,3,0
20260105,1477,270066,3,0
20260105,1477,270207,3,0
20260105,1477,270117,3,0
20260105,1477,270258,3,0
20260105,1477,270302,3,0
20260105,201,266671,358,0
20260105,202,211227,353,0
20260105,203,220722,352,0
20260105,204,216265,350,0
20260105,205,223194,350,0
20260105,206,201613,348,0
20260105,207,214386,347,0
20260105,208,221803,347,0
20260105,209,201549,346,0
20260105,210,252499,344,0
20260105,211,216055,338,0
20260105,212,214181,337,0
20260105,213,222156,336,0
20260105,214,211552,334,0
20260105,215,202662,333,0
20260105,216,212303,331,0
20260105,217,220446,330,0
20260105,218,216367,329,0
20260105,219,214149,328,0
20260105,220,236972,328,0
20260105,221,221911,326,0
20260105,222,220770,326,0
20260105,223,223168,323,0
20260105,224,214906,321,0
20260105,225,215370,319,0
20260105,226,213620,318,0
20260105,227,259883,317,0
20260105,228,215946,317,0
20260105,229,223323,314,0
20260105,230,259685,312,0
20260105,231,211901,311,0
20260105,232,223087,310,0
20260105,233,201621,310,0
20260105,234,261972,309,0
20260105,235,215018,308,0
20260105,236,215453,305,0
20260105,237,203564,303,0
20260105,238,222080,300,0
20260105,239,206430,300,0
20260105,240,220680,297,0
20260105,241,213908,297,0
20260105,242,215988,296,0
20260105,243,214684,296,0
20260105,244,215898,295,0
20260105,245,211344,295,0
20260105,246,213779,294,0
20260105,247,216566,291,0
20260105,248,214937,290,0
20260105,249,214826,289,0
20260105,250,203463,288,0
20260105,251,264149,282,0
20260105,252,213706,282,0
20260105,253,222189,282,0
20260105,254,221073,281,0
20260105,255,215996,280,0
20260105,256,215037,280,0
20260105,257,221004,280,0
20260105,258,221018,274,0
20260105,259,216074,274,0
20260105,260,210303,270,0
20260105,261,214236,269,0
20260105,262,216213,267,0
20260105,263,222506,266,0
20260105,264,222965,263,0
20260105,265,201586,263,0
20260105,266,221354,257,0
20260105,267,239392,257,0
20260105,268,221164,255,0
20260105,269,223333,254,0
20260105,270,215042,253,0
20260105,271,211643,253,0
20260105,272,260761,252,0
20260105,273,214219,252,0
20260105,274,206374,250,0
20260105,275,211878,249,0
20260105,276,214081,249,0
20260105,277,220489,247,0
20260105,278,260170,246,0
20260105,279,221905,244,0
20260105,280,222980,243,0
20260105,281,201610,242,0
20260105,282,214839,237,0
20260105,283,214646,237,0
20260105,284,247669,237,0
20260105,285,215614,235,0
20260105,286,213821,235,0
20260105,287,221096,233,0
20260105,288,222919,229,0
20260105,289,260598,228,0
20260105,290,259758,227,0
20260105,291,261963,226,0
20260105,292,220757,225,0
20260105,293,213734,223,0
20260105,294,204427,216,0
20260105,295,211411,215,0
20260105,296,221395,215,0
20260105,297,221768,215,0
20260105,298,260765,215,0
20260105,299,246493,215,0
20260105,300,211844,214,0
20260105,301,201614,211,0
20260105,302,232447,211,0
20260105,303,221209,211,0
20260105,304,211765,209,0
20260105,305,220432,209,0
20260105,306,214189,207,0
20260105,307,260581,207,0
20260105,308,221099,206,0
20260105,309,213789,206,0
20260105,310,215501,205,0
20260105,311,258199,204,0
20260105,312,221411,202,0
20260105,313,260203,201,0
20260105,314,220718,201,0
20260105,315,206194,200,0
20260105,316,239438,200,0
20260105,317,213949,199,0
20260105,318,203475,198,0
20260105,319,221512,197,0
20260105,320,215878,197,0
20260105,321,222397,197,0
20260105,322,214521,196,0
20260105,323,221243,196,0
20260105,324,211846,194,0
20260105,325,215386,194,0
20260105,326,215726,193,0
20260105,327,222675,191,0
20260105,328,220735,190,0
20260105,329,211342,190,0
20260105,330,256673,189,0
20260105,331,231639,188,0
20260105,332,259857,188,0
20260105,333,201555,187,0
20260105,334,221885,187,0
20260105,335,214919,187,0
20260105,336,203435,186,0
20260105,337,215290,186,0
20260105,338,256705,186,0
20260105,339,222944,186,0
20260105,340,203281,183,0
20260105,341,221014,183,0
20260105,342,259871,183,0
20260105,343,221220,182,0
20260105,344,221434,181,0
20260105,345,264075,180,0
20260105,346,215077,179,0
20260105,347,239397,177,0
20260105,348,215259,177,0
20260105,349,214301,177,0
20260105,350,262891,176,0
20260105,351,210705,175,0
20260105,352,223410,174,0
20260105,353,210847,174,0
20260105,354,235159,174,0
20260105,355,201666,174,0
20260105,356,214930,174,0
20260105,357,202688,173,0
20260105,358,221362,173,0
20260105,359,220808,172,0
20260105,360,201616,171,0
20260105,361,221213,169,0
20260105,362,260664,169,0
20260105,363,221789,168,0
20260105,364,211539,167,0
20260105,365,246478,167,0
20260105,366,239476,167,0
20260105,367,221000,166,0
20260105,368,215820,166,0
20260105,369,216385,166,0
20260105,370,252495,165,0
20260105,371,220513,165,0
20260105,372,221023,163,0
20260105,373,206345,163,0
20260105,374,219887,163,0
20260105,375,215431,162,0
20260105,376,221159,162,0
20260105,377,221191,161,0
20260105,378,246481,161,0
20260105,379,215840,161,0
20260105,380,214992,161,0
20260105,381,202410,160,0
20260105,382,266622,160,0
20260105,383,215064,159,0
20260105,384,221382,159,0
20260105,385,211920,158,0
20260105,386,232881,158,0
20260105,387,211063,157,0
20260105,388,213657,157,0
20260105,389,221265,156,0
20260105,390,260168,156,0
20260105,391,259853,155,0
20260105,392,221364,155,0
20260105,393,213849,154,0
20260105,394,215314,153,0
20260105,395,260541,152,0
20260105,396,252587,151,0
20260105,397,220364,151,0
20260105,398,211529,150,0
20260105,399,206255,149,0
20260105,400,221247,149,0
20260105,401,221187,149,0
20260105,402,215588,149,0
20260105,403,221104,149,0
20260105,404,214546,148,0
20260105,405,213837,148,0
20260105,406,215592,148,0
20260105,407,221486,147,0
20260105,408,259967,146,0
20260105,409,216139,146,0
20260105,410,214862,145,0
20260105,411,215550,145,0
20260105,412,203288,144,0
20260105,413,260510,144,0
20260105,414,239156,143,0
20260105,415,213767,143,0
20260105,416,215566,143,0
20260105,417,221086,143,0
20260105,418,221031,142,0
20260105,419,211874,142,0
20260105,420,220560,142,0
20260105,421,215468,142,0
20260105,422,223302,141,0
20260105,423,220673,139,0
20260105,424,221369,139,0
20260105,425,254733,138,0
20260105,426,204411,137,0
20260105,427,221178,136,0
20260105,428,216116,136,0
20260105,429,221259,136,0
20260105,430,236956,134,0
20260105,431,220554,133,0
20260105,432,222297,133,0
20260105,433,215166,133,0
20260105,434,266450,133,0
20260105,435,222559,132,0
20260105,436,220613,132,0
20260105,437,220781,131,0
20260105,438,211756,131,0
20260105,439,260206,131,0
20260105,440,216253,131,0
20260105,441,221020,129,0
20260105,442,221443,127,0
20260105,443,223415,126,0
20260105,444,239442,126,0
20260105,445,211329,126,0
20260105,446,201524,125,0
20260105,447,220842,124,0
20260105,448,216160,124,0
20260105,449,220598,124,0
20260105,450,211820,123,0
20260105,451,206362,123,0
20260105,452,221945,121,0
20260105,453,201483,120,0
20260105,454,219625,120,0
20260105,455,216162,120,0
20260105,456,222092,120,0
20260105,457,204394,120,0
20260105,458,213974,120,0
20260105,459,233742,119,0
20260105,460,259794,119,0
20260105,461,264187,119,0
20260105,462,252493,118,0
20260105,463,215459,118,0
20260105,464,206124,117,0
20260105,465,213771,117,0
20260105,466,214779,117,0
20260105,467,202434,115,0
20260105,468,216095,115,0
20260105,469,203513,115,0
20260105,470,260006,113,0
20260105,471,221168,113,0
20260105,472,203578,113,0
20260105,473,213753,112,0
20260105,474,222171,112,0
20260105,475,260714,112,0
20260105,476,223100,112,0
20260105,477,214507,111,0
20260105,478,215733,111,0
20260105,479,223141,111,0
20260105,480,260763,110,0
20260105,481,220447,110,0
20260105,482,240998,110,0
20260105,483,264228,110,0
20260105,484,220306,109,0
20260105,485,214418,109,0
20260105,486,221242,108,0
20260105,487,221181,108,0
20260105,488,260171,108,0
20260105,489,260667,108,0
20260105,490,211646,108,0
20260105,491,214600,107,0
20260105,492,216268,107,0
20260105,493,202921,107,0
20260105,494,260539,107,0
20260105,495,244087,107,0
20260105,496,231625,106,0
20260105,497,222276,106,0
20260105,498,260913,105,0
20260105,499,236967,105,0
20260105,500,215802,105,0
20260105,501,222891,105,0
20260105,502,220502,104,0
20260105,503,216579,104,0
20260105,504,222458,104,0
20260105,505,215971,104,0
20260105,506,252488,103,0
20260105,507,245077,102,0
20260105,508,214653,102,0
20260105,509,216324,102,0
20260105,510,214741,101,0
20260105,511,213998,100,0
20260105,512,259916,100,0
20260105,513,260951,100,0
20260105,514,202536,99,0
20260105,515,260647,99,0
20260105,516,216331,99,0
20260105,517,221229,99,0
20260105,518,222369,98,0
20260105,519,222859,98,0
20260105,520,264967,98,0
20260105,521,222273,98,0
20260105,522,214505,98,0
20260105,523,201520,97,0
20260105,524,259591,97,0
20260105,525,266376,97,0
20260105,526,259690,96,0
20260105,527,216075,96,0
20260105,528,256712,96,0
20260105,529,201554,95,0
20260105,530,222837,95,0
20260105,531,211809,95,0
20260105,532,220351,95,0
20260105,533,214935,95,0
20260105,534,211668,94,0
20260105,535,211328,94,0
20260105,536,220164,94,0
20260105,537,221657,94,0
20260105,538,216076,93,0
20260105,539,214238,92,0
20260105,540,216007,92,0
20260105,541,264227,91,0
20260105,542,213947,91,0
20260105,543,214271,91,0
20260105,544,216062,90,0
20260105,545,267420,90,0
20260105,546,216173,90,0
20260105,547,261049,89,0
20260105,548,260142,89,0
20260105,549,221109,89,0
20260105,550,215398,88,0
20260105,551,270058,88,0
20260105,552,230882,88,0
20260105,553,260565,88,0
20260105,554,220946,88,0
20260105,555,259820,87,0
20260105,556,222986,87,0
20260105,557,263881,86,0
20260105,558,220429,86,0
20260105,559,219892,86,0
20260105,560,203500,85,0
20260105,561,222454,85,0
20260105,562,241717,85,0
20260105,563,221982,85,0
20260105,564,247647,84,0
20260105,565,263853,84,0
20260105,566,216044,84,0
20260105,567,260514,84,0
20260105,568,221834,84,0
20260105,569,260613,84,0
20260105,570,221959,84,0
20260105,571,259913,83,0
20260105,572,211222,82,0
20260105,573,202619,82,0
20260105,574,222347,82,0
20260105,575,266469,81,0
20260105,576,260296,81,0
20260105,577,206102,81,0
20260105,578,214319,81,0
20260105,579,257874,81,0
20260105,580,260737,81,0
20260105,581,264144,81,0
20260105,582,200748,80,0
20260105,583,254748,80,0
20260105,584,265197,80,0
20260105,585,221141,80,0
20260105,586,260490,79,0
20260105,587,215832,78,0
20260105,588,267882,78,0
20260105,589,215806,78,0
20260105,590,261015,78,0
20260105,591,239393,78,0
20260105,592,221914,78,0
20260105,593,214212,78,0
20260105,594,264064,77,0
20260105,595,211269,77,0
20260105,596,213772,77,0
20260105,597,210138,77,0
20260105,598,221116,77,0
20260105,599,202454,77,0
20260105,600,206248,77,0
20260105,601,223203,76,0
20260105,602,266800,76,0
20260105,603,220550,76,0
20260105,604,221454,76,0
20260105,605,215909,76,0
20260105,606,220496,75,0
20260105,607,221473,75,0
20260105,608,214868,75,0
20260105,609,269755,75,0
20260105,610,214909,75,0
20260105,611,222390,75,0
20260105,612,215472,75,0
20260105,613,260966,74,0
20260105,614,222878,74,0
20260105,615,216587,74,0
20260105,616,221157,74,0
20260105,617,260445,74,0
20260105,618,221886,74,0
20260105,619,214540,74,0
20260105,620,228909,74,0
20260105,621,261071,74,0
20260105,622,214007,74,0
20260105,623,216051,73,0
20260105,624,214091,73,0
20260105,625,215163,73,0
20260105,626,222481,73,0
20260105,627,210526,73,0
20260105,628,220827,73,0
20260105,629,264192,72,0
20260105,630,233747,72,0
20260105,631,201506,71,0
20260105,632,239386,71,0
20260105,633,265701,71,0
20260105,634,266901,71,0
20260105,635,221497,71,0
20260105,636,215013,71,0
20260105,637,203575,70,0
20260105,638,221952,70,0
20260105,639,260708,70,0
20260105,640,211951,69,0
20260105,641,221062,69,0
20260105,642,210537,69,0
20260105,643,266722,68,0
20260105,644,213896,68,0
20260105,645,260446,68,0
20260105,646,230880,68,0
20260105,647,206075,67,0
20260105,648,234474,67,0
20260105,649,260339,67,0
20260105,650,204309,67,0
20260105,651,259567,67,0
20260105,652,267382,66,0
20260105,653,266771,66,0
20260105,654,222037,66,0
20260105,655,263872,65,0
20260105,656,213672,65,0
20260105,657,206406,65,0
20260105,658,201329,65,0
20260105,659,222223,65,0
20260105,660,220392,65,0
20260105,661,241714,65,0
20260105,662,214872,64,0
20260105,663,252571,64,0
20260105,664,266937,64,0
20260105,665,204294,64,0
20260105,666,225858,64,0
20260105,667,266864,64,0
20260105,668,260787,63,0
20260105,669,220597,63,0
20260105,670,245094,63,0
20260105,671,259754,63,0
20260105,672,260766,63,0
20260105,673,263869,62,0
20260105,674,215545,62,0
20260105,675,236980,62,0
20260105,676,203591,61,0
20260105,677,221465,61,0
20260105,678,202430,61,0
20260105,679,260254,61,0
20260105,680,221165,61,0
20260105,681,261038,59,0
20260105,682,213739,59,0
20260105,683,266448,59,0
20260105,684,215151,58,0
20260105,685,260225,58,0
20260105,686,266431,58,0
20260105,687,221003,58,0
20260105,688,223120,57,0
20260105,689,215778,57,0
20260105,690,202580,56,0
20260105,691,206335,56,0
20260105,692,263909,56,0
20260105,693,259575,56,0
20260105,694,211719,56,0
20260105,695,220891,56,0
20260105,696,203354,55,0
20260105,697,222296,55,0
20260105,698,216038,55,0
20260105,699,214020,55,0
20260105,700,260167,55,0
20260105,701,260847,55,0
20260105,702,264130,55,0
20260105,703,254765,55,0
20260105,704,220740,55,0
20260105,705,220053,55,0
20260105,706,213551,55,0
20260105,707,258191,55,0
20260105,708,220672,55,0
20260105,709,215019,54,0
20260105,710,252531,54,0
20260105,711,215707,54,0
20260105,712,221370,54,0
20260105,713,260141,54,0
20260105,714,269714,53,0
20260105,715,222346,53,0
20260105,716,252509,53,0
20260105,717,216180,53,0
20260105,718,211260,52,0
20260105,719,266682,52,0
20260105,720,222184,52,0
20260105,721,216186,52,0
20260105,722,260368,52,0
20260105,723,235161,52,0
20260105,724,215921,52,0
20260105,725,260694,52,0
20260105,726,222667,52,0
20260105,727,260101,51,0
20260105,728,202464,51,0
20260105,729,220578,51,0
20260105,730,214877,51,0
20260105,731,215134,51,0
20260105,732,270076,51,0
20260105,733,215697,51,0
20260105,734,221139,51,0
20260105,735,239158,51,0
20260105,736,221210,50,0
20260105,737,264205,50,0
20260105,738,225854,50,0
20260105,739,214713,50,0
20260105,740,221192,50,0
20260105,741,233718,50,0
20260105,742,239422,50,0
20260105,743,261097,50,0
20260105,744,201518,49,0
20260105,745,216262,49,0
20260105,746,221994,49,0
20260105,747,213976,49,0
20260105,748,269870,49,0
20260105,749,220497,49,0
20260105,750,265692,49,0
20260105,751,265688,48,0
20260105,752,263941,48,0
20260105,753,216316,48,0
20260105,754,260214,48,0
20260105,755,215505,48,0
20260105,756,220645,48,0
20260105,757,216078,47,0
20260105,758,260226,47,0
20260105,759,266488,47,0
20260105,760,220453,47,0
20260105,761,270061,47,0
20260105,762,220614,47,0
20260105,763,216013,47,0
20260105,764,221474,47,0
20260105,765,220493,47,0
20260105,766,260848,46,0
20260105,767,220684,46,0
20260105,768,221903,46,0
20260105,769,222396,46,0
20260105,770,239387,46,0
20260105,771,260273,46,0
20260105,772,260762,46,0
20260105,773,221864,46,0
20260105,774,266642,46,0
20260105,775,264207,46,0
20260105,776,267428,45,0
20260105,777,215693,45,0
20260105,778,220997,45,0
20260105,779,260042,45,0
20260105,780,237454,45,0
20260105,781,252535,45,0
20260105,782,214405,44,0
20260105,783,214696,44,0
20260105,784,270080,44,0
20260105,785,222299,44,0
20260105,786,221568,44,0
20260105,787,221469,43,0
20260105,788,215879,43,0
20260105,789,221746,43,0
20260105,790,210158,43,0
20260105,791,223402,43,0
20260105,792,214535,42,0
20260105,793,202672,42,0
20260105,794,260638,42,0
20260105,795,216256,42,0
20260105,796,220713,41,0
20260105,797,222255,41,0
20260105,798,223373,41,0
20260105,799,222330,41,0
20260105,800,201481,41,0
20260105,801,211544,41,0
20260105,802,221773,41,0
20260105,803,222305,41,0
20260105,804,215096,40,0
20260105,805,266529,40,0
20260105,806,203509,40,0
20260105,807,202693,39,0
20260105,808,267176,39,0
20260105,809,211541,39,0
20260105,810,214934,39,0
20260105,811,219979,39,0
20260105,812,260582,39,0
20260105,813,239454,39,0
20260105,814,259104,38,0
20260105,815,203533,38,0
20260105,816,259858,38,0
20260105,817,260277,38,0
20260105,818,220491,38,0
20260105,819,260032,38,0
20260105,820,267651,38,0
20260105,821,266381,37,0
20260105,822,206219,37,0
20260105,823,204223,37,0
20260105,824,230876,37,0
20260105,825,266851,37,0
20260105,826,221195,37,0
20260105,827,202446,36,0
20260105,828,213721,36,0
20260105,829,260845,36,0
20260105,830,263626,36,0
20260105,831,264973,36,0
20260105,832,220591,36,0
20260105,833,260612,36,0
20260105,834,220494,36,0
20260105,835,215966,36,0
20260105,836,211864,35,0
20260105,837,222000,35,0
20260105,838,203537,35,0
20260105,839,223326,35,0
20260105,840,258192,35,0
20260105,841,223418,35,0
20260105,842,216158,35,0
20260105,843,220642,35,0
20260105,844,266758,35,0
20260105,845,201582,34,0
20260105,846,264961,34,0
20260105,847,270082,34,0
20260105,848,239446,34,0
20260105,849,222262,34,0
20260105,850,215015,34,0
20260105,851,214901,34,0
20260105,852,228910,34,0
20260105,853,222668,34,0
20260105,854,263974,33,0
20260105,855,266407,33,0
20260105,856,264167,33,0
20260105,857,223421,33,0
20260105,858,215440,33,0
20260105,859,264978,33,0
20260105,860,206336,33,0
20260105,861,222856,32,0
20260105,862,253681,32,0
20260105,863,220825,32,0
20260105,864,264085,32,0
20260105,865,211511,32,0
20260105,866,267400,32,0
20260105,867,211921,32,0
20260105,868,202639,32,0
20260105,869,210672,32,0
20260105,870,216107,32,0
20260105,871,260062,32,0
20260105,872,234481,32,0
20260105,873,222294,32,0
20260105,874,266455,31,0
20260105,875,264131,31,0
20260105,876,221173,31,0
20260105,877,221585,31,0
20260105,878,267104,30,0
20260105,879,269866,30,0
20260105,880,263148,30,0
20260105,881,202669,30,0
20260105,882,260767,30,0
20260105,883,221219,30,0
20260105,884,260279,30,0
20260105,885,261957,29,0
20260105,886,268770,29,0
20260105,887,222367,29,0
20260105,888,214605,29,0
20260105,889,239453,29,0
20260105,890,259965,29,0
20260105,891,204434,28,0
20260105,892,263995,28,0
20260105,893,202453,28,0
20260105,894,214800,28,0
20260105,895,221509,28,0
20260105,896,266509,28,0
20260105,897,263980,28,0
20260105,898,221741,28,0
20260105,899,260860,28,0
20260105,900,235160,28,0
20260105,901,260528,28,0
20260105,902,210645,28,0
20260105,903,221203,28,0
20260105,904,222137,27,0
20260105,905,263677,27,0
20260105,906,210337,27,0
20260105,907,260017,27,0
20260105,908,221468,27,0
20260105,909,220470,27,0
20260105,910,255662,27,0
20260105,911,263801,27,0
20260105,912,223146,27,0
20260105,913,259996,26,0
20260105,914,220690,26,0
20260105,915,256686,26,0
20260105,916,220695,26,0
20260105,917,222421,26,0
20260105,918,270078,26,0
20260105,919,221055,26,0
20260105,920,260003,26,0
20260105,921,214519,26,0
20260105,922,269717,25,0
20260105,923,267115,25,0
20260105,924,213830,25,0
20260105,925,259762,25,0
20260105,926,221440,25,0
20260105,927,260374,25,0
20260105,928,213948,25,0
20260105,929,219983,25,0
20260105,930,260100,25,0
20260105,931,245079,25,0
20260105,932,215177,25,0
20260105,933,241745,25,0
20260105,934,201540,24,0
20260105,935,223371,24,0
20260105,936,213775,24,0
20260105,937,223080,24,0
20260105,938,215002,24,0
20260105,939,267422,24,0
20260105,940,213584,24,0
20260105,941,266533,24,0
20260105,942,264029,24,0
20260105,943,260433,24,0
20260105,944,221542,24,0
20260105,945,202596,23,0
20260105,946,210913,23,0
20260105,947,212043,23,0
20260105,948,206060,23,0
20260105,949,225850,23,0
20260105,950,215970,23,0
20260105,951,263751,23,0
20260105,952,214771,23,0
20260105,953,221413,23,0
20260105,954,267409,23,0
20260105,955,220492,23,0
20260105,956,267841,23,0
20260105,957,215492,23,0
20260105,958,246518,23,0
20260105,959,239102,22,0
20260105,960,221150,22,0
20260105,961,222225,22,0
20260105,962,266645,22,0
20260105,963,260150,22,0
20260105,964,263622,22,0
20260105,965,221221,22,0
20260105,966,265040,22,0
20260105,967,264069,22,0
20260105,968,252586,22,0
20260105,969,215372,22,0
20260105,970,253679,22,0
20260105,971,219331,22,0
20260105,972,239160,22,0
20260105,973,205815,21,0
20260105,974,221410,21,0
20260105,975,222762,21,0
20260105,976,215795,21,0
20260105,977,223375,21,0
20260105,978,221624,21,0
20260105,979,267022,21,0
20260105,980,264150,21,0
20260105,981,222028,21,0
20260105,982,270165,21,0
20260105,983,239478,21,0
20260105,984,223163,21,0
20260105,985,264216,21,0
20260105,986,269253,20,0
20260105,987,259854,20,0
20260105,988,213541,20,0
20260105,989,221069,20,0
20260105,990,202858,20,0
20260105,991,214182,20,0
20260105,992,266379,20,0
20260105,993,216311,20,0
20260105,994,267387,20,0
20260105,995,222032,20,0
20260105,996,267431,20,0
20260105,997,260261,20,0
20260105,998,265207,19,0
20260105,999,239390,19,0
20260105,1000,223160,19,0
20260112,1,214544,10990,20
20260112,2,216347,8328,20
20260112,3,221103,6423,20
20260112,4,216153,6320,21
20260112,5,214981,5850,23
20260112,6,202468,5453,23
20260112,7,211148,4267,19
20260112,8,259799,4232,19
20260112,9,201619,4003,19
20260112,10,202505,3512,20
20260112,11,206420,3375,25
20260112,12,202494,2856,17
20260112,13,222328,2641,24
20260112,14,220704,2530,23
20260112,15,215613,2467,24
20260112,16,211768,2366,19
20260112,17,239475,2157,22
20260112,18,214643,2122,22
20260112,19,214096,2083,17
20260112,20,216146,1983,19
20260112,21,210722,1956,23
20260112,22,220367,1821,26
20260112,23,223670,1818,25
20260112,24,211533,1741,20
20260112,25,221012,1728,15
20260112,26,211651,1675,17
20260112,27,215035,1610,22
20260112,28,213550,1567,25
20260112,29,221054,1563,23
20260112,30,260300,1520,21
20260112,31,206368,1517,21
20260112,32,233741,1490,28
20260112,33,214939,1483,22
20260112,34,214954,1386,15
20260112,35,222391,1351,21
20260112,36,220520,1335,25
20260112,37,211713,1324,25
20260112,38,215983,1316,25
20260112,39,220332,1303,23
20260112,40,222601,1262,23
20260112,41,201514,1249,23
20260112,42,213583,1229,33
20260112,43,216133,1194,24
20260112,44,201499,1185,18
20260112,45,213631,1184,22
20260112,46,211701,1172,24
20260112,47,201696,1171,19
20260112,48,214082,1168,22
20260112,49,223253,1159,28
20260112,50,215306,1149,27
20260112,51,213710,1134,28
20260112,52,206289,1133,26
20260112,53,202663,1113,24
20260112,54,215713,1103,21
20260112,55,206252,1080,14
20260112,56,222145,1075,23
20260112,57,211684,1073,24
20260112,58,221039,1070,31
20260112,59,206242,1052,23
20260112,60,238184,1036,17
20260112,61,221909,1026,23
20260112,62,215020,1016,27
20260112,63,222661,1004,21
20260112,64,221333,1001,22
20260112,65,203389,995,17
20260112,66,221024,979,25
20260112,67,220548,958,20
20260112,68,215337,957,21
20260112,69,215936,951,23
20260112,70,202499,935,22
20260112,71,222045,925,26
20260112,72,211685,914,26
20260112,73,201533,899,20
20260112,74,219875,887,26
20260112,75,214388,877,28
20260112,76,201548,851,26
20260112,77,238075,851,27
20260112,78,230870,850,26
20260112,79,211817,849,21
20260112,80,220714,849,28
20260112,81,203530,841,22
20260112,82,215785,840,23
20260112,83,216083,836,24
20260112,84,213887,832,28
20260112,85,215138,825,25
20260112,86,215899,824,27
20260112,87,220416,822,29
20260112,88,239383,821,22
20260112,89,215910,819,34
20260112,90,220716,804,27
20260112,91,215872,802,32
20260112,92,211814,799,30
20260112,93,213646,789,27
20260112,94,220465,783,26
20260112,95,215480,780,28
20260112,96,221985,779,32
20260112,97,215219,770,21
20260112,98,221407,766,25
20260112,99,220662,765,28
20260112,100,219917,760,32
20260112,101,206417,760,33
20260112,102,205925,755,25
20260112,103,220435,742,33
20260112,104,221257,742,33
20260112,105,201709,741,27
20260112,106,214459,728,30
20260112,107,214040,726,29
20260112,108,202460,725,13
20260112,109,210886,715,30
20260112,110,263857,701,32
20260112,111,214452,696,27
20260112,112,220309,694,27
20260112,113,211107,684,24
20260112,114,223286,666,30
20260112,115,214119,659,25
20260112,116,203501,652,14
20260112,117,220466,645,20
20260112,118,239456,640,26
20260112,119,221883,634,30
20260112,120,213525,623,18
20260112,121,211880,620,23
20260112,122,220348,615,24
20260112,123,213889,591,20
20260112,124,211337,590,32
20260112,125,243420,582,29
20260112,126,223360,582,21
20260112,127,222233,565,21
20260112,128,202600,557,25
20260112,129,259733,553,25
20260112,130,206294,552,24
20260112,131,222290,549,28
20260112,132,222258,548,24
20260112,133,201551,541,34
20260112,134,221626,538,21
20260112,135,203514,537,28
20260112,136,220750,526,26
20260112,137,236957,523,29
20260112,138,221237,523,28
20260112,139,214593,518,29
20260112,140,221124,514,27
20260112,141,220742,509,31
20260112,142,221307,509,14
20260112,143,223321,506,26
20260112,144,222966,504,23
20260112,145,216081,503,23
20260112,146,201478,498,36
20260112,147,201593,496,12
20260112,148,201458,495,11
20260112,149,220589,491,16
20260112,150,221236,490,26
20260112,151,214461,477,22
20260112,152,215992,471,29
20260112,153,213576,464,25
20260112,154,260172,464,13
20260112,155,263644,463,16
20260112,156,204431,455,23
20260112,157,206292,451,28
20260112,158,214604,447,29
20260112,159,223325,447,21
20260112,160,202604,445,32
20260112,161,223331,440,18
20260112,162,221406,436,28
20260112,163,202684,430,18
20260112,164,215572,430,22
20260112,165,211316,424,30
20260112,166,256684,422,21
20260112,167,213666,418,27
20260112,168,202493,417,30
20260112,169,211279,410,23
20260112,170,211095,406,20
20260112,171,216265,405,28
20260112,172,215250,403,22
20260112,173,236955,403,23
20260112,174,220733,401,23
20260112,175,213873,398,31
20260112,176,267439,397,21
20260112,177,211635,396,31
20260112,178,211843,393,17
20260112,179,215062,389,22
20260112,180,220699,387,23
20260112,181,216097,387,26
20260112,182,210622,387,28
20260112,183,216016,386,17
20260112,184,215571,386,29
20260112,185,201545,383,15
20260112,186,223335,383,22
20260112,187,220454,380,24
20260112,188,213544,379,19
20260112,189,239389,377,26
20260112,190,214262,373,25
20260112,191,204419,373,22
20260112,192,222017,368,26
20260112,193,214254,368,28
20260112,194,238064,366,20
20260112,195,216566,366,15
20260112,196,201611,365,15
20260112,197,214480,364,31
20260112,198,239436,363,31
20260112,199,201606,361,20
20260112,200,206007,360,33
20260112,1001,270195,19,3
20260112,1002,260297,19,4
20260112,1003,222202,19,5
20260112,1004,221025,19,5
20260112,1005,215647,19,6
20260112,1006,270129,19,6
20260112,1007,214784,19,7
20260112,1008,259907,19,8
20260112,1009,221148,19,8
20260112,1010,261098,19,9
20260112,1011,220276,19,9
20260112,1012,249659,19,10
20260112,1013,214453,18,8
20260112,1014,264180,18,8
20260112,1015,215696,18,11
20260112,1016,264975,18,2
20260112,1017,223160,18,2
20260112,1018,260306,18,3
20260112,1019,221371,18,3
20260112,1020,259576,18,4
20260112,1021,270159,18,4
20260112,1022,264140,18,4
20260112,1022,220391,18,4
20260112,1024,261066,18,5
20260112,1025,266720,18,6
20260112,1026,266765,18,6
20260112,1027,223411,18,7
20260112,1028,215372,18,8
20260112,1029,221736,18,8
20260112,1030,215616,18,9
20260112,1031,221055,18,9
20260112,1032,259105,18,10
20260112,1033,260556,18,11
20260112,1034,211043,17,9
20260112,1035,269710,17,2
20260112,1035,211021,17,2
20260112,1037,270181,17,3
20260112,1038,252584,17,6
20260112,1039,270125,17,6
20260112,1040,224485,17,6
20260112,1041,215236,17,7
20260112,1042,215926,17,7
20260112,1043,222602,17,7
20260112,1044,221269,17,8
20260112,1045,222177,17,9
20260112,1046,214398,17,9
20260112,1047,221740,17,9
20260112,1047,260085,17,9
20260112,1049,215712,17,10
20260112,1050,223308,17,11
20260112,1051,260580,16,3
20260112,1052,201662,16,3
20260112,1053,201539,16,7
20260112,1054,246476,16,9
20260112,1055,259713,16,6
20260112,1056,221915,16,8
20260112,1057,270322,16,2
20260112,1057,260842,16,2
20260112,1057,221862,16,2
20260112,1060,263687,16,5
20260112,1061,202916,16,5
20260112,1062,239474,16,5
20260112,1062,223404,16,5
20260112,1064,266523,16,5
20260112,1065,220286,16,7
20260112,1066,223284,16,8
20260112,1067,202387,16,8
20260112,1068,214277,16,8
20260112,1069,266659,16,10
20260112,1069,219444,16,10
20260112,1071,270262,15,1
20260112,1072,259989,15,4
20260112,1073,270100,15,4
20260112,1074,220297,15,8
20260112,1075,205964,15,1
20260112,1075,269275,15,1
20260112,1077,267534,15,2
20260112,1078,260888,15,3
20260112,1079,270091,15,4
20260112,1079,214297,15,4
20260112,1081,220875,15,5
20260112,1082,260604,15,5
20260112,1083,260871,15,5
20260112,1084,259797,15,5
20260112,1085,252519,15,6
20260112,1086,267387,15,6
20260112,1087,269864,15,6
20260112,1088,220564,15,6
20260112,1089,220551,15,6
20260112,1090,239477,15,6
20260112,1091,222239,15,7
20260112,1092,215805,15,7
20260112,1093,220689,15,7
20260112,1094,222376,15,8
20260112,1094,259113,15,8
20260112,1094,260323,15,8
20260112,1097,201585,14,5
20260112,1098,211285,14,8
20260112,1099,269259,14,3
20260112,1100,260711,14,4
20260112,1101,216225,14,6
20260112,1102,261964,14,7
20260112,1103,205562,14,7
20260112,1104,221013,14,9
20260112,1105,270019,14,3
20260112,1106,220266,14,4
20260112,1107,262883,14,4
20260112,1108,220436,14,5
20260112,1108,241715,14,5
20260112,1110,260717,14,6
20260112,1111,221310,14,6
20260112,1112,261968,14,6
20260112,1113,211208,14,6
20260112,1114,264505,14,7
20260112,1115,237465,14,7
20260112,1115,239449,14,7
20260112,1117,222734,14,8
20260112,1118,263889,14,8
20260112,1119,220048,14,8
20260112,1120,266549,14,12
20260112,1121,201318,13,1
20260112,1122,221441,13,5
20260112,1123,264962,13,6
20260112,1124,202478,13,7
20260112,1125,240996,13,5
20260112,1126,261133,13,6
20260112,1127,246484,13,7
20260112,1128,211407,13,2
20260112,1129,261278,13,2
20260112,1129,267920,13,2
20260112,1131,261008,13,3
20260112,1132,214746,13,3
20260112,1133,214577,13,3
20260112,1134,267848,13,3
20260112,1135,264510,13,4
20260112,1136,266629,13,4
20260112,1137,264280,13,4
20260112,1138,259590,13,5
20260112,1139,260777,13,5
20260112,1140,267425,13,6
20260112,1141,259914,13,6
20260112,1142,222895,13,6
20260112,1143,244079,13,7
20260112,1143,203370,13,7
20260112,1145,269801,13,7
20260112,1146,270065,13,7
20260112,1147,268772,13,8
20260112,1147,261132,13,8
20260112,1149,259981,13,8
20260112,1150,216381,13,11
20260112,1151,215721,12,6
20260112,1152,260914,12,6
20260112,1153,215937,12,6
20260112,1154,212034,12,8
20260112,1155,206205,12,10
20260112,1156,221688,12,1
20260112,1157,223159,12,2
20260112,1158,269838,12,2
20260112,1159,216287,12,2
20260112,1159,267180,12,2
20260112,1159,270320,12,2
20260112,1162,260631,12,3
20260112,1162,260926,12,3
20260112,1162,270132,12,3
20260112,1165,223398,12,3
20260112,1166,201431,12,3
20260112,1167,260693,12,3
20260112,1167,222509,12,3
20260112,1167,214019,12,3
20260112,1170,260398,12,4
20260112,1171,269734,12,4
20260112,1172,215353,12,5
20260112,1172,264107,12,5
20260112,1174,214460,12,5
20260112,1175,265713,12,6
20260112,1175,221377,12,6
20260112,1177,220887,12,6
20260112,1178,216315,12,6
20260112,1179,222748,12,7
20260112,1180,264226,12,8
20260112,1180,221771,12,8
20260112,1182,266409,12,8
20260112,1183,221933,11,7
20260112,1184,211592,11,7
20260112,1185,260827,11,1
20260112,1186,260865,11,3
20260112,1187,265628,11,3
20260112,1188,264971,11,4
20260112,1189,269772,11,4
20260112,1189,263646,11,4
20260112,1191,214450,11,4
20260112,1192,215085,11,4
20260112,1193,270274,11,4
20260112,1194,221913,11,5
20260112,1194,221375,11,5
20260112,1196,265020,11,5
20260112,1197,219872,11,5
20260112,1198,266374,11,6
20260112,1199,223389,11,7
20260112,1200,221158,11,7
20260112,1200,269254,11,7
20260112,1200,260224,11,7
20260112,1200,259998,11,7
20260112,1200,267932,11,7
20260112,1205,260400,11,8
20260112,1205,239126,11,8
20260112,1207,263676,11,8
20260112,1208,220563,11,10
20260112,1209,206408,10,1
20260112,1210,256710,10,5
20260112,1211,215735,10,5
20260112,1212,259739,10,5
20260112,1213,261082,10,6
20260112,1214,210500,10,1
20260112,1214,234490,10,1
20260112,1216,238209,10,2
20260112,1217,214503,10,3
20260112,1217,263858,10,3
20260112,1217,266476,10,3
20260112,1220,214860,10,3
20260112,1221,233725,10,3
20260112,1221,266819,10,3
20260112,1223,215467,10,4
20260112,1224,263940,10,4
20260112,1225,257867,10,4
20260112,1226,252582,10,5
20260112,1226,260622,10,5
20260112,1226,267734,10,5
20260112,1226,269835,10,5
20260112,1226,222215,10,5
20260112,1231,215854,10,5
20260112,1231,267441,10,5
20260112,1233,222158,10,5
20260112,1234,201691,10,6
20260112,1235,214974,10,6
20260112,1235,260984,10,6
20260112,1235,223198,10,6
20260112,1235,222213,10,6
20260112,1235,263905,10,6
20260112,1235,261021,10,6
20260112,1235,223153,10,6
20260112,1242,266795,10,6
20260112,1243,222318,10,7
20260112,1244,221258,10,8
20260112,1244,260378,10,8
20260112,1246,216405,10,8
20260112,1247,263775,9,6
20260112,1248,211779,9,6
20260112,1249,224482,9,3
20260112,1250,270047,9,3
20260112,1251,238068,9,4
20260112,1251,263625,9,4
20260112,1251,266543,9,4
20260112,1254,266467,9,5
20260112,1254,260583,9,5
20260112,1254,259769,9,5
20260112,1254,221463,9,5
20260112,1258,205492,9,5
20260112,1259,223397,9,5
20260112,1259,261094,9,5
20260112,1261,220512,9,5
20260112,1262,215161,9,6
20260112,1263,267435,9,6
20260112,1263,266532,9,6
20260112,1263,239484,9,6
20260112,1266,222613,9,7
20260112,1266,264966,9,7
20260112,1266,236968,9,7
20260112,1266,260828,9,7
20260112,1266,225861,9,7
20260112,1271,221315,9,7
20260112,1272,260774,9,8
20260112,1273,221197,9,9
20260112,1274,264151,8,3
20260112,1275,267545,8,3
20260112,1276,263808,8,8
20260112,1277,270072,8,3
20260112,1277,222377,8,3
20260112,1277,219874,8,3
20260112,1280,206402,8,3
20260112,1281,215189,8,3
20260112,1282,264063,8,3
20260112,1283,222847,8,4
20260112,1283,221030,8,4
20260112,1283,263890,8,4
20260112,1283,264274,8,4
20260112,1283,223435,8,4
20260112,1288,219754,8,4
20260112,1288,215174,8,4
20260112,1288,221371,8,4
20260112,1288,260122,8,4
20260112,1292,211600,8,5
20260112,1293,267723,8,5
20260112,1293,220633,8,5
20260112,1293,267722,8,5
20260112,1296,221524,8,6
20260112,1296,269906,8,6
20260112,1296,257881,8,6
20260112,1296,261104,8,6
20260112,1296,237467,8,6
20260112,1296,260957,8,6
20260112,1302,241735,8,8
20260112,1302,252494,8,8
20260112,1304,202440,7,4
20260112,1305,263978,7,5
20260112,1306,266686,7,3
20260112,1306,215956,7,3
20260112,1306,260674,7,3
20260112,1306,260137,7,3
20260112,1306,270194,7,3
20260112,1306,264275,7,3
20260112,1306,266406,7,3
20260112,1306,259579,7,3
20260112,1306,221248,7,3
20260112,1306,267473,7,3
20260112,1316,270281,7,3
20260112,1317,264215,7,3
20260112,1317,260091,7,3
20260112,1317,222061,7,3
20260112,1317,220356,7,3
20260112,1317,221044,7,3
20260112,1322,260204,7,4
20260112,1322,219697,7,4
20260112,1324,220289,7,4
20260112,1324,270186,7,4
20260112,1326,221083,7,5
20260112,1326,246485,7,5
20260112,1326,220394,7,5
20260112,1326,230120,7,5
20260112,1326,260742,7,5
20260112,1326,268778,7,5
20260112,1326,260881,7,5
20260112,1326,222274,7,5
20260112,1326,267462,7,5
20260112,1335,260993,7,5
20260112,1335,259964,7,5
20260112,1335,260185,7,5
20260112,1338,216156,7,6
20260112,1339,265195,7,7
20260112,1339,238071,7,7
20260112,1339,216140,7,7
20260112,1339,260715,7,7
20260112,1343,264242,6,4
20260112,1344,264986,6,6
20260112,1345,215043,6,4
20260112,1346,256711,6,5
20260112,1347,260455,6,3
20260112,1348,259895,6,3
20260112,1348,263766,6,3
20260112,1348,259608,6,3
20260112,1348,222637,6,3
20260112,1348,266541,6,3
20260112,1348,223356,6,3
20260112,1354,222309,6,4
20260112,1354,222623,6,4
20260112,1354,260653,6,4
20260112,1354,263701,6,4
20260112,1354,267465,6,4
20260112,1354,267424,6,4
20260112,1354,260792,6,4
20260112,1354,270115,6,4
20260112,1354,266492,6,4
20260112,1354,205789,6,4
20260112,1354,260373,6,4
20260112,1354,216073,6,4
20260112,1354,267927,6,4
20260112,1354,260962,6,4
20260112,1354,222845,6,4
20260112,1354,263717,6,4
20260112,1354,221515,6,4
20260112,1354,260503,6,4
20260112,1354,214048,6,4
20260112,1354,216092,6,4
20260112,1354,220772,6,4
20260112,1375,266763,6,4
20260112,1376,206161,6,5
20260112,1376,222161,6,5
20260112,1376,223006,6,5
20260112,1376,222095,6,5
20260112,1380,215222,6,6
20260112,1380,222520,6,6
20260112,1380,267408,6,6
20260112,1380,220071,6,6
20260112,1380,237481,6,6
20260112,1385,201527,5,3
20260112,1386,269948,5,4
20260112,1387,270350,5,3
20260112,1387,202443,5,3
20260112,1389,259719,5,4
20260112,1389,260867,5,4
20260112,1391,220422,5,5
20260112,1392,263962,5,3
20260112,1392,267671,5,3
20260112,1392,231641,5,3
20260112,1392,266713,5,3
20260112,1392,266372,5,3
20260112,1392,241022,5,3
20260112,1392,221963,5,3
20260112,1392,246489,5,3
20260112,1392,245076,5,3
20260112,1392,264198,5,3
20260112,1392,260066,5,3
20260112,1392,266781,5,3
20260112,1392,223452,5,3
20260112,1392,239172,5,3
20260112,1392,256682,5,3
20260112,1392,260974,5,3
20260112,1392,201672,5,3
20260112,1392,270164,5,3
20260112,1392,263706,5,3
20260112,1392,267748,5,3
20260112,1392,259887,5,3
20260112,1392,259779,5,3
20260112,1392,233729,5,3
20260112,1392,267453,5,3
20260112,1392,258195,5,3
20260112,1417,202424,5,3
20260112,1418,264252,5,4
20260112,1418,263809,5,4
20260112,1418,223352,5,4
20260112,1418,269872,5,4
20260112,1418,221346,5,4
20260112,1418,230121,5,4
20260112,1418,260464,5,4
20260112,1425,215430,5,5
20260112,1425,267449,5,5
20260112,1425,222180,5,5
20260112,1425,264229,5,5
20260112,1425,238205,5,5
20260112,1425,259569,5,5
20260112,1425,252565,5,5
20260112,1425,260779,5,5
20260112,1425,269757,5,5
20260112,1425,220469,5,5
20260112,1425,260709,5,5
20260112,1436,201399,4,3
20260112,1437,267744,4,4
20260112,1437,221988,4,4
20260112,1437,265610,4,4
20260112,1440,261129,4,3
20260112,1440,254770,4,3
20260112,1440,270154,4,3
20260112,1440,211796,4,3
20260112,1440,270046,4,3
20260112,1440,263818,4,3
20260112,1440,260178,4,3
20260112,1440,221222,4,3
20260112,1440,234236,4,3
20260112,1440,223268,4,3
20260112,1440,267083,4,3
20260112,1451,260479,4,4
20260112,1451,267695,4,4
20260112,1451,266700,4,4
20260112,1451,264243,4,4
20260112,1451,264114,4,4
20260112,1451,269773,4,4
20260112,1451,234223,4,4
20260112,1451,242450,4,4
20260112,1451,221127,4,4
20260112,1451,263838,4,4
20260112,1451,220790,4,4
20260112,1451,246480,4,4
20260112,1451,264998,4,4
20260112,1451,241018,4,4
20260112,1451,269753,4,4
20260112,1451,259614,4,4
20260112,1451,255666,4,4
20260112,1451,260723,4,4
20260112,1451,267732,4,4
20260112,1451,270133,4,4
20260112,1451,221520,4,4
20260112,1451,252487,4,4
20260112,1451,223071,4,4
20260112,1451,241003,4,4
20260112,1451,266593,4,4
20260112,1451,220934,4,4
20260112,1477,213596,3,3
20260112,1478,261029,3,3
20260112,1478,264086,3,3
20260112,1480,240163,3,3
20260112,1480,266892,3,3
20260112,1482,233745,3,3
20260112,1482,221207,3,3
20260112,1482,264139,3,3
20260112,1482,269769,3,3
20260112,1482,213827,3,3
20260112,1482,267937,3,3
20260112,1482,259990,3,3
20260112,1482,270066,3,3
20260112,1482,234506,3,3
20260112,1482,266463,3,3
20260112,1482,264138,3,3
20260112,1482,269937,3,3
20260112,1482,269775,3,3
20260112,1482,234247,3,3
20260112,1482,216198,3,3
20260112,1482,221979,3,3
20260112,1482,260393,3,3
20260112,1482,244077,3,3
20260112,1482,260238,3,3
20260112,1482,266714,3,3
20260112,1482,270258,3,3
20260112,1482,260443,3,3
20260112,1482,261092,3,3
20260112,1482,267493,3,3
20260112,1482,264270,3,3
20260112,1482,235155,3,3
20260112,1482,269878,3,3
20260112,1482,260940,3,3
20260112,1482,264068,3,3
20260112,1482,269718,3,3
20260112,1482,264980,3,3
20260112,1482,266852,3,3
20260112,1482,223416,3,3
20260112,1482,238084,3,3
20260112,1482,269972,3,3
20260112,1482,249668,3,3
20260112,1482,270117,3,3
20260112,1482,213944,3,3
20260112,1482,213898,3,3
20260112,1482,239157,3,3
20260112,1482,269732,3,3
20260112,1482,259803,3,3
20260112,1482,263666,3,3
20260112,1482,270109,3,3
20260112,1482,236989,3,3
20260112,1482,270302,3,3
20260112,1482,270207,3,3
20260112,1482,266805,3,3
20260112,201,215807,360,29
20260112,202,211702,359,27
20260112,203,266671,358,21
20260112,204,223194,354,28
20260112,205,211227,353,25
20260112,206,220722,352,32
20260112,207,201613,348,25
20260112,208,214386,347,22
20260112,209,221803,347,25
20260112,210,201549,346,12
20260112,211,252499,344,19
20260112,212,214181,340,23
20260112,213,216055,338,25
20260112,214,222156,336,28
20260112,215,211552,334,30
20260112,216,212303,331,33
20260112,217,220446,330,27
20260112,218,216367,329,27
20260112,219,214149,328,28
20260112,220,236972,328,19
20260112,221,223168,327,18
20260112,222,221911,326,37
20260112,223,220770,326,28
20260112,224,215946,325,24
20260112,225,202662,325,22
20260112,226,214906,321,19
20260112,227,215370,319,13
20260112,228,213620,318,27
20260112,229,259883,317,15
20260112,230,223323,314,30
20260112,231,211901,311,30
20260112,232,223087,310,20
20260112,233,201621,310,25
20260112,234,261972,309,20
20260112,235,215018,308,22
20260112,236,215453,305,30
20260112,237,203564,303,33
20260112,238,221354,303,22
20260112,239,259685,301,20
20260112,240,222080,300,29
20260112,241,206430,300,28
20260112,242,215988,299,32
20260112,243,220680,297,19
20260112,244,213908,297,29
20260112,245,214684,296,27
20260112,246,211344,295,24
20260112,247,213779,294,31
20260112,248,214937,290,21
20260112,249,214826,289,26
20260112,250,215898,283,21
20260112,251,264149,282,26
20260112,252,213706,282,33
20260112,253,222189,282,33
20260112,254,221073,281,31
20260112,255,215996,280,29
20260112,256,215037,280,18
20260112,257,221004,280,20
20260112,258,210303,278,35
20260112,259,221018,274,27
20260112,260,216074,274,20
20260112,261,203463,271,20
20260112,262,214236,269,32
20260112,263,216213,267,24
20260112,264,222506,266,30
20260112,265,201586,263,17
20260112,266,260170,261,28
20260112,267,239392,258,28
20260112,268,221164,255,27
20260112,269,223333,254,34
20260112,270,215042,254,17
20260112,271,211643,253,22
20260112,272,222965,252,21
20260112,273,260761,252,18
20260112,274,206374,250,11
20260112,275,211878,249,26
20260112,276,214081,249,16
20260112,277,220489,247,25
20260112,278,221905,244,8
20260112,279,222980,243,11
20260112,280,214839,237,22
20260112,281,214219,237,25
20260112,282,214646,237,24
20260112,283,247669,237,21
20260112,284,221096,233,25
20260112,285,201610,232,22
20260112,286,215614,231,33
20260112,287,222919,229,23
20260112,288,260598,228,25
20260112,289,259758,227,26
20260112,290,261963,226,15
20260112,291,220757,225,34
20260112,292,213734,223,16
20260112,293,204427,216,11
20260112,294,220718,216,21
20260112,295,211411,215,13
20260112,296,221395,215,21
20260112,297,221768,215,22
20260112,298,260765,215,10
20260112,299,246493,215,23
20260112,300,211844,214,28
20260112,301,201614,211,10
20260112,302,232447,211,22
20260112,303,221209,211,19
20260112,304,211765,209,21
20260112,305,220432,209,21
20260112,306,214189,207,22
20260112,307,260581,207,26
20260112,308,201555,206,11
20260112,309,221099,206,23
20260112,310,213789,206,21
20260112,311,215501,205,19
20260112,312,258199,204,25
20260112,313,221411,202,21
20260112,314,260203,201,14
20260112,315,206194,200,21
20260112,316,239438,200,16
20260112,317,213949,199,31
20260112,318,203475,198,22
20260112,319,221512,198,11
20260112,320,215878,197,24
20260112,321,222397,197,19
20260112,322,214521,196,24
20260112,323,221243,196,19
20260112,324,211846,194,27
20260112,325,215386,194,19
20260112,326,215726,193,28
20260112,327,222675,191,20
20260112,328,220735,190,27
20260112,329,211342,190,18
20260112,330,231639,188,19
20260112,331,259857,188,19
20260112,332,221885,187,21
20260112,333,214919,187,19
20260112,334,203435,186,31
20260112,335,215290,186,22
20260112,336,256705,186,23
20260112,337,222944,186,16
20260112,338,213821,184,23
20260112,339,203281,183,28
20260112,340,221014,183,23
20260112,341,259871,183,13
20260112,342,221220,182,22
20260112,343,256673,182,18
20260112,344,221434,181,21
20260112,345,221362,181,20
20260112,346,264075,180,8
20260112,347,215077,179,26
20260112,348,239397,177,24
20260112,349,215259,177,26
20260112,350,214301,177,23
20260112,351,262891,176,12
20260112,352,215820,175,28
20260112,353,210705,175,15
20260112,354,239476,175,18
20260112,355,223410,174,26
20260112,356,215314,174,18
20260112,357,210847,174,19
20260112,358,235159,174,22
20260112,359,201666,174,25
20260112,360,214930,174,18
20260112,361,202688,173,23
20260112,362,201616,171,14
20260112,363,204411,169,10
20260112,364,221213,169,12
20260112,365,260664,169,12
20260112,366,211539,168,11
20260112,367,246481,168,20
20260112,368,221789,168,17
20260112,369,246478,167,23
20260112,370,221000,166,31
20260112,371,216385,166,10
20260112,372,252495,165,8
20260112,373,220513,165,24
20260112,374,221023,163,27
20260112,375,206345,163,20
20260112,376,219887,163,21
20260112,377,215431,162,23
20260112,378,221159,162,19
20260112,379,221191,161,25
20260112,380,215840,161,23
20260112,381,214992,161,19
20260112,382,202410,160,25
20260112,383,266622,160,11
20260112,384,221382,159,25
20260112,385,211920,158,15
20260112,386,232881,158,28
20260112,387,211063,157,32
20260112,388,221265,157,20
20260112,389,213657,157,25
20260112,390,260168,156,13
20260112,391,259853,155,20
20260112,392,221364,155,24
20260112,393,213849,154,30
20260112,394,206362,154,19
20260112,395,260541,152,19
20260112,396,220364,151,33
20260112,397,211529,150,21
20260112,398,206255,149,15
20260112,399,221247,149,21
20260112,400,221187,149,22
20260112,401,215588,149,25
20260112,402,221104,149,18
20260112,403,214546,148,25
20260112,404,213837,148,22
20260112,405,215592,148,23
20260112,406,221486,147,19
20260112,407,259967,146,15
20260112,408,216139,146,23
20260112,409,211820,145,19
20260112,410,214862,145,17
20260112,411,215064,144,21
20260112,412,203288,144,21
20260112,413,260510,144,20
20260112,414,220808,143,12
20260112,415,239156,143,22
20260112,416,213767,143,19
20260112,417,215566,143,23
20260112,418,221031,142,25
20260112,419,211874,142,22
20260112,420,215468,142,15
20260112,421,223302,141,19
20260112,422,220673,140,24
20260112,423,221369,139,21
20260112,424,254733,138,21
20260112,425,215550,137,17
20260112,426,221178,136,17
20260112,427,216116,136,16
20260112,428,221259,136,18
20260112,429,236956,134,18
20260112,430,220554,133,9
20260112,431,222297,133,20
20260112,432,215166,133,18
20260112,433,266450,133,23
20260112,434,222559,132,25
20260112,435,220598,132,15
20260112,436,220613,132,19
20260112,437,220781,131,24
20260112,438,260206,131,15
20260112,439,216253,131,19
20260112,440,221020,129,19
20260112,441,264187,129,18
20260112,442,221443,127,20
20260112,443,213974,127,21
20260112,444,223415,126,24
20260112,445,239442,126,24
20260112,446,211329,126,27
20260112,447,201524,125,20
20260112,448,220842,124,13
20260112,449,211756,123,10
20260112,450,201483,121,14
20260112,451,221945,121,23
20260112,452,220560,120,27
20260112,453,219625,120,19
20260112,454,216162,120,23
20260112,455,222092,120,23
20260112,456,204394,120,22
20260112,457,233742,119,25
20260112,458,259794,119,16
20260112,459,252493,118,18
20260112,460,215459,118,21
20260112,461,206124,117,14
20260112,462,214418,117,16
20260112,463,213771,117,18
20260112,464,214779,117,18
20260112,465,202434,115,12
20260112,466,216095,115,24
20260112,467,203513,115,15
20260112,468,216044,114,19
20260112,469,221086,114,13
20260112,470,260006,113,20
20260112,471,221168,113,23
20260112,472,203578,113,11
20260112,473,216160,113,25
20260112,474,213753,112,12
20260112,475,222171,112,20
20260112,476,222454,112,9
20260112,477,260714,112,13
20260112,478,223100,112,22
20260112,479,214507,111,13
20260112,480,215733,111,23
20260112,481,223141,111,22
20260112,482,260763,110,17
20260112,483,220447,110,17
20260112,484,240998,110,9
20260112,485,264228,110,19
20260112,486,260913,109,22
20260112,487,220306,109,18
20260112,488,260667,109,15
20260112,489,260171,109,21
20260112,490,221242,108,12
20260112,491,221181,108,23
20260112,492,211646,108,21
20260112,493,214600,107,16
20260112,494,216268,107,17
20260112,495,202921,107,16
20260112,496,260539,107,19
20260112,497,244087,107,20
20260112,498,231625,106,18
20260112,499,222276,106,20
20260112,500,236967,105,17
20260112,501,215802,105,14
20260112,502,222891,105,19
20260112,503,220502,104,17
20260112,504,216579,104,19
20260112,505,222458,104,18
20260112,506,216324,104,13
20260112,507,215971,104,22
20260112,508,252488,103,20
20260112,509,245077,103,22
20260112,510,214653,102,21
20260112,511,214741,101,16
20260112,512,213998,100,26
20260112,513,259916,100,13
20260112,514,260951,100,7
20260112,515,202536,99,9
20260112,516,260647,99,19
20260112,517,216331,99,18
20260112,518,221229,99,19
20260112,519,222369,98,20
20260112,520,222859,98,17
20260112,521,264967,98,13
20260112,522,222273,98,18
20260112,523,214505,98,19
20260112,524,201520,97,9
20260112,525,259591,97,21
20260112,526,266376,97,4
20260112,527,259690,96,25
20260112,528,216075,96,14
20260112,529,256712,96,20
20260112,530,201554,95,11
20260112,531,222837,95,18
20260112,532,211809,95,13
20260112,533,220351,95,18
20260112,534,214935,95,18
20260112,535,211668,94,14
20260112,536,211328,94,16
20260112,537,220164,94,11
20260112,538,221657,94,18
20260112,539,216076,93,14
20260112,540,261015,93,16
20260112,541,214238,92,22
20260112,542,216007,92,15
20260112,543,264227,91,12
20260112,544,213947,91,18
20260112,545,214271,91,18
20260112,546,261049,90,18
20260112,547,216062,90,14
20260112,548,267420,90,16
20260112,549,216173,90,18
20260112,550,260142,89,9
20260112,551,221109,89,16
20260112,552,252587,88,28
20260112,553,215398,88,17
20260112,554,270058,88,10
20260112,555,230882,88,14
20260112,556,260565,88,17
20260112,557,220946,88,18
20260112,558,259820,87,14
20260112,559,222986,87,19
20260112,560,220429,86,18
20260112,561,263881,86,19
20260112,562,219892,86,19
20260112,563,203500,85,9
20260112,564,241717,85,11
20260112,565,221982,85,15
20260112,566,247647,84,21
20260112,567,263853,84,16
20260112,568,260514,84,17
20260112,569,221834,84,6
20260112,570,260613,84,21
20260112,571,221959,84,21
20260112,572,259913,83,14
20260112,573,211222,82,12
20260112,574,202619,82,13
20260112,575,222347,82,18
20260112,576,200748,81,4
20260112,577,266469,81,14
20260112,578,260296,81,14
20260112,579,206102,81,19
20260112,580,214319,81,16
20260112,581,257874,81,22
20260112,582,260737,81,11
20260112,583,264144,81,12
20260112,584,254748,80,6
20260112,585,265197,80,14
20260112,586,260490,79,22
20260112,587,267882,78,16
20260112,588,215806,78,23
20260112,589,221141,78,14
20260112,590,239393,78,17
20260112,591,221914,78,18
20260112,592,214212,78,22
20260112,593,264064,77,16
20260112,594,213772,77,19
20260112,595,210138,77,19
20260112,596,221116,77,7
20260112,597,215832,77,11
20260112,598,202454,77,14
20260112,599,206248,77,16
20260112,600,223203,76,10
20260112,601,266800,76,10
20260112,602,214540,76,16
20260112,603,221454,76,22
20260112,604,215909,76,22
20260112,605,220496,75,19
20260112,606,221473,75,8
20260112,607,214868,75,10
20260112,608,269755,75,12
20260112,609,214909,75,12
20260112,610,222390,75,14
20260112,611,215472,75,18
20260112,612,260966,74,11
20260112,613,222878,74,14
20260112,614,211269,74,11
20260112,615,221157,74,18
20260112,616,260445,74,12
20260112,617,221886,74,12
20260112,618,228909,74,18
20260112,619,261071,74,18
20260112,620,214007,74,22
20260112,621,216051,73,19
20260112,622,214091,73,14
20260112,623,220550,73,12
20260112,624,215163,73,14
20260112,625,222481,73,15
20260112,626,210526,73,16
20260112,627,220827,73,16
20260112,628,264192,72,6
20260112,629,233747,72,18
20260112,630,201506,71,8
20260112,631,220597,71,14
20260112,632,239386,71,13
20260112,633,265701,71,12
20260112,634,266901,71,16
20260112,635,221497,71,9
20260112,636,221952,71,13
20260112,637,215013,71,14
20260112,638,203575,70,1
20260112,639,260708,70,15
20260112,640,211951,69,20
20260112,641,201329,69,2
20260112,642,221062,69,16
20260112,643,210537,69,16
20260112,644,266722,68,5
20260112,645,213896,68,17
20260112,646,259567,68,18
20260112,647,260446,68,15
20260112,648,230880,68,16
20260112,649,260141,68,19
20260112,650,234474,67,21
20260112,651,260339,67,9
20260112,652,204309,67,12
20260112,653,267382,66,6
20260112,654,222037,66,6
20260112,655,263872,65,8
20260112,656,213672,65,11
20260112,657,206406,65,13
20260112,658,222223,65,9
20260112,659,241714,65,14
20260112,660,214872,64,17
20260112,661,252571,64,18
20260112,662,266937,64,14
20260112,663,225858,64,14
20260112,664,206075,64,16
20260112,665,266864,64,8
20260112,666,220392,64,11
20260112,667,260787,63,12
20260112,668,204294,63,13
20260112,669,245094,63,15
20260112,670,259754,63,12
20260112,671,260766,63,17
20260112,672,263869,62,12
20260112,673,215545,62,14
20260112,674,266448,62,15
20260112,675,236980,62,17
20260112,676,203591,61,9
20260112,677,221465,61,16
20260112,678,202430,61,12
20260112,679,260254,61,12
20260112,680,221165,61,13
20260112,681,261038,59,13
20260112,682,213739,59,16
20260112,683,215151,58,18
20260112,684,260225,58,12
20260112,685,266431,58,12
20260112,686,221003,58,18
20260112,687,216587,57,15
20260112,688,259575,57,13
20260112,689,223120,57,17
20260112,690,215778,57,11
20260112,691,202580,56,12
20260112,692,206335,56,8
20260112,693,263909,56,6
20260112,694,211719,56,13
20260112,695,220891,56,15
20260112,696,203354,55,11
20260112,697,222296,55,2
20260112,698,216038,55,20
20260112,699,214020,55,16
20260112,700,260847,55,11
20260112,701,264130,55,13
20260112,702,254765,55,7
20260112,703,220740,55,13
20260112,704,220053,55,14
20260112,705,260694,55,14
20260112,706,213551,55,15
20260112,707,258191,55,17
20260112,708,220672,55,19
20260112,709,215019,54,15
20260112,710,252531,54,10
20260112,711,215707,54,13
20260112,712,221370,54,15
20260112,713,260167,53,12
20260112,714,222667,53,16
20260112,715,269714,53,6
20260112,716,222346,53,14
20260112,717,252509,53,14
20260112,718,221474,53,15
20260112,719,216180,53,16
20260112,720,211260,52,7
20260112,721,221994,52,19
20260112,722,266682,52,10
20260112,723,222184,52,13
20260112,724,266771,52,13
20260112,725,216186,52,14
20260112,726,260368,52,6
20260112,727,235161,52,6
20260112,728,215921,52,12
20260112,729,260101,51,10
20260112,730,202464,51,11
20260112,731,220578,51,20
20260112,732,214877,51,15
20260112,733,215134,51,23
20260112,734,270076,51,8
20260112,735,215697,51,11
20260112,736,221139,51,15
20260112,737,239158,51,16
20260112,738,264205,50,14
20260112,739,225854,50,12
20260112,740,214713,50,16
20260112,741,221192,50,6
20260112,742,233718,50,7
20260112,743,239422,50,8
20260112,744,261097,50,15
20260112,745,201518,49,8
20260112,746,216262,49,2
20260112,747,213976,49,9
20260112,748,269870,49,12
20260112,749,220497,49,14
20260112,750,265692,49,15
20260112,751,221210,48,13
20260112,752,265688,48,20
20260112,753,263941,48,10
20260112,754,216316,48,11
20260112,755,260214,48,12
20260112,756,215505,48,14
20260112,757,220645,48,14
20260112,758,202672,47,24
20260112,759,216078,47,11
20260112,760,260226,47,15
20260112,761,266488,47,8
20260112,762,220453,47,9
20260112,763,270061,47,11
20260112,764,220614,47,11
20260112,765,216013,47,11
20260112,766,252535,47,19
20260112,767,220493,47,20
20260112,768,260848,46,12
20260112,769,220684,46,13
20260112,770,221903,46,14
20260112,771,222396,46,4
20260112,772,239387,46,8
20260112,773,260273,46,10
20260112,774,260762,46,10
20260112,775,221864,46,12
20260112,776,266642,46,12
20260112,777,264207,46,14
20260112,778,267428,45,7
20260112,779,215693,45,19
20260112,780,260042,45,6
20260112,781,237454,45,13
20260112,782,214405,44,4
20260112,783,214696,44,11
20260112,784,220997,44,14
20260112,785,270080,44,6
20260112,786,222299,44,14
20260112,787,221773,44,15
20260112,788,221568,44,20
20260112,789,221469,43,12
20260112,790,215879,43,14
20260112,791,221746,43,9
20260112,792,210158,43,9
20260112,793,223402,43,9
20260112,794,214535,42,13
20260112,795,260638,42,8
20260112,796,219979,42,16
20260112,797,239454,42,17
20260112,798,215966,42,17
20260112,799,216256,42,18
20260112,800,220713,41,11
20260112,801,222255,41,5
20260112,802,223373,41,7
20260112,803,222330,41,8
20260112,804,201481,41,8
20260112,805,211544,41,14
20260112,806,216158,41,14
20260112,807,222305,41,14
20260112,808,215096,40,5
20260112,809,266529,40,11
20260112,810,203509,40,15
20260112,811,202693,39,8
20260112,812,267176,39,8
20260112,813,211541,39,11
20260112,814,214934,39,14
20260112,815,260582,39,16
20260112,816,259104,38,5
20260112,817,203533,38,4
20260112,818,259858,38,10
20260112,819,260277,38,11
20260112,820,220491,38,13
20260112,821,260032,38,15
20260112,822,267651,38,17
20260112,823,266381,37,8
20260112,824,206219,37,6
20260112,825,230876,37,12
20260112,826,266851,37,7
20260112,827,221195,37,10
20260112,828,204223,37,12
20260112,829,202446,36,2
20260112,830,201540,36,5
20260112,831,213721,36,15
20260112,832,260845,36,8
20260112,833,263626,36,8
20260112,834,264973,36,9
20260112,835,220591,36,9
20260112,836,260612,36,11
20260112,837,220494,36,13
20260112,838,211864,35,12
20260112,839,222000,35,12
20260112,840,203537,35,6
20260112,841,223326,35,7
20260112,842,258192,35,10
20260112,843,223418,35,12
20260112,844,220642,35,15
20260112,845,266758,35,16
20260112,846,201582,34,12
20260112,847,264961,34,8
20260112,848,270082,34,4
20260112,849,239446,34,5
20260112,850,222262,34,9
20260112,851,215015,34,10
20260112,852,214901,34,11
20260112,853,228910,34,12
20260112,854,222668,34,17
20260112,855,220825,33,13
20260112,856,263974,33,4
20260112,857,266407,33,5
20260112,858,264167,33,6
20260112,859,214771,33,8
20260112,860,223421,33,9
20260112,861,215440,33,11
20260112,862,264978,33,13
20260112,863,206336,33,13
20260112,864,222856,32,11
20260112,865,253681,32,11
20260112,866,264085,32,5
20260112,867,211511,32,5
20260112,868,267400,32,5
20260112,869,211921,32,7
20260112,870,202639,32,7
20260112,871,210672,32,7
20260112,872,216107,32,11
20260112,873,260062,32,11
20260112,874,234481,32,13
20260112,875,222294,32,14
20260112,876,266455,31,16
20260112,877,264131,31,9
20260112,878,221173,31,11
20260112,879,221585,31,14
20260112,880,267104,30,5
20260112,881,269866,30,9
20260112,882,263148,30,5
20260112,883,202669,30,5
20260112,884,260767,30,7
20260112,885,221219,30,11
20260112,886,260279,30,14
20260112,887,261957,29,9
20260112,888,268770,29,1
20260112,889,222367,29,6
20260112,890,214605,29,10
20260112,891,239453,29,14
20260112,892,259965,29,15
20260112,893,204434,28,6
20260112,894,263995,28,7
20260112,895,214800,28,13
20260112,896,221509,28,5
20260112,897,266509,28,7
20260112,898,263980,28,8
20260112,899,221741,28,8
20260112,900,260860,28,10
20260112,901,235160,28,10
20260112,902,260528,28,11
20260112,903,210645,28,12
20260112,904,221203,28,14
20260112,905,202453,27,6
20260112,906,222137,27,5
20260112,907,263677,27,6
20260112,908,260017,27,7
20260112,909,221468,27,7
20260112,910,220470,27,7
20260112,911,255662,27,11
20260112,912,263801,27,11
20260112,913,223146,27,12
20260112,914,259996,26,8
20260112,915,220690,26,5
20260112,916,210337,26,5
20260112,917,256686,26,6
20260112,918,220695,26,7
20260112,919,222421,26,8
20260112,920,270078,26,10
20260112,921,260003,26,12
20260112,922,214519,26,14
20260112,923,269717,25,8
20260112,924,267115,25,13
20260112,925,213830,25,8
20260112,926,259762,25,3
20260112,927,221440,25,3
20260112,928,260374,25,5
20260112,929,213948,25,6
20260112,930,219983,25,9
20260112,931,260100,25,10
20260112,932,245079,25,11
20260112,933,215177,25,11
20260112,934,241745,25,11
20260112,935,223371,24,5
20260112,936,213775,24,5
20260112,937,223080,24,5
20260112,938,215002,24,5
20260112,939,267422,24,5
20260112,940,213584,24,6
20260112,941,266533,24,8
20260112,942,264029,24,9
20260112,943,260433,24,11
20260112,944,221542,24,13
20260112,945,202596,23,8
20260112,946,210913,23,9
20260112,947,212043,23,12
20260112,948,206060,23,4
20260112,949,225850,23,6
20260112,950,215970,23,6
20260112,951,263751,23,6
20260112,952,221413,23,7
20260112,953,267409,23,7
20260112,954,220492,23,8
20260112,955,267841,23,9
20260112,956,215492,23,10
20260112,957,246518,23,12
20260112,958,239102,22,3
20260112,959,221150,22,7
20260112,960,222225,22,8
20260112,961,223163,22,9
20260112,962,266645,22,3
20260112,963,260150,22,3
20260112,964,263622,22,6
20260112,965,221221,22,6
20260112,966,265040,22,7
20260112,967,264069,22,7
20260112,968,252586,22,8
20260112,969,253679,22,9
20260112,970,219331,22,10
20260112,971,239160,22,12
20260112,972,205815,21,2
20260112,973,221410,21,11
20260112,974,222762,21,3
20260112,975,215795,21,4
20260112,976,223375,21,5
20260112,977,221624,21,5
20260112,978,267022,21,6
20260112,979,264150,21,7
20260112,980,222028,21,7
20260112,981,270165,21,8
20260112,982,239478,21,8
20260112,983,264216,21,8
20260112,984,269253,20,5
20260112,985,259854,20,10
20260112,986,213541,20,6
20260112,987,269954,20,3
20260112,988,221069,20,11
20260112,989,202858,20,2
20260112,990,214182,20,3
20260112,991,266379,20,6
20260112,992,216311,20,6
20260112,993,222032,20,7
20260112,994,267431,20,9
20260112,995,260261,20,10
20260112,996,265207,19,8
20260112,997,239390,19,9
20260112,998,266651,19,6
20260112,999,215065,19,3
20260112,1000,270315,19,3
20260119,1,214544,10990,20
20260119,2,216347,8328,20
20260119,3,221103,6423,20
20260119,4,216153,6320,21
20260119,5,214981,5850,23
20260119,6,202468,5453,23
20260119,7,259799,4731,20
20260119,8,211148,4267,19
20260119,9,201619,4111,19
20260119,10,202505,3512,20
20260119,11,206420,3375,26
20260119,12,202494,2856,17
20260119,13,222328,2641,24
20260119,14,220704,2530,24
20260119,15,215613,2515,25
20260119,16,239475,2447,23
20260119,17,211768,2366,19
20260119,18,214643,2122,23
20260119,19,214096,2083,17
20260119,20,216146,1983,19
20260119,21,210722,1956,23
20260119,22,223670,1953,26
20260119,23,220367,1821,27
20260119,24,211533,1741,21
20260119,25,221012,1728,15
20260119,26,211651,1676,18
20260119,27,260300,1671,22
20260119,28,215035,1610,23
20260119,29,221054,1607,24
20260119,30,213550,1567,26
20260119,31,233741,1549,29
20260119,32,206368,1517,21
20260119,33,214939,1511,23
20260119,34,214954,1446,16
20260119,35,211713,1427,26
20260119,36,222391,1351,21
20260119,37,220520,1335,26
20260119,38,215983,1316,26
20260119,39,220332,1303,23
20260119,40,222601,1262,24
20260119,41,201514,1249,24
20260119,42,213583,1232,34
20260119,43,214082,1227,23
20260119,44,213631,1225,23
20260119,45,211701,1215,25
20260119,46,216133,1197,25
20260119,47,201499,1185,18
20260119,48,201696,1171,20
20260119,49,223253,1159,28
20260119,50,202663,1157,25
20260119,51,215306,1149,28
20260119,52,213710,1134,28
20260119,53,206289,1133,27
20260119,54,238184,1121,18
20260119,55,215713,1106,22
20260119,56,220714,1099,29
20260119,57,211684,1093,25
20260119,58,206252,1081,15
20260119,59,222145,1075,24
20260119,60,221039,1070,32
20260119,61,206242,1052,24
20260119,62,221909,1026,24
20260119,63,221333,1018,23
20260119,64,215020,1016,28
20260119,65,222045,1008,27
20260119,66,222661,1004,21
20260119,67,203389,995,17
20260119,68,220548,987,21
20260119,69,215337,981,22
20260119,70,221024,979,26
20260119,71,215936,951,23
20260119,72,202499,935,22
20260119,73,211685,914,27
20260119,74,214388,913,29
20260119,75,201533,899,21
20260119,76,214040,892,30
20260119,77,219875,887,27
20260119,78,201548,881,27
20260119,79,211817,872,22
20260119,80,213887,855,29
20260119,81,238075,854,28
20260119,82,230870,850,27
20260119,83,203530,841,23
20260119,84,215785,840,24
20260119,85,216083,836,25
20260119,86,215138,825,25
20260119,87,215899,824,28
20260119,88,220416,822,30
20260119,89,239383,821,22
20260119,90,215910,819,35
20260119,91,213646,805,28
20260119,92,220716,804,27
20260119,93,215872,802,33
20260119,94,201709,799,28
20260119,95,211814,799,31
20260119,96,220465,783,27
20260119,97,215480,780,29
20260119,98,221985,779,33
20260119,99,219917,770,33
20260119,100,215219,770,22
20260119,101,221407,769,26
20260119,102,220662,765,28
20260119,103,206417,760,33
20260119,104,205925,755,25
20260119,105,220435,742,33
20260119,106,221257,742,33
20260119,107,214459,728,30
20260119,108,202460,725,13
20260119,109,210886,715,30
20260119,110,263857,701,32
20260119,111,214452,696,27
20260119,112,220309,694,27
20260119,113,211107,684,24
20260119,114,223286,666,30
20260119,115,214119,659,25
20260119,116,203501,652,14
20260119,117,220466,645,20
20260119,118,239456,640,27
20260119,119,221883,634,31
20260119,120,213525,623,18
20260119,121,211880,620,23
20260119,122,220348,615,24
20260119,123,213889,591,20
20260119,124,211337,590,32
20260119,125,243420,582,29
20260119,126,223360,582,21
20260119,127,222233,565,21
20260119,128,202600,557,25
20260119,129,259733,553,25
20260119,130,206294,552,24
20260119,131,222290,549,28
20260119,132,222258,548,24
20260119,133,201551,541,34
20260119,134,221626,538,21
20260119,135,203514,537,28
20260119,136,220750,526,26
20260119,137,236957,523,29
20260119,138,221237,523,28
20260119,139,214593,518,29
20260119,140,221124,514,27
20260119,141,220742,509,31
20260119,142,221307,509,14
20260119,143,223321,506,26
20260119,144,222966,504,23
20260119,145,216081,503,23
20260119,146,201478,498,36
20260119,147,201593,496,12
20260119,148,201458,495,11
20260119,149,220589,491,16
20260119,150,221236,490,26
20260119,151,214461,477,22
20260119,152,215992,471,29
20260119,153,263644,464,17
20260119,154,213576,464,25
20260119,155,260172,464,13
20260119,156,204431,455,23
20260119,157,206292,451,28
20260119,158,214604,447,29
20260119,159,223325,447,21
20260119,160,202604,445,32
20260119,161,223194,443,29
20260119,162,223331,440,18
20260119,163,221406,436,28
20260119,164,202684,430,18
20260119,165,215572,430,22
20260119,166,211316,424,30
20260119,167,256684,422,21
20260119,168,213666,418,27
20260119,169,202493,417,30
20260119,170,211279,410,23
20260119,171,211095,406,20
20260119,172,216265,405,28
20260119,173,215250,403,22
20260119,174,236955,403,23
20260119,175,220733,401,23
20260119,176,213873,398,31
20260119,177,267439,397,21
20260119,178,211635,396,31
20260119,179,211843,393,17
20260119,180,215062,389,22
20260119,181,220699,387,23
20260119,182,216097,387,27
20260119,183,210622,387,28
20260119,184,216016,386,17
20260119,185,215571,386,29
20260119,186,201545,383,15
20260119,187,223335,383,22
20260119,188,220454,380,24
20260119,189,213544,379,19
20260119,190,239389,377,26
20260119,191,221354,374,23
20260119,192,214262,373,25
20260119,193,204419,373,22
20260119,194,222017,368,26
20260119,195,214254,368,28
20260119,196,238064,366,20
20260119,197,216566,366,15
20260119,198,201611,365,15
20260119,199,214480,364,31
20260119,200,239436,363,31
20260119,1001,266651,19,6
20260119,1002,215065,19,3
20260119,1003,270315,19,3
20260119,1004,260297,19,4
20260119,1005,222202,19,5
20260119,1006,221025,19,5
20260119,1007,215647,19,6
20260119,1008,270129,19,6
20260119,1009,214784,19,7
20260119,1010,221148,19,8
20260119,1011,261098,19,9
20260119,1012,220276,19,9
20260119,1013,249659,19,10
20260119,1014,214453,18,8
20260119,1015,264180,18,8
20260119,1016,215696,18,11
20260119,1017,264975,18,2
20260119,1018,223160,18,2
20260119,1019,260306,18,3
20260119,1020,221371,18,3
20260119,1021,259576,18,4
20260119,1022,270159,18,4
20260119,1023,264140,18,4
20260119,1023,220391,18,4
20260119,1025,261066,18,5
20260119,1026,266720,18,6
20260119,1027,266765,18,6
20260119,1028,223411,18,7
20260119,1029,215372,18,8
20260119,1030,221736,18,8
20260119,1031,215616,18,9
20260119,1032,221055,18,9
20260119,1033,259105,18,10
20260119,1034,266659,18,11
20260119,1035,260556,18,11
20260119,1036,211043,17,9
20260119,1037,269710,17,2
20260119,1037,211021,17,2
20260119,1039,270181,17,3
20260119,1040,223398,17,4
20260119,1041,252584,17,6
20260119,1042,270125,17,6
20260119,1043,224485,17,6
20260119,1044,266523,17,6
20260119,1045,260777,17,6
20260119,1046,215236,17,7
20260119,1047,215926,17,7
20260119,1048,222602,17,7
20260119,1049,221269,17,8
20260119,1050,222177,17,9
20260119,1051,214398,17,9
20260119,1052,221740,17,9
20260119,1052,260085,17,9
20260119,1054,215712,17,10
20260119,1055,223308,17,11
20260119,1056,260580,16,3
20260119,1057,201662,16,3
20260119,1058,201539,16,7
20260119,1059,246476,16,9
20260119,1060,260888,16,4
20260119,1061,259713,16,6
20260119,1062,221915,16,8
20260119,1063,270322,16,2
20260119,1063,260842,16,2
20260119,1063,221862,16,2
20260119,1066,263687,16,5
20260119,1067,202916,16,5
20260119,1068,239474,16,5
20260119,1068,223404,16,5
20260119,1070,259797,16,6
20260119,1071,220286,16,7
20260119,1072,223284,16,8
20260119,1073,202387,16,8
20260119,1074,214277,16,8
20260119,1075,260323,16,9
20260119,1076,219444,16,10
20260119,1077,270262,15,1
20260119,1078,259989,15,4
20260119,1079,270100,15,4
20260119,1080,220297,15,8
20260119,1081,205964,15,1
20260119,1081,269275,15,1
20260119,1083,267534,15,2
20260119,1084,270091,15,4
20260119,1084,214297,15,4
20260119,1086,220875,15,5
20260119,1087,260604,15,5
20260119,1088,269772,15,5
20260119,1089,260871,15,5
20260119,1090,252519,15,6
20260119,1091,267387,15,6
20260119,1092,269864,15,6
20260119,1093,220564,15,6
20260119,1094,220551,15,6
20260119,1095,239477,15,6
20260119,1096,222239,15,7
20260119,1097,260717,15,7
20260119,1098,215805,15,7
20260119,1099,220689,15,7
20260119,1100,222376,15,8
20260119,1100,259113,15,8
20260119,1102,201585,14,5
20260119,1103,211285,14,8
20260119,1104,269259,14,3
20260119,1105,260711,14,4
20260119,1106,216225,14,6
20260119,1107,261964,14,7
20260119,1108,205562,14,7
20260119,1109,221013,14,9
20260119,1110,270019,14,3
20260119,1111,220266,14,4
20260119,1112,262883,14,4
20260119,1113,220436,14,5
20260119,1113,241715,14,5
20260119,1115,221310,14,6
20260119,1116,261968,14,6
20260119,1117,211208,14,6
20260119,1118,264505,14,7
20260119,1119,237465,14,7
20260119,1119,239449,14,7
20260119,1121,222734,14,8
20260119,1122,263889,14,8
20260119,1123,220048,14,8
20260119,1124,266549,14,12
20260119,1125,201318,13,1
20260119,1126,221441,13,5
20260119,1127,264962,13,6
20260119,1128,202478,13,7
20260119,1129,240996,13,5
20260119,1130,261133,13,6
20260119,1131,260914,13,7
20260119,1132,246484,13,7
20260119,1133,263808,13,9
20260119,1134,211407,13,2
20260119,1135,261278,13,2
20260119,1135,267920,13,2
20260119,1137,261008,13,3
20260119,1138,214746,13,3
20260119,1139,214577,13,3
20260119,1140,267848,13,3
20260119,1141,264510,13,4
20260119,1142,266629,13,4
20260119,1143,264280,13,4
20260119,1144,259590,13,5
20260119,1145,267425,13,6
20260119,1146,259914,13,6
20260119,1147,222895,13,6
20260119,1148,244079,13,7
20260119,1148,203370,13,7
20260119,1150,269801,13,7
20260119,1151,270065,13,7
20260119,1152,268772,13,8
20260119,1152,261132,13,8
20260119,1154,216381,13,11
20260119,1155,215721,12,6
20260119,1156,215937,12,6
20260119,1157,212034,12,8
20260119,1158,206205,12,10
20260119,1159,221688,12,1
20260119,1160,223159,12,2
20260119,1161,269838,12,2
20260119,1162,216287,12,2
20260119,1162,270320,12,2
20260119,1162,267180,12,2
20260119,1165,260631,12,3
20260119,1165,260926,12,3
20260119,1165,270132,12,3
20260119,1168,201431,12,3
20260119,1169,260693,12,3
20260119,1169,222509,12,3
20260119,1169,214019,12,3
20260119,1172,260398,12,4
20260119,1173,269734,12,4
20260119,1174,215353,12,5
20260119,1174,264107,12,5
20260119,1176,214460,12,5
20260119,1177,265713,12,6
20260119,1177,269835,12,6
20260119,1177,221377,12,6
20260119,1180,220887,12,6
20260119,1181,216315,12,6
20260119,1182,222748,12,7
20260119,1183,264226,12,8
20260119,1183,221771,12,8
20260119,1185,266409,12,8
20260119,1186,221933,11,7
20260119,1187,259739,11,6
20260119,1188,211592,11,7
20260119,1189,260827,11,1
20260119,1190,260865,11,3
20260119,1191,265628,11,3
20260119,1192,264971,11,4
20260119,1193,263646,11,4
20260119,1194,214450,11,4
20260119,1195,215085,11,4
20260119,1196,270274,11,4
20260119,1197,221913,11,5
20260119,1197,221375,11,5
20260119,1199,265020,11,5
20260119,1200,219872,11,5
20260119,1201,266374,11,6
20260119,1202,223389,11,7
20260119,1203,221158,11,7
20260119,1203,269254,11,7
20260119,1203,260224,11,7
20260119,1203,259998,11,7
20260119,1203,267932,11,7
20260119,1208,260400,11,8
20260119,1208,236968,11,8
20260119,1208,239126,11,8
20260119,1211,263676,11,8
20260119,1212,220563,11,10
20260119,1213,206408,10,1
20260119,1214,256710,10,5
20260119,1215,215735,10,5
20260119,1216,261082,10,6
20260119,1217,210500,10,1
20260119,1217,234490,10,1
20260119,1219,238209,10,2
20260119,1220,214503,10,3
20260119,1220,263858,10,3
20260119,1220,266476,10,3
20260119,1223,253665,10,3
20260119,1223,214860,10,3
20260119,1225,233725,10,3
20260119,1225,266819,10,3
20260119,1227,215467,10,4
20260119,1228,263940,10,4
20260119,1229,270047,10,4
20260119,1229,257867,10,4
20260119,1231,252582,10,5
20260119,1231,260622,10,5
20260119,1231,222215,10,5
20260119,1231,267734,10,5
20260119,1235,267441,10,5
20260119,1235,215854,10,5
20260119,1237,222158,10,5
20260119,1238,201691,10,6
20260119,1239,214974,10,6
20260119,1239,260984,10,6
20260119,1239,222213,10,6
20260119,1239,223198,10,6
20260119,1239,263905,10,6
20260119,1239,261021,10,6
20260119,1239,223153,10,6
20260119,1246,266795,10,6
20260119,1247,222318,10,7
20260119,1248,221258,10,8
20260119,1248,260378,10,8
20260119,1250,216405,10,8
20260119,1251,260774,10,9
20260119,1252,263775,9,6
20260119,1253,211779,9,6
20260119,1254,224482,9,3
20260119,1255,219874,9,4
20260119,1255,238068,9,4
20260119,1255,263625,9,4
20260119,1255,266543,9,4
20260119,1259,263890,9,5
20260119,1259,266467,9,5
20260119,1259,260583,9,5
20260119,1259,259769,9,5
20260119,1259,221463,9,5
20260119,1264,205492,9,5
20260119,1265,221371,9,5
20260119,1265,223397,9,5
20260119,1265,261094,9,5
20260119,1268,220512,9,5
20260119,1269,211600,9,6
20260119,1269,215161,9,6
20260119,1271,267435,9,6
20260119,1271,239484,9,6
20260119,1271,266532,9,6
20260119,1274,264966,9,7
20260119,1274,260828,9,7
20260119,1274,222613,9,7
20260119,1274,225861,9,7
20260119,1278,221315,9,7
20260119,1279,221197,9,9
20260119,1280,264151,8,3
20260119,1281,267545,8,3
20260119,1282,270072,8,3
20260119,1282,222377,8,3
20260119,1282,221621,8,3
20260119,1285,206402,8,3
20260119,1286,260159,8,3
20260119,1287,215189,8,3
20260119,1288,264063,8,3
20260119,1289,222847,8,4
20260119,1289,221030,8,4
20260119,1289,264274,8,4
20260119,1289,223435,8,4
20260119,1293,219754,8,4
20260119,1293,215174,8,4
20260119,1293,260122,8,4
20260119,1296,267723,8,5
20260119,1296,220633,8,5
20260119,1296,267722,8,5
20260119,1299,268778,8,6
20260119,1299,221524,8,6
20260119,1299,269906,8,6
20260119,1299,257881,8,6
20260119,1299,261104,8,6
20260119,1299,237467,8,6
20260119,1299,260957,8,6
20260119,1306,206161,8,6
20260119,1306,260185,8,6
20260119,1308,241735,8,8
20260119,1308,252494,8,8
20260119,1310,202440,7,4
20260119,1311,263978,7,5
20260119,1312,266686,7,3
20260119,1312,221037,7,3
20260119,1312,215956,7,3
20260119,1312,266406,7,3
20260119,1312,259579,7,3
20260119,1312,254760,7,3
20260119,1312,221248,7,3
20260119,1312,267473,7,3
20260119,1312,270194,7,3
20260119,1312,264275,7,3
20260119,1312,260674,7,3
20260119,1312,260137,7,3
20260119,1324,270281,7,3
20260119,1325,264215,7,3
20260119,1325,221044,7,3
20260119,1325,220356,7,3
20260119,1325,222061,7,3
20260119,1325,260091,7,3
20260119,1330,260204,7,4
20260119,1330,219697,7,4
20260119,1332,220289,7,4
20260119,1332,270186,7,4
20260119,1334,221083,7,5
20260119,1334,246485,7,5
20260119,1334,230120,7,5
20260119,1334,220394,7,5
20260119,1334,260742,7,5
20260119,1334,260881,7,5
20260119,1334,222274,7,5
20260119,1334,267462,7,5
20260119,1342,260993,7,5
20260119,1342,259964,7,5
20260119,1344,216156,7,6
20260119,1345,265195,7,7
20260119,1345,238071,7,7
20260119,1345,216140,7,7
20260119,1345,260715,7,7
20260119,1349,264242,6,4
20260119,1350,264986,6,6
20260119,1351,215043,6,4
20260119,1352,269872,6,5
20260119,1352,256711,6,5
20260119,1354,260455,6,3
20260119,1355,263766,6,3
20260119,1355,259895,6,3
20260119,1355,259608,6,3
20260119,1355,222637,6,3
20260119,1355,266541,6,3
20260119,1355,223356,6,3
20260119,1361,222309,6,4
20260119,1361,222623,6,4
20260119,1361,266372,6,4
20260119,1361,260653,6,4
20260119,1361,263701,6,4
20260119,1361,267465,6,4
20260119,1361,267424,6,4
20260119,1361,260792,6,4
20260119,1361,270115,6,4
20260119,1361,266492,6,4
20260119,1361,221515,6,4
20260119,1361,260503,6,4
20260119,1361,205789,6,4
20260119,1361,260373,6,4
20260119,1361,267927,6,4
20260119,1361,216073,6,4
20260119,1361,263717,6,4
20260119,1361,260962,6,4
20260119,1361,222845,6,4
20260119,1361,214048,6,4
20260119,1361,216092,6,4
20260119,1361,220772,6,4
20260119,1383,266763,6,4
20260119,1384,222161,6,5
20260119,1384,223006,6,5
20260119,1384,222095,6,5
20260119,1387,215222,6,6
20260119,1387,222520,6,6
20260119,1387,220071,6,6
20260119,1387,267408,6,6
20260119,1387,237481,6,6
20260119,1392,205918,5,3
20260119,1393,201527,5,3
20260119,1394,269948,5,4
20260119,1395,270350,5,3
20260119,1395,202443,5,3
20260119,1397,259719,5,4
20260119,1397,260867,5,4
20260119,1399,220422,5,5
20260119,1400,263962,5,3
20260119,1400,222332,5,3
20260119,1400,267671,5,3
20260119,1400,231641,5,3
20260119,1400,266713,5,3
20260119,1400,241022,5,3
20260119,1400,221963,5,3
20260119,1400,246489,5,3
20260119,1400,245076,5,3
20260119,1400,264198,5,3
20260119,1400,260066,5,3
20260119,1400,266781,5,3
20260119,1400,239172,5,3
20260119,1400,223452,5,3
20260119,1400,256682,5,3
20260119,1400,260974,5,3
20260119,1400,201672,5,3
20260119,1400,270164,5,3
20260119,1400,267748,5,3
20260119,1400,259887,5,3
20260119,1400,259779,5,3
20260119,1400,233729,5,3
20260119,1400,263706,5,3
20260119,1400,267453,5,3
20260119,1400,258195,5,3
20260119,1425,202424,5,3
20260119,1426,264252,5,4
20260119,1426,263809,5,4
20260119,1426,223352,5,4
20260119,1426,221346,5,4
20260119,1426,230121,5,4
20260119,1426,260464,5,4
20260119,1432,267449,5,5
20260119,1432,215430,5,5
20260119,1432,222180,5,5
20260119,1432,264229,5,5
20260119,1432,238205,5,5
20260119,1432,260723,5,5
20260119,1432,252565,5,5
20260119,1432,259569,5,5
20260119,1432,259614,5,5
20260119,1432,260779,5,5
20260119,1432,269757,5,5
20260119,1432,220469,5,5
20260119,1432,260709,5,5
20260119,1445,201399,4,3
20260119,1446,267744,4,4
20260119,1446,221988,4,4
20260119,1446,265610,4,4
20260119,1446,270302,4,4
20260119,1450,221222,4,3
20260119,1450,234236,4,3
20260119,1450,223268,4,3
20260119,1450,267083,4,3
20260119,1450,261129,4,3
20260119,1450,254770,4,3
20260119,1450,270154,4,3
20260119,1450,211796,4,3
20260119,1450,270046,4,3
20260119,1450,263818,4,3
20260119,1450,260178,4,3
20260119,1461,263838,4,4
20260119,1461,223071,4,4
20260119,1461,220790,4,4
20260119,1461,246480,4,4
20260119,1461,264998,4,4
20260119,1461,241018,4,4
20260119,1461,269753,4,4
20260119,1461,255666,4,4
20260119,1461,267732,4,4
20260119,1461,270133,4,4
20260119,1461,221520,4,4
20260119,1461,252487,4,4
20260119,1461,241003,4,4
20260119,1461,266593,4,4
20260119,1461,220934,4,4
20260119,1461,260479,4,4
20260119,1461,267695,4,4
20260119,1461,266700,4,4
20260119,1461,264243,4,4
20260119,1461,264114,4,4
20260119,1461,269773,4,4
20260119,1461,234223,4,4
20260119,1461,221127,4,4
20260119,1461,242450,4,4
20260119,1485,213596,3,3
20260119,1486,261029,3,3
20260119,1486,264086,3,3
20260119,1488,240163,3,3
20260119,1488,266892,3,3
20260119,1490,233745,3,3
20260119,1490,221207,3,3
20260119,1490,264139,3,3
20260119,1490,269769,3,3
20260119,1490,213827,3,3
20260119,1490,267937,3,3
20260119,1490,259990,3,3
20260119,1490,270066,3,3
20260119,1490,234506,3,3
20260119,1490,266463,3,3
20260119,1490,264138,3,3
20260119,1490,223416,3,3
20260119,1490,221207,3,3
20260119,1490,213898,3,3
20260119,1490,213827,3,3
20260119,1490,216198,3,3
20260119,1490,215162,3,3
20260119,1490,213944,3,3
20260119,1490,264139,3,3
20260119,1490,264138,3,3
20260119,1490,261092,3,3
20260119,1490,263666,3,3
20260119,1490,264068,3,3
20260119,1490,264270,3,3
20260119,1490,264980,3,3
20260119,1490,260940,3,3
20260119,1490,259990,3,3
20260119,1490,260443,3,3
20260119,1490,260393,3,3
20260119,1490,260238,3,3
20260119,1490,266714,3,3
20260119,1490,266463,3,3
20260119,1490,266805,3,3
20260119,1490,266852,3,3
20260119,1490,267937,3,3
20260119,1490,267493,3,3
20260119,1490,270117,3,3
20260119,1490,270066,3,3
20260119,1490,270109,3,3
20260119,1490,270207,3,3
20260119,1490,270258,3,3
20260119,1490,269775,3,3
20260119,1490,269718,3,3
20260119,1490,269732,3,3
20260119,1490,269769,3,3
20260119,1490,269972,3,3
20260119,1490,269878,3,3
20260119,1490,269937,3,3
20260119,201,201606,361,20
20260119,202,206007,360,33
20260119,203,215807,360,29
20260119,204,211702,359,27
20260119,205,266671,358,21
20260119,206,211227,353,25
20260119,207,220722,352,32
20260119,208,201613,348,25
20260119,209,214386,347,22
20260119,210,221803,347,25
20260119,211,201549,346,12
20260119,212,252499,344,19
20260119,213,214181,340,23
20260119,214,216055,338,25
20260119,215,222156,336,28
20260119,216,211552,334,30
20260119,217,212303,331,33
20260119,218,220446,330,27
20260119,219,216367,329,27
20260119,220,214149,328,28
20260119,221,236972,328,19
20260119,222,223168,327,18
20260119,223,221911,326,37
20260119,224,220770,326,28
20260119,225,215946,325,24
20260119,226,202662,325,22
20260119,227,214906,321,19
20260119,228,215370,319,13
20260119,229,201621,319,26
20260119,230,213620,318,27
20260119,231,259883,317,15
20260119,232,206430,316,29
20260119,233,223323,314,30
20260119,234,211901,311,30
20260119,235,223087,310,20
20260119,236,261972,309,20
20260119,237,215018,308,22
20260119,238,215453,305,30
20260119,239,214684,304,28
20260119,240,203564,303,33
20260119,241,259685,301,20
20260119,242,222080,300,29
20260119,243,213779,299,32
20260119,244,215988,299,32
20260119,245,220680,297,19
20260119,246,213908,297,29
20260119,247,211344,295,24
20260119,248,214826,293,27
20260119,249,214937,290,21
20260119,250,221073,287,32
20260119,251,222189,285,34
20260119,252,215898,283,22
20260119,253,221004,283,21
20260119,254,264149,282,26
20260119,255,213706,282,34
20260119,256,215996,280,29
20260119,257,215037,280,18
20260119,258,210303,278,35
20260119,259,221018,274,27
20260119,260,216074,274,20
20260119,261,203463,271,20
20260119,262,260170,269,29
20260119,263,214236,269,32
20260119,264,216213,267,24
20260119,265,222506,266,30
20260119,266,201586,263,17
20260119,267,232447,260,23
20260119,268,239392,258,29
20260119,269,215042,255,18
20260119,270,221164,255,27
20260119,271,223333,254,35
20260119,272,211643,253,22
20260119,273,222965,252,21
20260119,274,260761,252,18
20260119,275,206374,250,11
20260119,276,211878,249,26
20260119,277,214081,249,16
20260119,278,220489,247,25
20260119,279,261963,246,16
20260119,280,221905,244,8
20260119,281,222980,243,11
20260119,282,215614,242,34
20260119,283,214839,237,22
20260119,284,214219,237,25
20260119,285,214646,237,25
20260119,286,247669,237,21
20260119,287,214919,236,20
20260119,288,259758,234,27
20260119,289,221096,233,25
20260119,290,201610,232,22
20260119,291,260598,232,26
20260119,292,221362,229,21
20260119,293,222919,229,23
20260119,294,220757,225,34
20260119,295,213734,223,16
20260119,296,221768,223,23
20260119,297,204427,217,12
20260119,298,220718,216,22
20260119,299,258199,216,27
20260119,300,211411,215,13
20260119,301,221395,215,21
20260119,302,260765,215,10
20260119,303,246493,215,24
20260119,304,211844,214,28
20260119,305,221885,214,22
20260119,306,221099,214,24
20260119,307,201614,211,10
20260119,308,221209,211,19
20260119,309,211765,209,21
20260119,310,211846,209,28
20260119,311,220432,209,21
20260119,312,221512,207,12
20260119,313,214189,207,22
20260119,314,260581,207,26
20260119,315,201555,206,11
20260119,316,213789,206,21
20260119,317,215501,205,19
20260119,318,221411,202,21
20260119,319,260664,202,13
20260119,320,214521,201,25
20260119,321,260203,201,14
20260119,322,206194,200,21
20260119,323,239438,200,16
20260119,324,213949,199,31
20260119,325,203475,198,22
20260119,326,215878,197,24
20260119,327,222397,197,19
20260119,328,221243,196,19
20260119,329,206345,194,21
20260119,330,215386,194,19
20260119,331,215726,193,28
20260119,332,215290,193,23
20260119,333,222675,191,20
20260119,334,220735,190,27
20260119,335,211342,190,18
20260119,336,231639,188,19
20260119,337,259857,188,19
20260119,338,203435,187,32
20260119,339,256705,186,23
20260119,340,222944,186,16
20260119,341,256673,185,19
20260119,342,213821,184,24
20260119,343,203281,183,28
20260119,344,221014,183,23
20260119,345,259871,183,13
20260119,346,221220,182,22
20260119,347,239476,182,19
20260119,348,221434,181,21
20260119,349,264075,180,8
20260119,350,202688,180,24
20260119,351,215077,179,26
20260119,352,239397,177,24
20260119,353,215259,177,26
20260119,354,214301,177,23
20260119,355,262891,176,12
20260119,356,215820,175,29
20260119,357,210705,175,15
20260119,358,223410,174,26
20260119,359,215314,174,18
20260119,360,210847,174,20
20260119,361,235159,174,22
20260119,362,201666,174,25
20260119,363,214930,174,18
20260119,364,246478,173,24
20260119,365,201616,171,14
20260119,366,221382,171,27
20260119,367,204411,169,10
20260119,368,221213,169,12
20260119,369,211539,168,11
20260119,370,246481,168,21
20260119,371,221789,168,17
20260119,372,215431,167,24
20260119,373,211820,167,20
20260119,374,202410,167,26
20260119,375,221000,166,32
20260119,376,216385,166,10
20260119,377,252495,165,8
20260119,378,220513,165,24
20260119,379,221023,163,27
20260119,380,219887,163,21
20260119,381,221159,162,19
20260119,382,221191,161,25
20260119,383,215840,161,23
20260119,384,214992,161,19
20260119,385,266622,161,12
20260119,386,211529,161,22
20260119,387,260168,160,14
20260119,388,221364,160,25
20260119,389,215566,159,24
20260119,390,221265,159,21
20260119,391,220781,158,26
20260119,392,211920,158,15
20260119,393,232881,158,28
20260119,394,211063,157,32
20260119,395,213657,157,26
20260119,396,239156,156,23
20260119,397,215550,155,18
20260119,398,206362,155,20
20260119,399,259853,155,20
20260119,400,213849,154,30
20260119,401,211874,152,23
20260119,402,260541,152,19
20260119,403,220364,151,34
20260119,404,221178,150,18
20260119,405,206255,149,15
20260119,406,221247,149,21
20260119,407,221187,149,22
20260119,408,215588,149,26
20260119,409,221104,149,18
20260119,410,214546,148,25
20260119,411,213837,148,22
20260119,412,215592,148,23
20260119,413,221486,147,19
20260119,414,222454,147,10
20260119,415,259967,146,15
20260119,416,216139,146,23
20260119,417,214862,145,17
20260119,418,215064,144,21
20260119,419,203288,144,21
20260119,420,260510,144,20
20260119,421,220808,143,12
20260119,422,213767,143,19
20260119,423,221031,142,25
20260119,424,215468,142,15
20260119,425,220673,141,25
20260119,426,223302,141,19
20260119,427,236956,139,19
20260119,428,221369,139,21
20260119,429,254733,138,21
20260119,430,216116,137,17
20260119,431,214653,136,22
20260119,432,221259,136,18
20260119,433,264187,136,19
20260119,434,216253,136,20
20260119,435,220554,133,9
20260119,436,222297,133,20
20260119,437,215166,133,18
20260119,438,266450,133,23
20260119,439,222559,132,25
20260119,440,211756,132,11
20260119,441,220598,132,15
20260119,442,260206,132,16
20260119,443,220613,132,19
20260119,444,213974,130,22
20260119,445,221020,129,19
20260119,446,216095,127,25
20260119,447,221443,127,20
20260119,448,260171,127,22
20260119,449,223415,126,24
20260119,450,239442,126,25
20260119,451,211329,126,27
20260119,452,201524,125,21
20260119,453,220842,124,13
20260119,454,221945,123,25
20260119,455,201483,121,14
20260119,456,220447,121,18
20260119,457,220560,120,27
20260119,458,219625,120,20
20260119,459,216162,120,23
20260119,460,222092,120,23
20260119,461,204394,120,22
20260119,462,222276,120,21
20260119,463,233742,119,25
20260119,464,259794,119,16
20260119,465,221242,119,13
20260119,466,252493,118,18
20260119,467,213753,118,13
20260119,468,215459,118,21
20260119,469,206124,117,14
20260119,470,214418,117,16
20260119,471,213771,117,18
20260119,472,214779,117,18
20260119,473,221229,117,20
20260119,474,202434,116,13
20260119,475,260913,116,23
20260119,476,216324,116,14
20260119,477,203513,115,15
20260119,478,259916,114,14
20260119,479,216044,114,19
20260119,480,221086,114,13
20260119,481,260006,113,20
20260119,482,221168,113,23
20260119,483,203578,113,11
20260119,484,216160,113,25
20260119,485,222171,112,20
20260119,486,260714,112,13
20260119,487,223100,112,22
20260119,488,214507,111,13
20260119,489,236967,111,18
20260119,490,215733,111,23
20260119,491,223141,111,22
20260119,492,260763,110,17
20260119,493,240998,110,9
20260119,494,264228,110,19
20260119,495,220306,109,18
20260119,496,260667,109,15
20260119,497,260539,109,20
20260119,498,221181,108,23
20260119,499,211646,108,21
20260119,500,214600,107,16
20260119,501,216268,107,17
20260119,502,202921,107,16
20260119,503,244087,107,20
20260119,504,231625,106,18
20260119,505,215802,105,14
20260119,506,222891,105,19
20260119,507,220502,104,17
20260119,508,216579,104,20
20260119,509,245077,104,23
20260119,510,222458,104,18
20260119,511,215971,104,23
20260119,512,252488,103,20
20260119,513,221952,103,14
20260119,514,214741,101,16
20260119,515,213998,100,26
20260119,516,260951,100,7
20260119,517,202536,99,9
20260119,518,260647,99,19
20260119,519,216331,99,18
20260119,520,222369,98,20
20260119,521,222859,98,17
20260119,522,264967,98,13
20260119,523,260565,98,18
20260119,524,222273,98,18
20260119,525,214505,98,19
20260119,526,201520,97,9
20260119,527,259591,97,21
20260119,528,266376,97,4
20260119,529,259690,96,25
20260119,530,216075,96,14
20260119,531,221657,96,19
20260119,532,256712,96,20
20260119,533,201554,95,11
20260119,534,222837,95,18
20260119,535,211809,95,13
20260119,536,220351,95,18
20260119,537,214935,95,18
20260119,538,211668,94,14
20260119,539,211328,94,16
20260119,540,220164,94,11
20260119,541,216076,93,14
20260119,542,261015,93,16
20260119,543,214238,92,22
20260119,544,216007,92,15
20260119,545,264227,91,12
20260119,546,213947,91,18
20260119,547,214271,91,18
20260119,548,221959,91,22
20260119,549,261049,90,18
20260119,550,216062,90,14
20260119,551,267420,90,16
20260119,552,216173,90,18
20260119,553,260142,89,9
20260119,554,221109,89,16
20260119,555,252587,88,29
20260119,556,215398,88,17
20260119,557,270058,88,10
20260119,558,230882,88,14
20260119,559,265197,88,15
20260119,560,220946,88,19
20260119,561,263881,88,20
20260119,562,214319,87,17
20260119,563,259820,87,14
20260119,564,222986,87,19
20260119,565,220429,86,18
20260119,566,219892,86,20
20260119,567,203500,85,9
20260119,568,211222,85,13
20260119,569,241717,85,11
20260119,570,221982,85,15
20260119,571,247647,84,21
20260119,572,263853,84,16
20260119,573,260514,84,17
20260119,574,221834,84,6
20260119,575,260613,84,21
20260119,576,259913,83,14
20260119,577,202454,83,15
20260119,578,200748,82,5
20260119,579,201329,82,3
20260119,580,210138,82,20
20260119,581,202619,82,13
20260119,582,222347,82,18
20260119,583,266469,81,14
20260119,584,260296,81,14
20260119,585,206102,81,19
20260119,586,257874,81,22
20260119,587,260737,81,11
20260119,588,264144,81,12
20260119,589,260708,81,16
20260119,590,254748,80,6
20260119,591,221116,80,8
20260119,592,266864,79,9
20260119,593,221914,79,19
20260119,594,260490,79,22
20260119,595,215832,78,12
20260119,596,267882,78,16
20260119,597,215806,78,23
20260119,598,221141,78,14
20260119,599,214540,78,17
20260119,600,239393,78,17
20260119,601,214212,78,22
20260119,602,264064,77,16
20260119,603,213772,77,19
20260119,604,206248,77,16
20260119,605,223203,76,10
20260119,606,266800,76,10
20260119,607,221454,76,22
20260119,608,215909,76,22
20260119,609,220496,75,20
20260119,610,221473,75,8
20260119,611,214868,75,10
20260119,612,269755,75,12
20260119,613,214909,75,12
20260119,614,222390,75,14
20260119,615,215472,75,18
20260119,616,260966,74,11
20260119,617,222878,74,14
20260119,618,211269,74,11
20260119,619,221157,74,18
20260119,620,214091,74,15
20260119,621,260445,74,12
20260119,622,221886,74,12
20260119,623,228909,74,18
20260119,624,261071,74,18
20260119,625,214007,74,22
20260119,626,216051,73,19
20260119,627,220550,73,12
20260119,628,215163,73,14
20260119,629,222481,73,15
20260119,630,210526,73,16
20260119,631,220827,73,16
20260119,632,264192,72,6
20260119,633,263872,72,10
20260119,634,220597,72,15
20260119,635,233747,72,18
20260119,636,201506,71,8
20260119,637,239386,71,13
20260119,638,265701,71,12
20260119,639,206406,71,14
20260119,640,266901,71,16
20260119,641,221497,71,9
20260119,642,202430,71,13
20260119,643,215013,71,14
20260119,644,203575,70,1
20260119,645,260141,70,20
20260119,646,211951,69,20
20260119,647,221062,69,16
20260119,648,260339,69,10
20260119,649,210537,69,16
20260119,650,266722,68,5
20260119,651,213896,68,17
20260119,652,259567,68,18
20260119,653,260446,68,15
20260119,654,241714,68,15
20260119,655,230880,68,16
20260119,656,236980,68,18
20260119,657,234474,67,21
20260119,658,204309,67,12
20260119,659,259754,67,13
20260119,660,267382,66,6
20260119,661,222037,66,6
20260119,662,213672,65,11
20260119,663,252571,65,19
20260119,664,206075,65,17
20260119,665,222223,65,9
20260119,666,214872,64,17
20260119,667,266937,64,14
20260119,668,225858,64,14
20260119,669,220392,64,11
20260119,670,220672,64,20
20260119,671,203591,63,10
20260119,672,260787,63,12
20260119,673,204294,63,13
20260119,674,245094,63,15
20260119,675,260766,63,17
20260119,676,263869,62,12
20260119,677,215545,62,14
20260119,678,266448,62,15
20260119,679,221465,61,16
20260119,680,260254,61,12
20260119,681,221165,61,13
20260119,682,206219,59,7
20260119,683,261038,59,13
20260119,684,213739,59,16
20260119,685,215151,58,18
20260119,686,259575,58,14
20260119,687,260225,58,12
20260119,688,266431,58,12
20260119,689,221003,58,18
20260119,690,216587,57,15
20260119,691,223120,57,17
20260119,692,215778,57,11
20260119,693,202580,56,12
20260119,694,206335,56,8
20260119,695,216038,56,21
20260119,696,263909,56,6
20260119,697,211719,56,13
20260119,698,220891,56,15
20260119,699,261097,56,16
20260119,700,258191,56,18
20260119,701,203354,55,11
20260119,702,222296,55,2
20260119,703,214020,55,16
20260119,704,221994,55,20
20260119,705,260847,55,11
20260119,706,264130,55,13
20260119,707,254765,55,7
20260119,708,220740,55,13
20260119,709,220053,55,14
20260119,710,260694,55,14
20260119,711,213551,55,15
20260119,712,215019,54,15
20260119,713,252531,54,10
20260119,714,215707,54,13
20260119,715,221370,54,15
20260119,716,260167,53,12
20260119,717,222667,53,16
20260119,718,269714,53,6
20260119,719,222346,53,14
20260119,720,252509,53,14
20260119,721,221474,53,15
20260119,722,216180,53,16
20260119,723,211260,52,7
20260119,724,266682,52,10
20260119,725,222184,52,13
20260119,726,266771,52,13
20260119,727,216186,52,14
20260119,728,214713,52,17
20260119,729,260368,52,6
20260119,730,235161,52,6
20260119,731,215921,52,12
20260119,732,264207,52,15
20260119,733,260101,51,10
20260119,734,202464,51,11
20260119,735,220578,51,20
20260119,736,214877,51,15
20260119,737,215134,51,23
20260119,738,225854,51,13
20260119,739,270076,51,8
20260119,740,215697,51,11
20260119,741,237454,51,14
20260119,742,220645,51,15
20260119,743,221139,51,15
20260119,744,265692,51,16
20260119,745,239158,51,16
20260119,746,264205,50,14
20260119,747,221192,50,6
20260119,748,233718,50,7
20260119,749,239422,50,8
20260119,750,201518,49,8
20260119,751,216262,49,2
20260119,752,213976,49,9
20260119,753,269870,49,12
20260119,754,220497,49,14
20260119,755,221210,48,13
20260119,756,265688,48,20
20260119,757,266488,48,9
20260119,758,263941,48,10
20260119,759,216316,48,11
20260119,760,260214,48,12
20260119,761,215505,48,14
20260119,762,202672,47,24
20260119,763,216078,47,11
20260119,764,260762,47,11
20260119,765,260226,47,15
20260119,766,220453,47,9
20260119,767,270061,47,11
20260119,768,220614,47,11
20260119,769,216013,47,11
20260119,770,252535,47,19
20260119,771,220493,47,20
20260119,772,260848,46,12
20260119,773,215693,46,20
20260119,774,220684,46,13
20260119,775,221903,46,14
20260119,776,222396,46,4
20260119,777,239387,46,8
20260119,778,260273,46,10
20260119,779,221864,46,12
20260119,780,266642,46,12
20260119,781,267428,45,7
20260119,782,260042,45,6
20260119,783,221568,45,21
20260119,784,214405,44,4
20260119,785,214696,44,11
20260119,786,220997,44,14
20260119,787,215879,44,15
20260119,788,270080,44,6
20260119,789,222299,44,14
20260119,790,221773,44,15
20260119,791,260032,44,16
20260119,792,267651,44,18
20260119,793,221469,43,12
20260119,794,221746,43,9
20260119,795,210158,43,9
20260119,796,223402,43,9
20260119,797,219979,43,17
20260119,798,214535,42,13
20260119,799,260638,42,8
20260119,800,239454,42,17
20260119,801,215966,42,17
20260119,802,216256,42,18
20260119,803,220713,41,11
20260119,804,222255,41,5
20260119,805,223373,41,7
20260119,806,222330,41,8
20260119,807,201481,41,8
20260119,808,211544,41,14
20260119,809,216158,41,14
20260119,810,222305,41,14
20260119,811,215096,40,5
20260119,812,266529,40,11
20260119,813,203509,40,15
20260119,814,202693,39,8
20260119,815,267176,39,8
20260119,816,211541,39,11
20260119,817,214934,39,14
20260119,818,260582,39,16
20260119,819,259104,38,5
20260119,820,203533,38,4
20260119,821,259858,38,10
20260119,822,260277,38,11
20260119,823,216107,38,12
20260119,824,204223,38,13
20260119,825,220491,38,13
20260119,826,266381,37,8
20260119,827,230876,37,12
20260119,828,266851,37,7
20260119,829,221195,37,10
20260119,830,202446,36,2
20260119,831,201540,36,5
20260119,832,213721,36,15
20260119,833,259996,36,9
20260119,834,260845,36,8
20260119,835,263626,36,8
20260119,836,264973,36,9
20260119,837,220591,36,9
20260119,838,260612,36,11
20260119,839,220494,36,13
20260119,840,220642,36,16
20260119,841,211864,35,12
20260119,842,222000,35,12
20260119,843,203537,35,6
20260119,844,223326,35,7
20260119,845,258192,35,10
20260119,846,223418,35,12
20260119,847,266758,35,16
20260119,848,201582,34,12
20260119,849,264961,34,8
20260119,850,270082,34,4
20260119,851,239446,34,5
20260119,852,222262,34,9
20260119,853,215015,34,10
20260119,854,214901,34,11
20260119,855,228910,34,12
20260119,856,234481,34,14
20260119,857,222668,34,17
20260119,858,220825,33,13
20260119,859,263974,33,4
20260119,860,266407,33,5
20260119,861,264167,33,6
20260119,862,214771,33,8
20260119,863,223421,33,9
20260119,864,215440,33,11
20260119,865,264978,33,13
20260119,866,206336,33,13
20260119,867,221585,33,15
20260119,868,222856,32,11
20260119,869,266455,32,17
20260119,870,253681,32,11
20260119,871,264085,32,5
20260119,872,211511,32,5
20260119,873,267400,32,5
20260119,874,211921,32,7
20260119,875,202639,32,7
20260119,876,210672,32,7
20260119,877,264131,32,10
20260119,878,260062,32,11
20260119,879,221173,32,12
20260119,880,222294,32,14
20260119,881,261957,30,10
20260119,882,267104,30,5
20260119,883,269866,30,9
20260119,884,263148,30,5
20260119,885,202669,30,5
20260119,886,222367,30,7
20260119,887,260767,30,7
20260119,888,221219,30,11
20260119,889,260279,30,14
20260119,890,239453,30,15
20260119,891,214800,29,14
20260119,892,268770,29,1
20260119,893,214605,29,10
20260119,894,223146,29,13
20260119,895,259965,29,15
20260119,896,204434,28,6
20260119,897,263995,28,7
20260119,898,221509,28,5
20260119,899,206060,28,5
20260119,900,266509,28,7
20260119,901,263980,28,8
20260119,902,221741,28,8
20260119,903,260860,28,10
20260119,904,235160,28,10
20260119,905,260528,28,11
20260119,906,210645,28,12
20260119,907,221203,28,14
20260119,908,202453,27,6
20260119,909,222137,27,5
20260119,910,263677,27,6
20260119,911,260017,27,7
20260119,912,221468,27,7
20260119,913,220470,27,7
20260119,914,255662,27,11
20260119,915,263801,27,11
20260119,916,220690,26,5
20260119,917,210337,26,5
20260119,918,256686,26,6
20260119,919,220695,26,7
20260119,920,222421,26,8
20260119,921,270078,26,10
20260119,922,260003,26,12
20260119,923,214519,26,14
20260119,924,269717,25,8
20260119,925,267115,25,13
20260119,926,213830,25,8
20260119,927,259762,25,3
20260119,928,221440,25,3
20260119,929,260374,25,5
20260119,930,213948,25,6
20260119,931,219983,25,9
20260119,932,260100,25,10
20260119,933,245079,25,11
20260119,934,215177,25,11
20260119,935,241745,25,11
20260119,936,223371,24,5
20260119,937,213775,24,5
20260119,938,223080,24,5
20260119,939,215002,24,5
20260119,940,267422,24,5
20260119,941,213584,24,6
20260119,942,266533,24,8
20260119,943,264029,24,9
20260119,944,260433,24,11
20260119,945,221542,24,13
20260119,946,202596,23,8
20260119,947,210913,23,9
20260119,948,212043,23,12
20260119,949,225850,23,6
20260119,950,215970,23,6
20260119,951,263751,23,6
20260119,952,221413,23,7
20260119,953,267409,23,7
20260119,954,220492,23,8
20260119,955,267841,23,9
20260119,956,215492,23,10
20260119,957,246518,23,12
20260119,958,239102,22,3
20260119,959,221150,22,7
20260119,960,222225,22,8
20260119,961,223163,22,9
20260119,962,266645,22,3
20260119,963,260150,22,3
20260119,964,263622,22,6
20260119,965,221221,22,6
20260119,966,265040,22,7
20260119,967,264069,22,7
20260119,968,252586,22,8
20260119,969,259981,22,9
20260119,970,253679,22,9
20260119,971,219331,22,10
20260119,972,239160,22,12
20260119,973,205815,21,2
20260119,974,221410,21,11
20260119,975,222762,21,3
20260119,976,215795,21,4
20260119,977,223375,21,5
20260119,978,221624,21,5
20260119,979,267022,21,6
20260119,980,264150,21,7
20260119,981,222028,21,7
20260119,982,270165,21,8
20260119,983,239478,21,8
20260119,984,264216,21,8
20260119,985,269253,20,5
20260119,986,259854,20,10
20260119,987,213541,20,6
20260119,988,269954,20,3
20260119,989,270195,20,4
20260119,990,221069,20,11
20260119,991,202858,20,2
20260119,992,214182,20,3
20260119,993,266379,20,6
20260119,994,216311,20,6
20260119,995,222032,20,7
20260119,996,267431,20,9
20260119,997,259907,20,9
20260119,998,260261,20,10
20260119,999,265207,19,8
20260119,1000,239390,19,9
20260126,1,214544,10990,0
20260126,2,216347,8328,0
20260126,3,221103,6423,0
20260126,4,216153,6320,0
20260126,5,214981,5850,0
20260126,6,202468,5453,0
20260126,7,259799,4731,0
20260126,8,211148,4267,0
20260126,9,201619,4111,0
20260126,10,202505,3512,0
20260126,11,206420,3375,0
20260126,12,202494,2856,0
20260126,13,222328,2641,0
20260126,14,220704,2530,0
20260126,15,215613,2515,0
20260126,16,239475,2447,0
20260126,17,211768,2366,0
20260126,18,214643,2122,0
20260126,19,214096,2083,0
20260126,20,216146,1983,0
20260126,21,210722,1956,0
20260126,22,223670,1953,0
20260126,23,220367,1821,0
20260126,24,211533,1741,0
20260126,25,221012,1728,0
20260126,26,211651,1676,0
20260126,27,260300,1671,0
20260126,28,215035,1610,0
20260126,29,221054,1607,0
20260126,30,213550,1567,0
20260126,31,233741,1549,0
20260126,32,206368,1517,0
20260126,33,214939,1511,0
20260126,34,214954,1446,0
20260126,35,211713,1427,0
20260126,36,222391,1351,0
20260126,37,220520,1335,0
20260126,38,215983,1316,0
20260126,39,220332,1303,0
20260126,40,222601,1262,0
20260126,41,201514,1249,0
20260126,42,213583,1232,0
20260126,43,214082,1227,0
20260126,44,213631,1225,0
20260126,45,211701,1215,0
20260126,46,216133,1197,0
20260126,47,201499,1185,0
20260126,48,201696,1171,0
20260126,49,223253,1159,0
20260126,50,202663,1157,0
20260126,51,215306,1149,0
20260126,52,213710,1134,0
20260126,53,206289,1133,0
20260126,54,238184,1121,0
20260126,55,215713,1106,0
20260126,56,220714,1099,0
20260126,57,211684,1093,0
20260126,58,206252,1081,0
20260126,59,222145,1075,0
20260126,60,221039,1070,0
20260126,61,206242,1052,0
20260126,62,221909,1026,0
20260126,63,221333,1018,0
20260126,64,215020,1016,0
20260126,65,222045,1008,0
20260126,66,222661,1004,0
20260126,67,203389,995,0
20260126,68,220548,987,0
20260126,69,215337,981,0
20260126,70,221024,979,0
20260126,71,215936,951,0
20260126,72,202499,935,0
20260126,73,211685,914,0
20260126,74,214388,913,0
20260126,75,201533,899,0
20260126,76,214040,892,0
20260126,77,219875,887,0
20260126,78,201548,881,0
20260126,79,211817,872,0
20260126,80,213887,855,0
20260126,81,238075,854,0
20260126,82,230870,850,0
20260126,83,203530,841,0
20260126,84,215785,840,0
20260126,85,216083,836,0
20260126,86,215138,825,0
20260126,87,215899,824,0
20260126,88,220416,822,0
20260126,89,239383,821,0
20260126,90,215910,819,0
20260126,91,213646,805,0
20260126,92,220716,804,0
20260126,93,215872,802,0
20260126,94,201709,799,0
20260126,95,211814,799,0
20260126,96,220465,783,0
20260126,97,215480,780,0
20260126,98,221985,779,0
20260126,99,219917,770,0
20260126,100,215219,770,0
20260126,101,221407,769,0
20260126,102,220662,765,0
20260126,103,206417,760,0
20260126,104,205925,755,0
20260126,105,220435,742,0
20260126,106,221257,742,0
20260126,107,214459,728,0
20260126,108,202460,725,0
20260126,109,210886,715,0
20260126,110,263857,701,0
20260126,111,214452,696,0
20260126,112,220309,694,0
20260126,113,211107,684,0
20260126,114,223286,666,0
20260126,115,214119,659,0
20260126,116,203501,652,0
20260126,117,220466,645,0
20260126,118,239456,640,0
20260126,119,221883,634,0
20260126,120,213525,623,0
20260126,121,211880,620,0
20260126,122,220348,615,0
20260126,123,213889,591,0
20260126,124,211337,590,0
20260126,125,243420,582,0
20260126,126,223360,582,0
20260126,127,222233,565,0
20260126,128,202600,557,0
20260126,129,259733,553,0
20260126,130,206294,552,0
20260126,131,222290,549,0
20260126,132,222258,548,0
20260126,133,201551,541,0
20260126,134,221626,538,0
20260126,135,203514,537,0
20260126,136,220750,526,0
20260126,137,236957,523,0
20260126,138,221237,523,0
20260126,139,214593,518,0
20260126,140,221124,514,0
20260126,141,220742,509,0
20260126,142,221307,509,0
20260126,143,223321,506,0
20260126,144,222966,504,0
20260126,145,216081,503,0
20260126,146,201478,498,0
20260126,147,201593,496,0
20260126,148,201458,495,0
20260126,149,220589,491,0
20260126,150,221236,490,0
20260126,151,214461,477,0
20260126,152,215992,471,0
20260126,153,263644,464,0
20260126,154,213576,464,0
20260126,155,260172,464,0
20260126,156,204431,455,0
20260126,157,206292,451,0
20260126,158,214604,447,0
20260126,159,223325,447,0
20260126,160,202604,445,0
20260126,161,223194,443,0
20260126,162,223331,440,0
20260126,163,221406,436,0
20260126,164,202684,430,0
20260126,165,215572,430,0
20260126,166,211316,424,0
20260126,167,256684,422,0
20260126,168,213666,418,0
20260126,169,202493,417,0
20260126,170,211279,410,0
20260126,171,211095,406,0
20260126,172,216265,405,0
20260126,173,215250,403,0
20260126,174,236955,403,0
20260126,175,220733,401,0
20260126,176,213873,398,0
20260126,177,267439,397,0
20260126,178,211635,396,0
20260126,179,211843,393,0
20260126,180,215062,389,0
20260126,181,220699,387,0
20260126,182,216097,387,0
20260126,183,210622,387,0
20260126,184,216016,386,0
20260126,185,215571,386,0
20260126,186,201545,383,0
20260126,187,223335,383,0
20260126,188,220454,380,0
20260126,189,213544,379,0
20260126,190,239389,377,0
20260126,191,221354,374,0
20260126,192,214262,373,0
20260126,193,204419,373,0
20260126,194,222017,368,0
20260126,195,214254,368,0
20260126,196,238064,366,0
20260126,197,216566,366,0
20260126,198,201611,365,0
20260126,199,214480,364,0
20260126,200,239436,363,0
20260126,1001,266651,19,0
20260126,1002,215065,19,0
20260126,1003,270315,19,0
20260126,1004,260297,19,0
20260126,1005,222202,19,0
20260126,1006,221025,19,0
20260126,1007,215647,19,0
20260126,1008,270129,19,0
20260126,1009,214784,19,0
20260126,1010,221148,19,0
20260126,1011,261098,19,0
20260126,1012,220276,19,0
20260126,1013,249659,19,0
20260126,1014,214453,18,0
20260126,1015,264180,18,0
20260126,1016,215696,18,0
20260126,1017,264975,18,0
20260126,1018,223160,18,0
20260126,1019,260306,18,0
20260126,1020,221371,18,0
20260126,1021,259576,18,0
20260126,1022,270159,18,0
20260126,1023,264140,18,0
20260126,1023,220391,18,0
20260126,1025,261066,18,0
20260126,1026,266720,18,0
20260126,1027,266765,18,0
20260126,1028,223411,18,0
20260126,1029,215372,18,0
20260126,1030,221736,18,0
20260126,1031,215616,18,0
20260126,1032,221055,18,0
20260126,1033,259105,18,0
20260126,1034,266659,18,0
20260126,1035,260556,18,0
20260126,1036,211043,17,0
20260126,1037,211021,17,0
20260126,1037,269710,17,0
20260126,1039,270181,17,0
20260126,1040,223398,17,0
20260126,1041,252584,17,0
20260126,1042,270125,17,0
20260126,1043,224485,17,0
20260126,1044,266523,17,0
20260126,1045,260777,17,0
20260126,1046,215236,17,0
20260126,1047,215926,17,0
20260126,1048,222602,17,0
20260126,1049,221269,17,0
20260126,1050,222177,17,0
20260126,1051,214398,17,0
20260126,1052,221740,17,0
20260126,1052,260085,17,0
20260126,1054,215712,17,0
20260126,1055,223308,17,0
20260126,1056,260580,16,0
20260126,1057,201662,16,0
20260126,1058,201539,16,0
20260126,1059,246476,16,0
20260126,1060,260888,16,0
20260126,1061,259713,16,0
20260126,1062,221915,16,0
20260126,1063,221862,16,0
20260126,1063,260842,16,0
20260126,1063,270322,16,0
20260126,1066,263687,16,0
20260126,1067,202916,16,0
20260126,1068,223404,16,0
20260126,1068,239474,16,0
20260126,1070,259797,16,0
20260126,1071,220286,16,0
20260126,1072,223284,16,0
20260126,1073,202387,16,0
20260126,1074,214277,16,0
20260126,1075,260323,16,0
20260126,1076,219444,16,0
20260126,1077,270262,15,0
20260126,1078,259989,15,0
20260126,1079,270100,15,0
20260126,1080,220297,15,0
20260126,1081,205964,15,0
20260126,1081,269275,15,0
20260126,1083,267534,15,0
20260126,1084,270091,15,0
20260126,1084,214297,15,0
20260126,1086,220875,15,0
20260126,1087,260604,15,0
20260126,1088,269772,15,0
20260126,1089,260871,15,0
20260126,1090,252519,15,0
20260126,1091,267387,15,0
20260126,1092,269864,15,0
20260126,1093,220564,15,0
20260126,1094,220551,15,0
20260126,1095,239477,15,0
20260126,1096,222239,15,0
20260126,1097,260717,15,0
20260126,1098,215805,15,0
20260126,1099,220689,15,0
20260126,1100,259113,15,0
20260126,1100,222376,15,0
20260126,1102,201585,14,0
20260126,1103,211285,14,0
20260126,1104,269259,14,0
20260126,1105,260711,14,0
20260126,1106,216225,14,0
20260126,1107,261964,14,0
20260126,1108,205562,14,0
20260126,1109,221013,14,0
20260126,1110,270019,14,0
20260126,1111,220266,14,0
20260126,1112,262883,14,0
20260126,1113,220436,14,0
20260126,1113,241715,14,0
20260126,1115,221310,14,0
20260126,1116,261968,14,0
20260126,1117,211208,14,0
20260126,1118,264505,14,0
20260126,1119,239449,14,0
20260126,1119,237465,14,0
20260126,1121,222734,14,0
20260126,1122,263889,14,0
20260126,1123,220048,14,0
20260126,1124,266549,14,0
20260126,1125,201318,13,0
20260126,1126,221441,13,0
20260126,1127,264962,13,0
20260126,1128,202478,13,0
20260126,1129,240996,13,0
20260126,1130,261133,13,0
20260126,1131,260914,13,0
20260126,1132,246484,13,0
20260126,1133,263808,13,0
20260126,1134,211407,13,0
20260126,1135,267920,13,0
20260126,1135,261278,13,0
20260126,1137,261008,13,0
20260126,1138,214746,13,0
20260126,1139,214577,13,0
20260126,1140,267848,13,0
20260126,1141,264510,13,0
20260126,1142,266629,13,0
20260126,1143,264280,13,0
20260126,1144,259590,13,0
20260126,1145,267425,13,0
20260126,1146,259914,13,0
20260126,1147,222895,13,0
20260126,1148,244079,13,0
20260126,1148,203370,13,0
20260126,1150,269801,13,0
20260126,1151,270065,13,0
20260126,1152,268772,13,0
20260126,1152,261132,13,0
20260126,1154,216381,13,0
20260126,1155,215721,12,0
20260126,1156,215937,12,0
20260126,1157,212034,12,0
20260126,1158,206205,12,0
20260126,1159,221688,12,0
20260126,1160,223159,12,0
20260126,1161,269838,12,0
20260126,1162,270320,12,0
20260126,1162,267180,12,0
20260126,1162,216287,12,0
20260126,1165,270132,12,0
20260126,1165,260926,12,0
20260126,1165,260631,12,0
20260126,1168,201431,12,0
20260126,1169,214019,12,0
20260126,1169,222509,12,0
20260126,1169,260693,12,0
20260126,1172,260398,12,0
20260126,1173,269734,12,0
20260126,1174,264107,12,0
20260126,1174,215353,12,0
20260126,1176,214460,12,0
20260126,1177,221377,12,0
20260126,1177,265713,12,0
20260126,1177,269835,12,0
20260126,1180,220887,12,0
20260126,1181,216315,12,0
20260126,1182,222748,12,0
20260126,1183,221771,12,0
20260126,1183,264226,12,0
20260126,1185,266409,12,0
20260126,1186,221933,11,0
20260126,1187,259739,11,0
20260126,1188,211592,11,0
20260126,1189,260827,11,0
20260126,1190,260865,11,0
20260126,1191,265628,11,0
20260126,1192,264971,11,0
20260126,1193,263646,11,0
20260126,1194,214450,11,0
20260126,1195,215085,11,0
20260126,1196,270274,11,0
20260126,1197,221375,11,0
20260126,1197,221913,11,0
20260126,1199,265020,11,0
20260126,1200,219872,11,0
20260126,1201,266374,11,0
20260126,1202,223389,11,0
20260126,1203,221158,11,0
20260126,1203,260224,11,0
20260126,1203,259998,11,0
20260126,1203,269254,11,0
20260126,1203,267932,11,0
20260126,1208,260400,11,0
20260126,1208,239126,11,0
20260126,1208,236968,11,0
20260126,1211,263676,11,0
20260126,1212,220563,11,0
20260126,1213,206408,10,0
20260126,1214,256710,10,0
20260126,1215,215735,10,0
20260126,1216,261082,10,0
20260126,1217,210500,10,0
20260126,1217,234490,10,0
20260126,1219,238209,10,0
20260126,1220,214503,10,0
20260126,1220,263858,10,0
20260126,1220,266476,10,0
20260126,1223,214860,10,0
20260126,1223,253665,10,0
20260126,1225,233725,10,0
20260126,1225,266819,10,0
20260126,1227,215467,10,0
20260126,1228,263940,10,0
20260126,1229,270047,10,0
20260126,1229,257867,10,0
20260126,1231,252582,10,0
20260126,1231,222215,10,0
20260126,1231,267734,10,0
20260126,1231,260622,10,0
20260126,1235,267441,10,0
20260126,1235,215854,10,0
20260126,1237,222158,10,0
20260126,1238,201691,10,0
20260126,1239,214974,10,0
20260126,1239,222213,10,0
20260126,1239,223198,10,0
20260126,1239,223153,10,0
20260126,1239,261021,10,0
20260126,1239,263905,10,0
20260126,1239,260984,10,0
20260126,1246,266795,10,0
20260126,1247,222318,10,0
20260126,1248,221258,10,0
20260126,1248,260378,10,0
20260126,1250,216405,10,0
20260126,1251,260774,10,0
20260126,1252,263775,9,0
20260126,1253,211779,9,0
20260126,1254,224482,9,0
20260126,1255,238068,9,0
20260126,1255,219874,9,0
20260126,1255,263625,9,0
20260126,1255,266543,9,0
20260126,1259,266467,9,0
20260126,1259,263890,9,0
20260126,1259,260583,9,0
20260126,1259,259769,9,0
20260126,1259,221463,9,0
20260126,1264,205492,9,0
20260126,1265,221371,9,0
20260126,1265,223397,9,0
20260126,1265,261094,9,0
20260126,1268,220512,9,0
20260126,1269,211600,9,0
20260126,1269,215161,9,0
20260126,1271,239484,9,0
20260126,1271,266532,9,0
20260126,1271,267435,9,0
20260126,1274,260828,9,0
20260126,1274,264966,9,0
20260126,1274,225861,9,0
20260126,1274,222613,9,0
20260126,1278,221315,9,0
20260126,1279,221197,9,0
20260126,1280,264151,8,0
20260126,1281,267545,8,0
20260126,1282,270072,8,0
20260126,1282,222377,8,0
20260126,1282,221621,8,0
20260126,1285,206402,8,0
20260126,1286,260159,8,0
20260126,1287,215189,8,0
20260126,1288,264063,8,0
20260126,1289,264274,8,0
20260126,1289,221030,8,0
20260126,1289,222847,8,0
20260126,1289,223435,8,0
20260126,1293,215174,8,0
20260126,1293,219754,8,0
20260126,1293,260122,8,0
20260126,1296,267723,8,0
20260126,1296,267722,8,0
20260126,1296,220633,8,0
20260126,1299,221524,8,0
20260126,1299,237467,8,0
20260126,1299,257881,8,0
20260126,1299,268778,8,0
20260126,1299,260957,8,0
20260126,1299,269906,8,0
20260126,1299,261104,8,0
20260126,1306,260185,8,0
20260126,1306,206161,8,0
20260126,1308,241735,8,0
20260126,1308,252494,8,0
20260126,1310,202440,7,0
20260126,1311,263978,7,0
20260126,1312,264275,7,0
20260126,1312,266686,7,0
20260126,1312,260137,7,0
20260126,1312,260674,7,0
20260126,1312,270194,7,0
20260126,1312,267473,7,0
20260126,1312,266406,7,0
20260126,1312,215956,7,0
20260126,1312,254760,7,0
20260126,1312,259579,7,0
20260126,1312,221248,7,0
20260126,1312,221037,7,0
20260126,1324,270281,7,0
20260126,1325,264215,7,0
20260126,1325,260091,7,0
20260126,1325,220356,7,0
20260126,1325,221044,7,0
20260126,1325,222061,7,0
20260126,1330,219697,7,0
20260126,1330,260204,7,0
20260126,1332,270186,7,0
20260126,1332,220289,7,0
20260126,1334,260881,7,0
20260126,1334,222274,7,0
20260126,1334,221083,7,0
20260126,1334,220394,7,0
20260126,1334,246485,7,0
20260126,1334,230120,7,0
20260126,1334,267462,7,0
20260126,1334,260742,7,0
20260126,1342,259964,7,0
20260126,1342,260993,7,0
20260126,1344,216156,7,0
20260126,1345,260715,7,0
20260126,1345,216140,7,0
20260126,1345,238071,7,0
20260126,1345,265195,7,0
20260126,1349,264242,6,0
20260126,1350,264986,6,0
20260126,1351,215043,6,0
20260126,1352,256711,6,0
20260126,1352,269872,6,0
20260126,1354,260455,6,0
20260126,1355,263766,6,0
20260126,1355,266541,6,0
20260126,1355,259608,6,0
20260126,1355,259895,6,0
20260126,1355,223356,6,0
20260126,1355,222637,6,0
20260126,1361,266492,6,0
20260126,1361,222623,6,0
20260126,1361,220772,6,0
20260126,1361,221515,6,0
20260126,1361,222845,6,0
20260126,1361,222309,6,0
20260126,1361,214048,6,0
20260126,1361,216073,6,0
20260126,1361,216092,6,0
20260126,1361,205789,6,0
20260126,1361,267465,6,0
20260126,1361,267424,6,0
20260126,1361,267927,6,0
20260126,1361,270115,6,0
20260126,1361,263717,6,0
20260126,1361,263701,6,0
20260126,1361,266372,6,0
20260126,1361,260373,6,0
20260126,1361,260653,6,0
20260126,1361,260503,6,0
20260126,1361,260962,6,0
20260126,1361,260792,6,0
20260126,1383,266763,6,0
20260126,1384,222161,6,0
20260126,1384,222095,6,0
20260126,1384,223006,6,0
20260126,1387,237481,6,0
20260126,1387,222520,6,0
20260126,1387,220071,6,0
20260126,1387,215222,6,0
20260126,1387,267408,6,0
20260126,1392,205918,5,0
20260126,1393,201527,5,0
20260126,1394,269948,5,0
20260126,1395,270350,5,0
20260126,1395,202443,5,0
20260126,1397,259719,5,0
20260126,1397,260867,5,0
20260126,1399,220422,5,0
20260126,1400,223452,5,0
20260126,1400,231641,5,0
20260126,1400,222332,5,0
20260126,1400,221963,5,0
20260126,1400,259779,5,0
20260126,1400,259887,5,0
20260126,1400,256682,5,0
20260126,1400,258195,5,0
20260126,1400,246489,5,0
20260126,1400,245076,5,0
20260126,1400,241022,5,0
20260126,1400,239172,5,0
20260126,1400,233729,5,0
20260126,1400,201672,5,0
20260126,1400,260974,5,0
20260126,1400,260066,5,0
20260126,1400,264198,5,0
20260126,1400,263706,5,0
20260126,1400,263962,5,0
20260126,1400,270164,5,0
20260126,1400,266781,5,0
20260126,1400,266713,5,0
20260126,1400,267671,5,0
20260126,1400,267748,5,0
20260126,1400,267453,5,0
20260126,1425,202424,5,0
20260126,1426,230121,5,0
20260126,1426,223352,5,0
20260126,1426,221346,5,0
20260126,1426,263809,5,0
20260126,1426,260464,5,0
20260126,1426,264252,5,0
20260126,1432,260709,5,0
20260126,1432,260779,5,0
20260126,1432,267449,5,0
20260126,1432,264229,5,0
20260126,1432,269757,5,0
20260126,1432,260723,5,0
20260126,1432,222180,5,0
20260126,1432,238205,5,0
20260126,1432,252565,5,0
20260126,1432,259569,5,0
20260126,1432,259614,5,0
20260126,1432,220469,5,0
20260126,1432,215430,5,0
20260126,1445,201399,4,0
20260126,1446,221988,4,0
20260126,1446,265610,4,0
20260126,1446,270302,4,0
20260126,1446,267744,4,0
20260126,1450,267083,4,0
20260126,1450,270154,4,0
20260126,1450,270046,4,0
20260126,1450,261129,4,0
20260126,1450,263818,4,0
20260126,1450,260178,4,0
20260126,1450,221222,4,0
20260126,1450,254770,4,0
20260126,1450,234236,4,0
20260126,1450,223268,4,0
20260126,1450,211796,4,0
20260126,1461,220790,4,0
20260126,1461,220934,4,0
20260126,1461,260479,4,0
20260126,1461,223071,4,0
20260126,1461,234223,4,0
20260126,1461,255666,4,0
20260126,1461,252487,4,0
20260126,1461,241018,4,0
20260126,1461,241003,4,0
20260126,1461,246480,4,0
20260126,1461,242450,4,0
20260126,1461,221520,4,0
20260126,1461,221127,4,0
20260126,1461,263838,4,0
20260126,1461,264114,4,0
20260126,1461,264243,4,0
20260126,1461,264998,4,0
20260126,1461,267695,4,0
20260126,1461,269753,4,0
20260126,1461,269773,4,0
20260126,1461,270133,4,0
20260126,1461,267732,4,0
20260126,1461,266700,4,0
20260126,1461,266593,4,0
20260126,1485,213596,3,0
20260126,1486,264086,3,0
20260126,1486,261029,3,0
20260126,1488,266892,3,0
20260126,1488,240163,3,0
20260126,1490,221979,3,0
20260126,1490,239157,3,0
20260126,1490,244077,3,0
20260126,1490,249668,3,0
20260126,1490,259803,3,0
20260126,1490,234506,3,0
20260126,1490,235155,3,0
20260126,1490,236989,3,0
20260126,1490,238084,3,0
20260126,1490,234247,3,0
20260126,1490,233745,3,0
20260126,1490,223416,3,0
20260126,1490,221207,3,0
20260126,1490,213898,3,0
20260126,1490,213827,3,0
20260126,1490,216198,3,0
20260126,1490,215162,3,0
20260126,1490,213944,3,0
20260126,1490,264139,3,0
20260126,1490,264138,3,0
20260126,1490,261092,3,0
20260126,1490,263666,3,0
20260126,1490,264068,3,0
20260126,1490,264270,3,0
20260126,1490,264980,3,0
20260126,1490,260940,3,0
20260126,1490,259990,3,0
20260126,1490,260443,3,0
20260126,1490,260393,3,0
20260126,1490,260238,3,0
20260126,1490,266714,3,0
20260126,1490,266463,3,0
20260126,1490,266805,3,0
20260126,1490,266852,3,0
20260126,1490,267937,3,0
20260126,1490,267493,3,0
20260126,1490,270117,3,0
20260126,1490,270066,3,0
20260126,1490,270109,3,0
20260126,1490,270207,3,0
20260126,1490,270258,3,0
20260126,1490,269775,3,0
20260126,1490,269718,3,0
20260126,1490,269732,3,0
20260126,1490,269769,3,0
20260126,1490,269972,3,0
20260126,1490,269878,3,0
20260126,1490,269937,3,0
20260126,201,201606,361,0
20260126,202,206007,360,0
20260126,203,215807,360,0
20260126,204,211702,359,0
20260126,205,266671,358,0
20260126,206,211227,353,0
20260126,207,220722,352,0
20260126,208,201613,348,0
20260126,209,214386,347,0
20260126,210,221803,347,0
20260126,211,201549,346,0
20260126,212,252499,344,0
20260126,213,214181,340,0
20260126,214,216055,338,0
20260126,215,222156,336,0
20260126,216,211552,334,0
20260126,217,212303,331,0
20260126,218,220446,330,0
20260126,219,216367,329,0
20260126,220,214149,328,0
20260126,221,236972,328,0
20260126,222,223168,327,0
20260126,223,221911,326,0
20260126,224,220770,326,0
20260126,225,215946,325,0
20260126,226,202662,325,0
20260126,227,214906,321,0
20260126,228,215370,319,0
20260126,229,201621,319,0
20260126,230,213620,318,0
20260126,231,259883,317,0
20260126,232,206430,316,0
20260126,233,223323,314,0
20260126,234,211901,311,0
20260126,235,223087,310,0
20260126,236,261972,309,0
20260126,237,215018,308,0
20260126,238,215453,305,0
20260126,239,214684,304,0
20260126,240,203564,303,0
20260126,241,259685,301,0
20260126,242,222080,300,0
20260126,243,213779,299,0
20260126,244,215988,299,0
20260126,245,220680,297,0
20260126,246,213908,297,0
20260126,247,211344,295,0
20260126,248,214826,293,0
20260126,249,214937,290,0
20260126,250,221073,287,0
20260126,251,222189,285,0
20260126,252,215898,283,0
20260126,253,221004,283,0
20260126,254,264149,282,0
20260126,255,213706,282,0
20260126,256,215996,280,0
20260126,257,215037,280,0
20260126,258,210303,278,0
20260126,259,221018,274,0
20260126,260,216074,274,0
20260126,261,203463,271,0
20260126,262,260170,269,0
20260126,263,214236,269,0
20260126,264,216213,267,0
20260126,265,222506,266,0
20260126,266,201586,263,0
20260126,267,232447,260,0
20260126,268,239392,258,0
20260126,269,215042,255,0
20260126,270,221164,255,0
20260126,271,223333,254,0
20260126,272,211643,253,0
20260126,273,222965,252,0
20260126,274,260761,252,0
20260126,275,206374,250,0
20260126,276,211878,249,0
20260126,277,214081,249,0
20260126,278,220489,247,0
20260126,279,261963,246,0
20260126,280,221905,244,0
20260126,281,222980,243,0
20260126,282,215614,242,0
20260126,283,214839,237,0
20260126,284,214219,237,0
20260126,285,214646,237,0
20260126,286,247669,237,0
20260126,287,214919,236,0
20260126,288,259758,234,0
20260126,289,221096,233,0
20260126,290,201610,232,0
20260126,291,260598,232,0
20260126,292,221362,229,0
20260126,293,222919,229,0
20260126,294,220757,225,0
20260126,295,213734,223,0
20260126,296,221768,223,0
20260126,297,204427,217,0
20260126,298,220718,216,0
20260126,299,258199,216,0
20260126,300,211411,215,0
20260126,301,221395,215,0
20260126,302,260765,215,0
20260126,303,246493,215,0
20260126,304,211844,214,0
20260126,305,221885,214,0
20260126,306,221099,214,0
20260126,307,201614,211,0
20260126,308,221209,211,0
20260126,309,211765,209,0
20260126,310,211846,209,0
20260126,311,220432,209,0
20260126,312,221512,207,0
20260126,313,214189,207,0
20260126,314,260581,207,0
20260126,315,201555,206,0
20260126,316,213789,206,0
20260126,317,215501,205,0
20260126,318,221411,202,0
20260126,319,260664,202,0
20260126,320,214521,201,0
20260126,321,260203,201,0
20260126,322,206194,200,0
20260126,323,239438,200,0
20260126,324,213949,199,0
20260126,325,203475,198,0
20260126,326,215878,197,0
20260126,327,222397,197,0
20260126,328,221243,196,0
20260126,329,206345,194,0
20260126,330,215386,194,0
20260126,331,215726,193,0
20260126,332,215290,193,0
20260126,333,222675,191,0
20260126,334,220735,190,0
20260126,335,211342,190,0
20260126,336,231639,188,0
20260126,337,259857,188,0
20260126,338,203435,187,0
20260126,339,256705,186,0
20260126,340,222944,186,0
20260126,341,256673,185,0
20260126,342,213821,184,0
20260126,343,203281,183,0
20260126,344,221014,183,0
20260126,345,259871,183,0
20260126,346,221220,182,0
20260126,347,239476,182,0
20260126,348,221434,181,0
20260126,349,264075,180,0
20260126,350,202688,180,0
20260126,351,215077,179,0
20260126,352,239397,177,0
20260126,353,215259,177,0
20260126,354,214301,177,0
20260126,355,262891,176,0
20260126,356,215820,175,0
20260126,357,210705,175,0
20260126,358,223410,174,0
20260126,359,215314,174,0
20260126,360,210847,174,0
20260126,361,235159,174,0
20260126,362,201666,174,0
20260126,363,214930,174,0
20260126,364,246478,173,0
20260126,365,201616,171,0
20260126,366,221382,171,0
20260126,367,204411,169,0
20260126,368,221213,169,0
20260126,369,211539,168,0
20260126,370,246481,168,0
20260126,371,221789,168,0
20260126,372,215431,167,0
20260126,373,211820,167,0
20260126,374,202410,167,0
20260126,375,221000,166,0
20260126,376,216385,166,0
20260126,377,252495,165,0
20260126,378,220513,165,0
20260126,379,221023,163,0
20260126,380,219887,163,0
20260126,381,221159,162,0
20260126,382,221191,161,0
20260126,383,215840,161,0
20260126,384,214992,161,0
20260126,385,266622,161,0
20260126,386,211529,161,0
20260126,387,260168,160,0
20260126,388,221364,160,0
20260126,389,215566,159,0
20260126,390,221265,159,0
20260126,391,220781,158,0
20260126,392,211920,158,0
20260126,393,232881,158,0
20260126,394,211063,157,0
20260126,395,213657,157,0
20260126,396,239156,156,0
20260126,397,215550,155,0
20260126,398,206362,155,0
20260126,399,259853,155,0
20260126,400,213849,154,0
20260126,401,211874,152,0
20260126,402,260541,152,0
20260126,403,220364,151,0
20260126,404,221178,150,0
20260126,405,206255,149,0
20260126,406,221247,149,0
20260126,407,221187,149,0
20260126,408,215588,149,0
20260126,409,221104,149,0
20260126,410,214546,148,0
20260126,411,213837,148,0
20260126,412,215592,148,0
20260126,413,221486,147,0
20260126,414,222454,147,0
20260126,415,259967,146,0
20260126,416,216139,146,0
20260126,417,214862,145,0
20260126,418,215064,144,0
20260126,419,203288,144,0
20260126,420,260510,144,0
20260126,421,220808,143,0
20260126,422,213767,143,0
20260126,423,221031,142,0
20260126,424,215468,142,0
20260126,425,220673,141,0
20260126,426,223302,141,0
20260126,427,236956,139,0
20260126,428,221369,139,0
20260126,429,254733,138,0
20260126,430,216116,137,0
20260126,431,214653,136,0
20260126,432,221259,136,0
20260126,433,264187,136,0
20260126,434,216253,136,0
20260126,435,220554,133,0
20260126,436,222297,133,0
20260126,437,215166,133,0
20260126,438,266450,133,0
20260126,439,222559,132,0
20260126,440,211756,132,0
20260126,441,220598,132,0
20260126,442,260206,132,0
20260126,443,220613,132,0
20260126,444,213974,130,0
20260126,445,221020,129,0
20260126,446,216095,127,0
20260126,447,221443,127,0
20260126,448,260171,127,0
20260126,449,223415,126,0
20260126,450,239442,126,0
20260126,451,211329,126,0
20260126,452,201524,125,0
20260126,453,220842,124,0
20260126,454,221945,123,0
20260126,455,201483,121,0
20260126,456,220447,121,0
20260126,457,220560,120,0
20260126,458,219625,120,0
20260126,459,216162,120,0
20260126,460,222092,120,0
20260126,461,204394,120,0
20260126,462,222276,120,0
20260126,463,233742,119,0
20260126,464,259794,119,0
20260126,465,221242,119,0
20260126,466,252493,118,0
20260126,467,213753,118,0
20260126,468,215459,118,0
20260126,469,206124,117,0
20260126,470,214418,117,0
20260126,471,213771,117,0
20260126,472,214779,117,0
20260126,473,221229,117,0
20260126,474,202434,116,0
20260126,475,260913,116,0
20260126,476,216324,116,0
20260126,477,203513,115,0
20260126,478,259916,114,0
20260126,479,216044,114,0
20260126,480,221086,114,0
20260126,481,260006,113,0
20260126,482,221168,113,0
20260126,483,203578,113,0
20260126,484,216160,113,0
20260126,485,222171,112,0
20260126,486,260714,112,0
20260126,487,223100,112,0
20260126,488,214507,111,0
20260126,489,236967,111,0
20260126,490,215733,111,0
20260126,491,223141,111,0
20260126,492,260763,110,0
20260126,493,240998,110,0
20260126,494,264228,110,0
20260126,495,220306,109,0
20260126,496,260667,109,0
20260126,497,260539,109,0
20260126,498,221181,108,0
20260126,499,211646,108,0
20260126,500,214600,107,0
20260126,501,216268,107,0
20260126,502,202921,107,0
20260126,503,244087,107,0
20260126,504,231625,106,0
20260126,505,215802,105,0
20260126,506,222891,105,0
20260126,507,220502,104,0
20260126,508,216579,104,0
20260126,509,245077,104,0
20260126,510,222458,104,0
20260126,511,215971,104,0
20260126,512,252488,103,0
20260126,513,221952,103,0
20260126,514,214741,101,0
20260126,515,213998,100,0
20260126,516,260951,100,0
20260126,517,202536,99,0
20260126,518,260647,99,0
20260126,519,216331,99,0
20260126,520,222369,98,0
20260126,521,222859,98,0
20260126,522,264967,98,0
20260126,523,260565,98,0
20260126,524,222273,98,0
20260126,525,214505,98,0
20260126,526,201520,97,0
20260126,527,259591,97,0
20260126,528,266376,97,0
20260126,529,259690,96,0
20260126,530,216075,96,0
20260126,531,221657,96,0
20260126,532,256712,96,0
20260126,533,201554,95,0
20260126,534,222837,95,0
20260126,535,211809,95,0
20260126,536,220351,95,0
20260126,537,214935,95,0
20260126,538,211668,94,0
20260126,539,211328,94,0
20260126,540,220164,94,0
20260126,541,216076,93,0
20260126,542,261015,93,0
20260126,543,214238,92,0
20260126,544,216007,92,0
20260126,545,264227,91,0
20260126,546,213947,91,0
20260126,547,214271,91,0
20260126,548,221959,91,0
20260126,549,261049,90,0
20260126,550,216062,90,0
20260126,551,267420,90,0
20260126,552,216173,90,0
20260126,553,260142,89,0
20260126,554,221109,89,0
20260126,555,252587,88,0
20260126,556,215398,88,0
20260126,557,270058,88,0
20260126,558,230882,88,0
20260126,559,265197,88,0
20260126,560,220946,88,0
20260126,561,263881,88,0
20260126,562,214319,87,0
20260126,563,259820,87,0
20260126,564,222986,87,0
20260126,565,220429,86,0
20260126,566,219892,86,0
20260126,567,203500,85,0
20260126,568,211222,85,0
20260126,569,241717,85,0
20260126,570,221982,85,0
20260126,571,247647,84,0
20260126,572,263853,84,0
20260126,573,260514,84,0
20260126,574,221834,84,0
20260126,575,260613,84,0
20260126,576,259913,83,0
20260126,577,202454,83,0
20260126,578,200748,82,0
20260126,579,201329,82,0
20260126,580,210138,82,0
20260126,581,202619,82,0
20260126,582,222347,82,0
20260126,583,266469,81,0
20260126,584,260296,81,0
20260126,585,206102,81,0
20260126,586,257874,81,0
20260126,587,260737,81,0
20260126,588,264144,81,0
20260126,589,260708,81,0
20260126,590,254748,80,0
20260126,591,221116,80,0
20260126,592,266864,79,0
20260126,593,221914,79,0
20260126,594,260490,79,0
20260126,595,215832,78,0
20260126,596,267882,78,0
20260126,597,215806,78,0
20260126,598,221141,78,0
20260126,599,214540,78,0
20260126,600,239393,78,0
20260126,601,214212,78,0
20260126,602,264064,77,0
20260126,603,213772,77,0
20260126,604,206248,77,0
20260126,605,223203,76,0
20260126,606,266800,76,0
20260126,607,221454,76,0
20260126,608,215909,76,0
20260126,609,220496,75,0
20260126,610,221473,75,0
20260126,611,214868,75,0
20260126,612,269755,75,0
20260126,613,214909,75,0
20260126,614,222390,75,0
20260126,615,215472,75,0
20260126,616,260966,74,0
20260126,617,222878,74,0
20260126,618,211269,74,0
20260126,619,221157,74,0
20260126,620,214091,74,0
20260126,621,260445,74,0
20260126,622,221886,74,0
20260126,623,228909,74,0
20260126,624,261071,74,0
20260126,625,214007,74,0
20260126,626,216051,73,0
20260126,627,220550,73,0
20260126,628,215163,73,0
20260126,629,222481,73,0
20260126,630,210526,73,0
20260126,631,220827,73,0
20260126,632,264192,72,0
20260126,633,263872,72,0
20260126,634,220597,72,0
20260126,635,233747,72,0
20260126,636,201506,71,0
20260126,637,239386,71,0
20260126,638,265701,71,0
20260126,639,206406,71,0
20260126,640,266901,71,0
20260126,641,221497,71,0
20260126,642,202430,71,0
20260126,643,215013,71,0
20260126,644,203575,70,0
20260126,645,260141,70,0
20260126,646,211951,69,0
20260126,647,221062,69,0
20260126,648,260339,69,0
20260126,649,210537,69,0
20260126,650,266722,68,0
20260126,651,213896,68,0
20260126,652,259567,68,0
20260126,653,260446,68,0
20260126,654,241714,68,0
20260126,655,230880,68,0
20260126,656,236980,68,0
20260126,657,234474,67,0
20260126,658,204309,67,0
20260126,659,259754,67,0
20260126,660,267382,66,0
20260126,661,222037,66,0
20260126,662,213672,65,0
20260126,663,252571,65,0
20260126,664,206075,65,0
20260126,665,222223,65,0
20260126,666,214872,64,0
20260126,667,266937,64,0
20260126,668,225858,64,0
20260126,669,220392,64,0
20260126,670,220672,64,0
20260126,671,203591,63,0
20260126,672,260787,63,0
20260126,673,204294,63,0
20260126,674,245094,63,0
20260126,675,260766,63,0
20260126,676,263869,62,0
20260126,677,215545,62,0
20260126,678,266448,62,0
20260126,679,221465,61,0
20260126,680,260254,61,0
20260126,681,221165,61,0
20260126,682,206219,59,0
20260126,683,261038,59,0
20260126,684,213739,59,0
20260126,685,215151,58,0
20260126,686,259575,58,0
20260126,687,260225,58,0
20260126,688,266431,58,0
20260126,689,221003,58,0
20260126,690,216587,57,0
20260126,691,223120,57,0
20260126,692,215778,57,0
20260126,693,202580,56,0
20260126,694,206335,56,0
20260126,695,216038,56,0
20260126,696,263909,56,0
20260126,697,211719,56,0
20260126,698,220891,56,0
20260126,699,261097,56,0
20260126,700,258191,56,0
20260126,701,203354,55,0
20260126,702,222296,55,0
20260126,703,214020,55,0
20260126,704,221994,55,0
20260126,705,260847,55,0
20260126,706,264130,55,0
20260126,707,254765,55,0
20260126,708,220740,55,0
20260126,709,220053,55,0
20260126,710,260694,55,0
20260126,711,213551,55,0
20260126,712,215019,54,0
20260126,713,252531,54,0
20260126,714,215707,54,0
20260126,715,221370,54,0
20260126,716,260167,53,0
20260126,717,222667,53,0
20260126,718,269714,53,0
20260126,719,222346,53,0
20260126,720,252509,53,0
20260126,721,221474,53,0
20260126,722,216180,53,0
20260126,723,211260,52,0
20260126,724,266682,52,0
20260126,725,222184,52,0
20260126,726,266771,52,0
20260126,727,216186,52,0
20260126,728,214713,52,0
20260126,729,260368,52,0
20260126,730,235161,52,0
20260126,731,215921,52,0
20260126,732,264207,52,0
20260126,733,260101,51,0
20260126,734,202464,51,0
20260126,735,220578,51,0
20260126,736,214877,51,0
20260126,737,215134,51,0
20260126,738,225854,51,0
20260126,739,270076,51,0
20260126,740,215697,51,0
20260126,741,237454,51,0
20260126,742,220645,51,0
20260126,743,221139,51,0
20260126,744,265692,51,0
20260126,745,239158,51,0
20260126,746,264205,50,0
20260126,747,221192,50,0
20260126,748,233718,50,0
20260126,749,239422,50,0
20260126,750,201518,49,0
20260126,751,216262,49,0
20260126,752,213976,49,0
20260126,753,269870,49,0
20260126,754,220497,49,0
20260126,755,221210,48,0
20260126,756,265688,48,0
20260126,757,266488,48,0
20260126,758,263941,48,0
20260126,759,216316,48,0
20260126,760,260214,48,0
20260126,761,215505,48,0
20260126,762,202672,47,0
20260126,763,216078,47,0
20260126,764,260762,47,0
20260126,765,260226,47,0
20260126,766,220453,47,0
20260126,767,270061,47,0
20260126,768,220614,47,0
20260126,769,216013,47,0
20260126,770,252535,47,0
20260126,771,220493,47,0
20260126,772,260848,46,0
20260126,773,215693,46,0
20260126,774,220684,46,0
20260126,775,221903,46,0
20260126,776,222396,46,0
20260126,777,239387,46,0
20260126,778,260273,46,0
20260126,779,221864,46,0
20260126,780,266642,46,0
20260126,781,267428,45,0
20260126,782,260042,45,0
20260126,783,221568,45,0
20260126,784,214405,44,0
20260126,785,214696,44,0
20260126,786,220997,44,0
20260126,787,215879,44,0
20260126,788,270080,44,0
20260126,789,222299,44,0
20260126,790,221773,44,0
20260126,791,260032,44,0
20260126,792,267651,44,0
20260126,793,221469,43,0
20260126,794,221746,43,0
20260126,795,210158,43,0
20260126,796,223402,43,0
20260126,797,219979,43,0
20260126,798,214535,42,0
20260126,799,260638,42,0
20260126,800,239454,42,0
20260126,801,215966,42,0
20260126,802,216256,42,0
20260126,803,220713,41,0
20260126,804,222255,41,0
20260126,805,223373,41,0
20260126,806,222330,41,0
20260126,807,201481,41,0
20260126,808,211544,41,0
20260126,809,216158,41,0
20260126,810,222305,41,0
20260126,811,215096,40,0
20260126,812,266529,40,0
20260126,813,203509,40,0
20260126,814,202693,39,0
20260126,815,267176,39,0
20260126,816,211541,39,0
20260126,817,214934,39,0
20260126,818,260582,39,0
20260126,819,259104,38,0
20260126,820,203533,38,0
20260126,821,259858,38,0
20260126,822,260277,38,0
20260126,823,216107,38,0
20260126,824,204223,38,0
20260126,825,220491,38,0
20260126,826,266381,37,0
20260126,827,230876,37,0
20260126,828,266851,37,0
20260126,829,221195,37,0
20260126,830,202446,36,0
20260126,831,201540,36,0
20260126,832,213721,36,0
20260126,833,259996,36,0
20260126,834,260845,36,0
20260126,835,263626,36,0
20260126,836,264973,36,0
20260126,837,220591,36,0
20260126,838,260612,36,0
20260126,839,220494,36,0
20260126,840,220642,36,0
20260126,841,211864,35,0
20260126,842,222000,35,0
20260126,843,203537,35,0
20260126,844,223326,35,0
20260126,845,258192,35,0
20260126,846,223418,35,0
20260126,847,266758,35,0
20260126,848,201582,34,0
20260126,849,264961,34,0
20260126,850,270082,34,0
20260126,851,239446,34,0
20260126,852,222262,34,0
20260126,853,215015,34,0
20260126,854,214901,34,0
20260126,855,228910,34,0
20260126,856,234481,34,0
20260126,857,222668,34,0
20260126,858,220825,33,0
20260126,859,263974,33,0
20260126,860,266407,33,0
20260126,861,264167,33,0
20260126,862,214771,33,0
20260126,863,223421,33,0
20260126,864,215440,33,0
20260126,865,264978,33,0
20260126,866,206336,33,0
20260126,867,221585,33,0
20260126,868,222856,32,0
20260126,869,266455,32,0
20260126,870,253681,32,0
20260126,871,264085,32,0
20260126,872,211511,32,0
20260126,873,267400,32,0
20260126,874,211921,32,0
20260126,875,202639,32,0
20260126,876,210672,32,0
20260126,877,264131,32,0
20260126,878,260062,32,0
20260126,879,221173,32,0
20260126,880,222294,32,0
20260126,881,261957,30,0
20260126,882,267104,30,0
20260126,883,269866,30,0
20260126,884,263148,30,0
20260126,885,202669,30,0
20260126,886,222367,30,0
20260126,887,260767,30,0
20260126,888,221219,30,0
20260126,889,260279,30,0
20260126,890,239453,30,0
20260126,891,214800,29,0
20260126,892,268770,29,0
20260126,893,214605,29,0
20260126,894,223146,29,0
20260126,895,259965,29,0
20260126,896,204434,28,0
20260126,897,263995,28,0
20260126,898,221509,28,0
20260126,899,206060,28,0
20260126,900,266509,28,0
20260126,901,263980,28,0
20260126,902,221741,28,0
20260126,903,260860,28,0
20260126,904,235160,28,0
20260126,905,260528,28,0
20260126,906,210645,28,0
20260126,907,221203,28,0
20260126,908,202453,27,0
20260126,909,222137,27,0
20260126,910,263677,27,0
20260126,911,260017,27,0
20260126,912,221468,27,0
20260126,913,220470,27,0
20260126,914,255662,27,0
20260126,915,263801,27,0
20260126,916,220690,26,0
20260126,917,210337,26,0
20260126,918,256686,26,0
20260126,919,220695,26,0
20260126,920,222421,26,0
20260126,921,270078,26,0
20260126,922,260003,26,0
20260126,923,214519,26,0
20260126,924,269717,25,0
20260126,925,267115,25,0
20260126,926,213830,25,0
20260126,927,259762,25,0
20260126,928,221440,25,0
20260126,929,260374,25,0
20260126,930,213948,25,0
20260126,931,219983,25,0
20260126,932,260100,25,0
20260126,933,245079,25,0
20260126,934,215177,25,0
20260126,935,241745,25,0
20260126,936,223371,24,0
20260126,937,213775,24,0
20260126,938,223080,24,0
20260126,939,215002,24,0
20260126,940,267422,24,0
20260126,941,213584,24,0
20260126,942,266533,24,0
20260126,943,264029,24,0
20260126,944,260433,24,0
20260126,945,221542,24,0
20260126,946,202596,23,0
20260126,947,210913,23,0
20260126,948,212043,23,0
20260126,949,225850,23,0
20260126,950,215970,23,0
20260126,951,263751,23,0
20260126,952,221413,23,0
20260126,953,267409,23,0
20260126,954,220492,23,0
20260126,955,267841,23,0
20260126,956,215492,23,0
20260126,957,246518,23,0
20260126,958,239102,22,0
20260126,959,221150,22,0
20260126,960,222225,22,0
20260126,961,223163,22,0
20260126,962,266645,22,0
20260126,963,260150,22,0
20260126,964,263622,22,0
20260126,965,221221,22,0
20260126,966,265040,22,0
20260126,967,264069,22,0
20260126,968,252586,22,0
20260126,969,259981,22,0
20260126,970,253679,22,0
20260126,971,219331,22,0
20260126,972,239160,22,0
20260126,973,205815,21,0
20260126,974,221410,21,0
20260126,975,222762,21,0
20260126,976,215795,21,0
20260126,977,223375,21,0
20260126,978,221624,21,0
20260126,979,267022,21,0
20260126,980,264150,21,0
20260126,981,222028,21,0
20260126,982,270165,21,0
20260126,983,239478,21,0
20260126,984,264216,21,0
20260126,985,269253,20,0
20260126,986,259854,20,0
20260126,987,213541,20,0
20260126,988,269954,20,0
20260126,989,270195,20,0
20260126,990,221069,20,0
20260126,991,202858,20,0
20260126,992,214182,20,0
20260126,993,266379,20,0
20260126,994,216311,20,0
20260126,995,222032,20,0
20260126,996,267431,20,0
20260126,997,259907,20,0
20260126,998,260261,20,0
20260126,999,265207,19,0
20260126,1000,239390,19,0
20260202,1,214544,10990,20
20260202,2,216347,7978,20
20260202,3,214981,7610,23
20260202,4,216153,6680,21
20260202,5,221103,6423,20
20260202,6,202468,6103,23
20260202,7,259799,4731,20
20260202,8,211148,4267,19
20260202,9,202505,3342,20
20260202,10,202494,3205,16
20260202,11,206420,2983,25
20260202,12,222328,2761,24
20260202,13,239475,2606,21
20260202,14,211768,2366,19
20260202,15,201619,2351,19
20260202,16,220704,2345,23
20260202,17,215613,2095,25
20260202,18,214643,2062,23
20260202,19,214096,2058,16
20260202,20,260300,2031,21
20260202,21,223670,1953,26
20260202,22,210722,1936,22
20260202,23,216146,1863,19
20260202,24,211533,1801,21
20260202,25,220367,1701,27
20260202,26,221012,1658,15
20260202,27,214939,1575,22
20260202,28,213550,1567,26
20260202,29,233741,1549,28
20260202,30,221054,1547,23
20260202,31,214954,1446,16
20260202,32,220520,1395,26
20260202,33,216133,1356,24
20260202,34,222391,1349,22
20260202,35,211713,1307,26
20260202,36,201514,1303,23
20260202,37,213631,1285,23
20260202,38,206368,1277,21
20260202,39,202663,1277,25
20260202,40,211701,1275,24
20260202,41,215983,1243,25
20260202,42,222601,1202,23
20260202,43,215035,1175,22
20260202,44,238184,1175,17
20260202,45,223253,1163,27
20260202,46,215306,1142,27
20260202,47,222145,1139,22
20260202,48,201696,1111,20
20260202,49,206289,1110,26
20260202,50,220548,1107,21
20260202,51,220714,1099,28
20260202,52,206252,1091,15
20260202,53,221039,1091,31
20260202,54,213583,1089,33
20260202,55,221909,1086,24
20260202,56,221024,1071,25
20260202,57,213710,1069,27
20260202,58,215713,1068,21
20260202,59,220332,1043,22
20260202,60,211684,1033,25
20260202,61,222661,1004,21
20260202,62,214082,997,23
20260202,63,221333,987,22
20260202,64,214388,973,28
20260202,65,211651,966,18
20260202,66,215936,941,23
20260202,67,222045,933,25
20260202,68,206242,932,24
20260202,69,238075,912,27
20260202,70,201709,909,28
20260202,71,216083,896,24
20260202,72,211817,892,22
20260202,73,219875,887,27
20260202,74,201548,881,26
20260202,75,215020,868,27
20260202,76,221407,868,24
20260202,77,203389,865,17
20260202,78,211814,859,30
20260202,79,220309,854,26
20260202,80,215785,851,24
20260202,81,211685,848,26
20260202,82,201533,839,21
20260202,83,230870,837,25
20260202,84,214040,837,29
20260202,85,219917,830,32
20260202,86,215138,825,25
20260202,87,220416,822,29
20260202,88,215337,811,22
20260202,89,203530,810,22
20260202,90,213646,806,27
20260202,91,220716,805,26
20260202,92,213887,804,29
20260202,93,215872,802,33
20260202,94,215899,786,27
20260202,95,202499,785,23
20260202,96,220465,783,27
20260202,97,215219,778,23
20260202,98,215910,771,32
20260202,99,221985,769,31
20260202,100,201499,765,18
20260202,101,239383,753,20
20260202,102,263857,744,32
20260202,103,220662,735,27
20260202,104,221257,727,31
20260202,105,215480,720,28
20260202,106,210886,720,29
20260202,107,220435,719,32
20260202,108,223360,712,20
20260202,109,205925,710,24
20260202,110,214459,688,29
20260202,111,203501,671,13
20260202,112,223286,657,29
20260202,113,213666,654,26
20260202,114,214119,649,23
20260202,115,206417,649,32
20260202,116,239456,649,28
20260202,117,214452,642,26
20260202,118,221883,634,31
20260202,119,220348,627,25
20260202,120,211107,624,24
20260202,121,222258,618,22
20260202,122,220466,612,21
20260202,123,222233,603,21
20260202,124,211337,600,32
20260202,125,213889,599,20
20260202,126,211880,596,22
20260202,127,202460,595,13
20260202,128,260172,592,14
20260202,129,222290,583,27
20260202,130,206294,582,24
20260202,131,221626,569,19
20260202,132,221124,561,28
20260202,133,201551,560,35
20260202,134,259733,553,26
20260202,135,243420,539,28
20260202,136,203514,537,30
20260202,137,221307,536,14
20260202,138,236957,534,27
20260202,139,221236,533,26
20260202,140,214593,527,26
20260202,141,223321,527,28
20260202,142,213525,521,16
20260202,143,202600,518,24
20260202,144,220750,516,26
20260202,145,220742,499,30
20260202,146,216081,493,23
20260202,147,201593,486,11
20260202,148,223194,486,28
20260202,149,201458,485,10
20260202,150,201478,483,35
20260202,151,222966,475,22
20260202,152,202684,473,18
20260202,153,214461,467,22
20260202,154,220722,467,33
20260202,155,221237,463,27
20260202,156,214604,457,30
20260202,157,252499,456,21
20260202,158,213576,453,24
20260202,159,202604,451,33
20260202,160,223325,447,22
20260202,161,215992,444,28
20260202,162,215370,443,16
20260202,163,263644,435,16
20260202,164,221406,433,27
20260202,165,211316,431,29
20260202,166,215572,430,23
20260202,167,211843,422,16
20260202,168,256684,421,19
20260202,169,220589,421,14
20260202,170,202493,418,31
20260202,171,267439,416,23
20260202,172,222017,413,27
20260202,173,221803,413,28
20260202,174,216097,413,26
20260202,175,211635,408,30
20260202,176,215571,406,27
20260202,177,206292,406,27
20260202,178,214181,401,23
20260202,179,223331,399,16
20260202,180,211095,398,19
20260202,181,211279,394,23
20260202,182,215250,393,22
20260202,183,220733,388,25
20260202,184,216265,387,27
20260202,185,201545,385,16
20260202,186,204431,384,21
20260202,187,220699,382,25
20260202,188,220454,380,25
20260202,189,239389,374,25
20260202,190,213873,374,29
20260202,191,221354,374,24
20260202,192,215062,373,20
20260202,193,223168,373,18
20260202,194,211227,373,24
20260202,195,204419,373,23
20260202,196,214254,368,28
20260202,197,214262,365,24
20260202,198,223335,360,22
20260202,199,214149,358,30
20260202,200,239436,356,30
20260202,1001,221440,19,4
20260202,1002,260297,19,4
20260202,1003,222202,19,5
20260202,1004,221025,19,5
20260202,1005,211796,19,6
20260202,1006,222032,19,6
20260202,1007,214784,19,7
20260202,1008,220276,19,9
20260202,1009,266659,19,11
20260202,1010,215696,18,11
20260202,1011,264975,18,2
20260202,1012,223160,18,2
20260202,1013,260306,18,3
20260202,1014,221371,18,3
20260202,1015,210500,18,3
20260202,1016,259576,18,4
20260202,1017,270159,18,4
20260202,1018,264140,18,4
20260202,1018,220391,18,4
20260202,1020,261066,18,5
20260202,1021,266720,18,6
20260202,1022,266765,18,6
20260202,1023,223411,18,7
20260202,1024,221736,18,8
20260202,1025,215616,18,9
20260202,1026,221055,18,9
20260202,1027,222177,18,10
20260202,1028,259105,18,10
20260202,1029,223308,18,12
20260202,1030,201540,17,4
20260202,1031,203533,17,2
20260202,1032,211043,17,9
20260202,1033,211021,17,2
20260202,1033,269710,17,2
20260202,1035,270181,17,3
20260202,1036,270320,17,3
20260202,1037,223398,17,4
20260202,1038,252584,17,6
20260202,1039,224485,17,6
20260202,1040,266523,17,6
20260202,1041,215236,17,7
20260202,1042,215926,17,7
20260202,1043,221148,17,9
20260202,1044,214398,17,9
20260202,1045,249659,17,9
20260202,1046,221740,17,9
20260202,1047,215712,17,10
20260202,1047,260323,17,10
20260202,1049,260580,16,3
20260202,1050,246476,16,9
20260202,1051,260888,16,4
20260202,1052,259713,16,6
20260202,1053,221915,16,8
20260202,1054,221862,16,2
20260202,1054,260842,16,2
20260202,1054,269275,16,2
20260202,1054,270322,16,2
20260202,1058,263687,16,5
20260202,1059,202916,16,5
20260202,1060,223404,16,5
20260202,1060,239474,16,5
20260202,1062,260777,16,5
20260202,1063,259797,16,6
20260202,1064,220286,16,7
20260202,1065,223284,16,8
20260202,1066,202387,16,8
20260202,1067,214277,16,8
20260202,1068,219444,16,10
20260202,1068,263889,16,10
20260202,1070,270262,15,1
20260202,1071,221441,15,6
20260202,1072,259989,15,4
20260202,1073,270100,15,4
20260202,1074,220297,15,8
20260202,1075,205964,15,1
20260202,1076,267534,15,2
20260202,1077,210337,15,3
20260202,1078,270091,15,4
20260202,1079,220875,15,5
20260202,1080,269772,15,5
20260202,1081,260871,15,5
20260202,1082,252519,15,6
20260202,1083,220564,15,6
20260202,1084,220551,15,6
20260202,1085,222239,15,7
20260202,1086,260717,15,7
20260202,1087,215805,15,7
20260202,1088,221310,15,7
20260202,1088,220689,15,7
20260202,1090,269254,15,8
20260202,1091,259113,15,8
20260202,1091,222376,15,8
20260202,1093,260556,15,10
20260202,1094,201539,14,6
20260202,1095,211285,14,8
20260202,1096,269259,14,3
20260202,1097,260711,14,4
20260202,1098,216225,14,6
20260202,1099,261964,14,7
20260202,1100,205562,14,7
20260202,1101,263808,14,10
20260202,1102,270019,14,3
20260202,1103,214297,14,3
20260202,1104,262883,14,4
20260202,1105,220436,14,5
20260202,1105,241715,14,5
20260202,1107,261968,14,6
20260202,1108,211208,14,6
20260202,1109,264505,14,7
20260202,1110,215372,14,7
20260202,1110,239449,14,7
20260202,1112,222734,14,8
20260202,1112,244079,14,8
20260202,1114,220048,14,8
20260202,1115,260085,14,8
20260202,1116,266549,14,12
20260202,1117,201318,13,1
20260202,1118,264962,13,6
20260202,1119,215721,13,7
20260202,1120,202478,13,7
20260202,1121,261133,13,6
20260202,1122,260914,13,7
20260202,1123,211407,13,2
20260202,1124,267920,13,2
20260202,1124,261278,13,2
20260202,1126,261008,13,3
20260202,1127,214746,13,3
20260202,1128,214577,13,3
20260202,1129,267848,13,3
20260202,1130,264510,13,4
20260202,1131,266629,13,4
20260202,1132,264280,13,4
20260202,1133,267425,13,6
20260202,1133,237465,13,6
20260202,1135,269835,13,6
20260202,1136,259914,13,6
20260202,1137,203370,13,7
20260202,1138,269801,13,7
20260202,1139,260185,13,7
20260202,1140,270065,13,7
20260202,1141,268772,13,8
20260202,1141,261132,13,8
20260202,1141,222748,13,8
20260202,1144,221013,13,8
20260202,1145,264226,13,9
20260202,1146,260400,13,10
20260202,1147,216381,13,11
20260202,1148,259739,12,7
20260202,1149,221688,12,1
20260202,1150,223159,12,2
20260202,1151,269838,12,2
20260202,1152,267180,12,2
20260202,1152,216287,12,2
20260202,1154,270132,12,3
20260202,1154,260926,12,3
20260202,1154,260631,12,3
20260202,1157,201431,12,3
20260202,1158,214019,12,3
20260202,1158,222509,12,3
20260202,1158,260693,12,3
20260202,1161,260398,12,4
20260202,1162,269734,12,4
20260202,1163,259590,12,4
20260202,1164,215353,12,5
20260202,1164,264107,12,5
20260202,1166,266541,12,5
20260202,1166,214460,12,5
20260202,1168,221377,12,6
20260202,1169,220887,12,6
20260202,1169,215467,12,6
20260202,1171,246484,12,6
20260202,1172,216315,12,6
20260202,1173,221771,12,8
20260202,1174,266409,12,8
20260202,1175,221933,11,7
20260202,1176,211592,11,7
20260202,1177,260827,11,1
20260202,1178,265628,11,3
20260202,1179,264971,11,4
20260202,1180,214450,11,4
20260202,1181,215085,11,4
20260202,1182,270274,11,4
20260202,1183,269864,11,5
20260202,1184,221375,11,5
20260202,1184,221913,11,5
20260202,1184,239477,11,5
20260202,1187,265020,11,5
20260202,1188,219872,11,5
20260202,1189,266374,11,6
20260202,1190,222602,11,6
20260202,1191,221158,11,7
20260202,1191,260224,11,7
20260202,1191,259998,11,7
20260202,1191,267932,11,7
20260202,1195,206161,11,7
20260202,1196,239126,11,8
20260202,1196,236968,11,8
20260202,1198,263676,11,8
20260202,1199,260774,11,10
20260202,1199,220563,11,10
20260202,1201,215735,10,5
20260202,1202,212034,10,7
20260202,1203,206205,10,9
20260202,1204,234490,10,1
20260202,1205,238209,10,2
20260202,1206,214503,10,3
20260202,1206,263858,10,3
20260202,1206,266476,10,3
20260202,1209,214860,10,3
20260202,1209,253665,10,3
20260202,1211,233725,10,3
20260202,1211,266819,10,3
20260202,1213,210702,10,3
20260202,1214,260604,10,4
20260202,1215,260338,10,4
20260202,1216,263940,10,4
20260202,1217,257867,10,4
20260202,1218,252582,10,5
20260202,1218,222215,10,5
20260202,1218,265713,10,5
20260202,1218,260622,10,5
20260202,1218,267734,10,5
20260202,1218,267387,10,5
20260202,1224,215854,10,5
20260202,1225,201691,10,6
20260202,1226,214974,10,6
20260202,1226,222213,10,6
20260202,1226,223198,10,6
20260202,1226,223153,10,6
20260202,1226,263905,10,6
20260202,1226,260984,10,6
20260202,1232,266795,10,6
20260202,1233,211600,10,7
20260202,1234,222318,10,7
20260202,1235,221258,10,8
20260202,1235,260378,10,8
20260202,1237,216405,10,8
20260202,1238,263775,9,6
20260202,1239,211779,9,6
20260202,1240,215937,9,5
20260202,1241,224482,9,3
20260202,1242,238068,9,4
20260202,1242,219874,9,4
20260202,1242,263625,9,4
20260202,1242,266543,9,4
20260202,1246,270194,9,4
20260202,1247,267441,9,4
20260202,1248,266467,9,5
20260202,1248,260583,9,5
20260202,1248,223435,9,5
20260202,1248,259769,9,5
20260202,1248,221463,9,5
20260202,1253,215647,9,5
20260202,1253,205492,9,5
20260202,1255,221371,9,5
20260202,1255,223397,9,5
20260202,1255,261082,9,5
20260202,1255,261094,9,5
20260202,1259,215161,9,6
20260202,1260,239484,9,6
20260202,1260,266532,9,6
20260202,1260,267435,9,6
20260202,1263,260828,9,7
20260202,1263,225861,9,7
20260202,1263,222613,9,7
20260202,1263,221524,9,7
20260202,1267,221197,9,9
20260202,1268,264151,8,3
20260202,1269,267545,8,3
20260202,1270,270072,8,3
20260202,1270,221621,8,3
20260202,1270,222377,8,3
20260202,1270,240996,8,3
20260202,1274,206402,8,3
20260202,1275,260159,8,3
20260202,1276,264063,8,3
20260202,1277,264274,8,4
20260202,1277,222847,8,4
20260202,1279,219754,8,4
20260202,1279,260122,8,4
20260202,1281,220512,8,4
20260202,1282,220633,8,5
20260202,1282,267723,8,5
20260202,1282,267722,8,5
20260202,1285,268778,8,6
20260202,1285,260957,8,6
20260202,1285,264966,8,6
20260202,1285,269906,8,6
20260202,1285,261104,8,6
20260202,1285,237467,8,6
20260202,1285,257881,8,6
20260202,1292,241735,8,8
20260202,1293,266383,7,3
20260202,1294,202440,7,4
20260202,1295,263978,7,5
20260202,1296,202443,7,4
20260202,1297,215956,7,3
20260202,1297,221940,7,3
20260202,1297,254760,7,3
20260202,1297,259579,7,3
20260202,1297,221030,7,3
20260202,1297,221248,7,3
20260202,1297,263890,7,3
20260202,1297,266686,7,3
20260202,1297,264275,7,3
20260202,1297,260674,7,3
20260202,1297,260137,7,3
20260202,1297,267473,7,3
20260202,1297,266406,7,3
20260202,1310,270281,7,3
20260202,1311,264215,7,3
20260202,1311,260091,7,3
20260202,1311,222061,7,3
20260202,1311,222606,7,3
20260202,1311,221044,7,3
20260202,1311,220356,7,3
20260202,1311,259104,7,3
20260202,1318,260204,7,4
20260202,1318,264138,7,4
20260202,1320,270186,7,4
20260202,1320,220289,7,4
20260202,1322,260881,7,5
20260202,1322,246485,7,5
20260202,1322,230120,7,5
20260202,1322,220394,7,5
20260202,1322,221083,7,5
20260202,1322,222274,7,5
20260202,1322,267462,7,5
20260202,1322,261021,7,5
20260202,1322,260742,7,5
20260202,1331,259964,7,5
20260202,1331,260993,7,5
20260202,1331,221315,7,5
20260202,1331,222158,7,5
20260202,1335,223389,7,6
20260202,1335,216156,7,6
20260202,1337,260715,7,7
20260202,1337,238071,7,7
20260202,1337,252494,7,7
20260202,1337,265195,7,7
20260202,1341,264242,6,4
20260202,1342,264986,6,6
20260202,1343,215043,6,4
20260202,1344,269872,6,5
20260202,1345,270047,6,3
20260202,1345,260455,6,3
20260202,1347,259895,6,3
20260202,1347,263766,6,3
20260202,1347,259608,6,3
20260202,1347,222637,6,3
20260202,1347,223356,6,3
20260202,1352,222895,6,4
20260202,1352,256682,6,4
20260202,1352,266492,6,4
20260202,1352,222623,6,4
20260202,1352,220772,6,4
20260202,1352,221515,6,4
20260202,1352,222332,6,4
20260202,1352,222309,6,4
20260202,1352,216073,6,4
20260202,1352,216092,6,4
20260202,1352,205789,6,4
20260202,1352,263717,6,4
20260202,1352,263701,6,4
20260202,1352,266372,6,4
20260202,1352,260373,6,4
20260202,1352,260653,6,4
20260202,1352,260503,6,4
20260202,1352,260962,6,4
20260202,1352,260792,6,4
20260202,1352,270115,6,4
20260202,1352,267927,6,4
20260202,1352,267465,6,4
20260202,1374,266763,6,4
20260202,1375,222161,6,5
20260202,1375,222095,6,5
20260202,1375,223006,6,5
20260202,1375,223352,6,5
20260202,1379,237481,6,6
20260202,1379,222520,6,6
20260202,1379,216140,6,6
20260202,1379,221269,6,6
20260202,1379,220071,6,6
20260202,1379,215222,6,6
20260202,1379,267408,6,6
20260202,1379,267695,6,6
20260202,1387,205918,5,3
20260202,1388,201527,5,3
20260202,1389,202453,5,4
20260202,1390,269948,5,4
20260202,1391,256710,5,5
20260202,1392,270350,5,3
20260202,1393,259719,5,4
20260202,1394,220422,5,5
20260202,1395,223452,5,3
20260202,1395,231641,5,3
20260202,1395,221963,5,3
20260202,1395,259779,5,3
20260202,1395,259887,5,3
20260202,1395,258195,5,3
20260202,1395,246489,5,3
20260202,1395,245076,5,3
20260202,1395,241022,5,3
20260202,1395,239172,5,3
20260202,1395,233729,5,3
20260202,1395,201672,5,3
20260202,1395,214048,5,3
20260202,1395,215174,5,3
20260202,1395,270164,5,3
20260202,1395,267424,5,3
20260202,1395,267671,5,3
20260202,1395,267748,5,3
20260202,1395,267453,5,3
20260202,1395,266713,5,3
20260202,1395,266781,5,3
20260202,1395,264198,5,3
20260202,1395,263706,5,3
20260202,1395,263962,5,3
20260202,1395,260974,5,3
20260202,1395,260066,5,3
20260202,1421,260464,5,4
20260202,1421,264252,5,4
20260202,1421,263809,5,4
20260202,1421,230121,5,4
20260202,1421,221346,5,4
20260202,1426,260723,5,5
20260202,1426,222180,5,5
20260202,1426,238205,5,5
20260202,1426,252565,5,5
20260202,1426,259569,5,5
20260202,1426,259614,5,5
20260202,1426,215430,5,5
20260202,1426,220469,5,5
20260202,1426,267449,5,5
20260202,1426,264229,5,5
20260202,1426,270133,5,5
20260202,1426,269757,5,5
20260202,1438,214453,4,4
20260202,1439,201399,4,3
20260202,1440,221988,4,4
20260202,1440,265610,4,4
20260202,1440,270302,4,4
20260202,1443,270154,4,3
20260202,1443,267083,4,3
20260202,1443,261129,4,3
20260202,1443,263818,4,3
20260202,1443,260893,4,3
20260202,1443,260178,4,3
20260202,1443,221222,4,3
20260202,1443,254770,4,3
20260202,1443,234236,4,3
20260202,1443,223268,4,3
20260202,1453,260479,4,4
20260202,1453,234223,4,4
20260202,1453,255666,4,4
20260202,1453,252487,4,4
20260202,1453,241003,4,4
20260202,1453,241018,4,4
20260202,1453,246480,4,4
20260202,1453,242450,4,4
20260202,1453,221520,4,4
20260202,1453,260779,4,4
20260202,1453,260709,4,4
20260202,1453,263838,4,4
20260202,1453,264114,4,4
20260202,1453,264243,4,4
20260202,1453,264998,4,4
20260202,1453,267732,4,4
20260202,1453,266700,4,4
20260202,1453,266593,4,4
20260202,1453,270066,4,4
20260202,1453,269753,4,4
20260202,1453,269773,4,4
20260202,1474,213596,3,3
20260202,1475,264086,3,3
20260202,1475,261029,3,3
20260202,1477,260867,3,3
20260202,1477,266892,3,3
20260202,1477,240163,3,3
20260202,1477,256711,3,3
20260202,1481,259803,3,3
20260202,1481,239157,3,3
20260202,1481,221979,3,3
20260202,1481,244077,3,3
20260202,1481,249668,3,3
20260202,1481,234506,3,3
20260202,1481,234247,3,3
20260202,1481,235155,3,3
20260202,1481,236989,3,3
20260202,1481,238084,3,3
20260202,1481,233745,3,3
20260202,1481,223416,3,3
20260202,1481,223071,3,3
20260202,1481,222845,3,3
20260202,1481,221127,3,3
20260202,1481,221207,3,3
20260202,1481,213898,3,3
20260202,1481,213944,3,3
20260202,1481,213827,3,3
20260202,1481,219697,3,3
20260202,1481,216198,3,3
20260202,1481,220934,3,3
20260202,1481,220790,3,3
20260202,1481,264139,3,3
20260202,1481,261092,3,3
20260202,1481,263666,3,3
20260202,1481,264068,3,3
20260202,1481,264270,3,3
20260202,1481,264980,3,3
20260202,1481,260940,3,3
20260202,1481,259990,3,3
20260202,1481,260393,3,3
20260202,1481,260443,3,3
20260202,1481,260238,3,3
20260202,1481,269769,3,3
20260202,1481,269797,3,3
20260202,1481,269972,3,3
20260202,1481,269878,3,3
20260202,1481,269937,3,3
20260202,1481,269267,3,3
20260202,1481,269718,3,3
20260202,1481,269732,3,3
20260202,1481,269775,3,3
20260202,1481,270207,3,3
20260202,1481,270109,3,3
20260202,1481,270117,3,3
20260202,1481,270258,3,3
20260202,1481,266463,3,3
20260202,1481,266714,3,3
20260202,1481,266805,3,3
20260202,1481,266852,3,3
20260202,1481,267937,3,3
20260202,1481,267493,3,3
20260202,201,201611,354,13
20260202,202,215946,352,26
20260202,203,222156,351,28
20260202,204,236955,347,23
20260202,205,214906,346,19
20260202,206,214480,346,32
20260202,207,210622,345,28
20260202,208,215453,344,30
20260202,209,213544,340,18
20260202,210,201613,339,25
20260202,211,266671,339,20
20260202,212,216055,339,25
20260202,213,215988,338,32
20260202,214,220446,333,27
20260202,215,201621,333,26
20260202,216,201606,331,17
20260202,217,206007,328,31
20260202,218,215037,325,20
20260202,219,223323,324,30
20260202,220,203564,323,34
20260202,221,202662,323,24
20260202,222,238064,322,18
20260202,223,214386,319,21
20260202,224,216367,319,26
20260202,225,259883,317,15
20260202,226,216016,315,15
20260202,227,220680,312,20
20260202,228,223087,311,21
20260202,229,211702,310,27
20260202,230,206430,306,29
20260202,231,211552,302,27
20260202,232,211901,302,28
20260202,233,222080,300,27
20260202,234,259685,300,22
20260202,235,210303,298,34
20260202,236,216566,298,14
20260202,237,221911,298,37
20260202,238,211344,295,24
20260202,239,214826,293,26
20260202,240,221004,293,21
20260202,241,212303,290,32
20260202,242,215996,290,27
20260202,243,222189,289,35
20260202,244,213779,288,32
20260202,245,236972,288,19
20260202,246,211643,287,25
20260202,247,214236,286,32
20260202,248,213620,285,26
20260202,249,264149,280,26
20260202,250,204411,279,11
20260202,251,213706,279,33
20260202,252,215807,278,27
20260202,253,220770,278,27
20260202,254,214646,275,25
20260202,255,216074,274,20
20260202,256,221073,273,31
20260202,257,203463,271,20
20260202,258,214937,271,20
20260202,259,213908,270,25
20260202,260,260664,270,15
20260202,261,222919,270,22
20260202,262,260170,268,28
20260202,263,232447,267,23
20260202,264,222506,266,29
20260202,265,216213,263,23
20260202,266,221018,261,25
20260202,267,211878,260,25
20260202,268,223333,257,33
20260202,269,214684,255,28
20260202,270,215042,255,19
20260202,271,239392,254,27
20260202,272,214919,249,22
20260202,273,261972,247,18
20260202,274,261963,246,16
20260202,275,220489,244,25
20260202,276,222980,244,12
20260202,277,201586,242,15
20260202,278,215614,241,31
20260202,279,214081,241,17
20260202,280,258199,241,29
20260202,281,211539,240,13
20260202,282,201610,239,22
20260202,283,214219,237,24
20260202,284,247669,232,20
20260202,285,260598,232,26
20260202,286,260765,231,11
20260202,287,221164,230,26
20260202,288,256705,230,25
20260202,289,221362,229,20
20260202,290,221905,224,7
20260202,291,260761,221,16
20260202,292,220757,221,32
20260202,293,221099,216,26
20260202,294,221395,215,20
20260202,295,246493,215,22
20260202,296,215898,214,21
20260202,297,211844,214,27
20260202,298,220718,210,21
20260202,299,259758,210,25
20260202,300,260203,210,15
20260202,301,220432,209,21
20260202,302,211846,208,28
20260202,303,221209,208,17
20260202,304,259857,207,19
20260202,305,214189,207,24
20260202,306,215290,207,25
20260202,307,213789,206,22
20260202,308,213767,205,18
20260202,309,215501,205,19
20260202,310,222397,205,20
20260202,311,201555,204,10
20260202,312,221512,204,12
20260202,313,215386,203,19
20260202,314,260581,202,25
20260202,315,221411,202,21
20260202,316,201614,201,9
20260202,317,215726,201,30
20260202,318,215018,200,22
20260202,319,206194,200,20
20260202,320,239438,200,16
20260202,321,222944,200,19
20260202,322,259871,199,14
20260202,323,215878,197,24
20260202,324,221243,196,19
20260202,325,221885,195,19
20260202,326,222965,194,21
20260202,327,220735,194,24
20260202,328,221220,194,23
20260202,329,213734,193,13
20260202,330,221191,193,25
20260202,331,222559,192,26
20260202,332,222675,191,20
20260202,333,203475,190,21
20260202,334,206345,188,20
20260202,335,214521,187,24
20260202,336,211411,185,12
20260202,337,231639,185,17
20260202,338,260168,185,16
20260202,339,213821,184,25
20260202,340,201549,183,10
20260202,341,203281,183,26
20260202,342,221014,183,23
20260202,343,215077,182,27
20260202,344,239476,182,19
20260202,345,213949,181,30
20260202,346,264075,181,9
20260202,347,211342,181,17
20260202,348,206374,180,10
20260202,349,220781,180,27
20260202,350,221434,180,20
20260202,351,221096,178,24
20260202,352,202688,178,22
20260202,353,213657,177,28
20260202,354,256673,177,17
20260202,355,262891,176,12
20260202,356,215820,175,27
20260202,357,246478,175,24
20260202,358,220808,174,15
20260202,359,215314,174,18
20260202,360,214930,174,18
20260202,361,223410,173,24
20260202,362,221104,173,20
20260202,363,211765,172,19
20260202,364,266376,172,5
20260202,365,221768,172,23
20260202,366,221382,171,27
20260202,367,221213,169,12
20260202,368,221789,168,17
20260202,369,239397,167,23
20260202,370,201666,167,24
20260202,371,210705,166,13
20260202,372,216385,166,10
20260202,373,222296,165,3
20260202,374,221178,165,18
20260202,375,252495,165,8
20260202,376,221364,165,24
20260202,377,220513,165,25
20260202,378,214301,164,21
20260202,379,210847,164,19
20260202,380,259853,164,21
20260202,381,266622,163,13
20260202,382,211820,162,19
20260202,383,221159,162,19
20260202,384,223302,162,19
20260202,385,221000,161,28
20260202,386,215840,161,24
20260202,387,214992,161,19
20260202,388,203435,161,31
20260202,389,219887,161,19
20260202,390,211529,161,22
20260202,391,221023,160,27
20260202,392,260541,160,20
20260202,393,221265,159,21
20260202,394,211920,158,15
20260202,395,232881,158,28
20260202,396,215588,157,27
20260202,397,214839,156,20
20260202,398,201483,155,17
20260202,399,215550,155,18
20260202,400,215566,155,24
20260202,401,206362,155,20
20260202,402,211063,154,28
20260202,403,202410,153,24
20260202,404,260510,152,21
20260202,405,213837,151,21
20260202,406,220364,151,34
20260202,407,235159,150,20
20260202,408,206255,149,15
20260202,409,259794,149,16
20260202,410,216116,149,18
20260202,411,236956,149,20
20260202,412,214546,148,25
20260202,413,215592,148,22
20260202,414,215431,147,24
20260202,415,211874,147,23
20260202,416,201662,146,3
20260202,417,216139,146,23
20260202,418,214862,145,17
20260202,419,203288,144,21
20260202,420,201616,142,13
20260202,421,215468,142,15
20260202,422,213849,141,30
20260202,423,221486,141,18
20260202,424,221187,140,19
20260202,425,246481,140,19
20260202,426,215064,139,19
20260202,427,220673,138,24
20260202,428,254733,138,21
20260202,429,264187,138,19
20260202,430,216253,136,20
20260202,431,260206,135,18
20260202,432,220554,134,10
20260202,433,221259,134,16
20260202,434,215166,133,18
20260202,435,214653,133,22
20260202,436,213974,133,23
20260202,437,221031,132,24
20260202,438,221020,132,19
20260202,439,211756,132,11
20260202,440,220598,132,15
20260202,441,221247,130,18
20260202,442,211329,129,27
20260202,443,215259,128,24
20260202,444,220613,128,19
20260202,445,264228,127,22
20260202,446,223415,126,24
20260202,447,239442,126,25
20260202,448,221086,126,12
20260202,449,222276,126,20
20260202,450,213753,125,15
20260202,451,239156,125,21
20260202,452,260171,125,21
20260202,453,266450,125,22
20260202,454,222454,124,9
20260202,455,221242,123,14
20260202,456,219625,123,21
20260202,457,216095,122,23
20260202,458,215459,121,22
20260202,459,206124,120,15
20260202,460,216162,120,23
20260202,461,222092,120,22
20260202,462,221369,120,19
20260202,463,204394,120,22
20260202,464,267420,119,18
20260202,465,252493,118,20
20260202,466,259967,117,13
20260202,467,260006,117,21
20260202,468,221443,117,18
20260202,469,221229,117,20
20260202,470,202434,116,13
20260202,471,214779,116,18
20260202,472,216324,115,13
20260202,473,236967,114,19
20260202,474,259916,114,14
20260202,475,216044,114,19
20260202,476,214418,114,13
20260202,477,223100,114,23
20260202,478,204427,113,11
20260202,479,259591,113,22
20260202,480,260913,113,22
20260202,481,220842,113,10
20260202,482,220560,113,24
20260202,483,264227,113,15
20260202,484,221168,113,23
20260202,485,203578,113,11
20260202,486,216160,113,24
20260202,487,203513,113,13
20260202,488,222171,112,20
20260202,489,260714,112,13
20260202,490,214507,111,13
20260202,491,260763,111,18
20260202,492,260667,111,16
20260202,493,201524,111,19
20260202,494,223141,111,21
20260202,495,240998,110,9
20260202,496,247647,109,23
20260202,497,220306,109,18
20260202,498,220447,109,17
20260202,499,221181,108,24
20260202,500,216268,107,17
20260202,501,202921,107,16
20260202,502,244087,107,20
20260202,503,222891,107,20
20260202,504,211646,107,20
20260202,505,233742,106,26
20260202,506,231625,106,18
20260202,507,260647,106,20
20260202,508,214741,105,16
20260202,509,214600,105,15
20260202,510,215802,104,13
20260202,511,216579,104,20
20260202,512,222458,104,18
20260202,513,222297,103,17
20260202,514,245077,103,21
20260202,515,202619,103,15
20260202,516,260565,103,19
20260202,517,215733,102,23
20260202,518,222859,102,19
20260202,519,221657,102,17
20260202,520,215971,102,23
20260202,521,221945,101,24
20260202,522,260514,101,19
20260202,523,222986,101,21
20260202,524,213998,100,26
20260202,525,252488,100,19
20260202,526,260951,100,7
20260202,527,221116,100,10
20260202,528,260539,100,19
20260202,529,220502,99,17
20260202,530,216331,99,18
20260202,531,222369,98,20
20260202,532,211809,98,14
20260202,533,264967,98,13
20260202,534,221952,98,13
20260202,535,214271,98,18
20260202,536,222273,98,19
20260202,537,201520,97,9
20260202,538,202536,97,8
20260202,539,216075,96,14
20260202,540,214505,96,17
20260202,541,256712,96,20
20260202,542,201554,95,11
20260202,543,220351,95,18
20260202,544,222837,94,17
20260202,545,211328,94,16
20260202,546,220164,94,11
20260202,547,216076,93,14
20260202,548,213771,93,16
20260202,549,200748,92,6
20260202,550,216007,92,15
20260202,551,220827,92,17
20260202,552,221157,91,18
20260202,553,257874,91,23
20260202,554,266864,91,9
20260202,555,221982,91,17
20260202,556,221959,91,21
20260202,557,261049,90,18
20260202,558,211222,90,13
20260202,559,213947,90,19
20260202,560,216173,90,18
20260202,561,260142,89,9
20260202,562,214238,89,21
20260202,563,221109,89,16
20260202,564,211719,89,16
20260202,565,265197,89,16
20260202,566,252587,88,30
20260202,567,270058,88,10
20260202,568,230882,88,14
20260202,569,220946,88,19
20260202,570,263881,88,20
20260202,571,215398,87,16
20260202,572,214319,87,16
20260202,573,259690,87,24
20260202,574,259913,87,15
20260202,575,220429,87,19
20260202,576,260296,86,16
20260202,577,219892,86,20
20260202,578,211668,85,12
20260202,579,241717,85,11
20260202,580,221834,84,6
20260202,581,260613,84,21
20260202,582,260737,83,13
20260202,583,202454,83,15
20260202,584,201329,82,3
20260202,585,210138,82,21
20260202,586,214091,82,16
20260202,587,263853,82,14
20260202,588,264144,81,12
20260202,589,222390,81,16
20260202,590,266469,80,14
20260202,591,269755,80,13
20260202,592,215151,79,19
20260202,593,264064,79,18
20260202,594,269714,79,7
20260202,595,215778,79,13
20260202,596,222347,79,16
20260202,597,239393,79,18
20260202,598,221914,79,20
20260202,599,260490,79,20
20260202,600,260966,78,12
20260202,601,215832,78,12
20260202,602,260708,78,16
20260202,603,214212,78,21
20260202,604,213772,77,19
20260202,605,214935,77,17
20260202,606,214540,77,16
20260202,607,221454,77,22
20260202,608,223203,76,10
20260202,609,266800,76,10
20260202,610,260445,76,13
20260202,611,261015,76,13
20260202,612,214007,76,23
20260202,613,267882,75,15
20260202,614,220496,75,20
20260202,615,221473,75,8
20260202,616,214868,75,10
20260202,617,214909,75,12
20260202,618,260787,74,12
20260202,619,215806,74,20
20260202,620,221886,74,12
20260202,621,216051,73,19
20260202,622,206102,73,18
20260202,623,216062,73,12
20260202,624,210526,73,16
20260202,625,228909,73,18
20260202,626,203500,72,9
20260202,627,264192,72,6
20260202,628,263872,72,10
20260202,629,220597,72,15
20260202,630,206406,72,14
20260202,631,222878,72,13
20260202,632,261071,72,16
20260202,633,265701,71,12
20260202,634,266901,71,16
20260202,635,221497,71,9
20260202,636,220550,71,11
20260202,637,260339,71,11
20260202,638,202430,71,13
20260202,639,215163,71,13
20260202,640,215013,71,14
20260202,641,260446,71,16
20260202,642,215472,70,17
20260202,643,260141,70,21
20260202,644,259567,69,18
20260202,645,211269,69,9
20260202,646,254765,69,9
20260202,647,206248,69,15
20260202,648,210537,69,16
20260202,649,230880,69,17
20260202,650,236980,69,18
20260202,651,266722,68,5
20260202,652,252531,68,12
20260202,653,222481,68,14
20260202,654,241714,68,15
20260202,655,214872,67,18
20260202,656,225858,67,15
20260202,657,263909,67,9
20260202,658,204309,67,12
20260202,659,259754,67,13
20260202,660,220672,67,21
20260202,661,267382,66,6
20260202,662,252571,66,20
20260202,663,222037,66,6
20260202,664,221141,66,13
20260202,665,220891,66,17
20260202,666,215909,66,21
20260202,667,221062,65,14
20260202,668,266937,64,14
20260202,669,220392,64,11
20260202,670,221165,64,14
20260202,671,213672,63,10
20260202,672,203591,63,10
20260202,673,206075,63,16
20260202,674,266448,63,16
20260202,675,260766,63,17
20260202,676,259820,62,11
20260202,677,215545,62,14
20260202,678,202672,61,25
20260202,679,221465,61,16
20260202,680,245094,61,13
20260202,681,260254,61,12
20260202,682,263869,60,11
20260202,683,203354,60,13
20260202,684,233747,60,16
20260202,685,234474,60,20
20260202,686,206219,59,7
20260202,687,239386,59,12
20260202,688,213739,59,16
20260202,689,260694,59,16
20260202,690,221994,58,21
20260202,691,259575,58,14
20260202,692,260225,58,12
20260202,693,266431,58,12
20260202,694,216587,57,15
20260202,695,261038,57,11
20260202,696,213896,57,16
20260202,697,216038,57,21
20260202,698,223120,57,17
20260202,699,260368,57,7
20260202,700,202580,56,12
20260202,701,213551,56,16
20260202,702,261097,56,16
20260202,703,221003,56,18
20260202,704,260847,55,11
20260202,705,264130,55,13
20260202,706,220740,55,13
20260202,707,220053,55,14
20260202,708,237454,55,15
20260202,709,258191,55,17
20260202,710,204294,54,12
20260202,711,215707,54,13
20260202,712,221370,54,15
20260202,713,239158,54,17
20260202,714,222667,53,16
20260202,715,214713,53,18
20260202,716,222346,53,14
20260202,717,252509,53,14
20260202,718,221474,53,15
20260202,719,264207,53,16
20260202,720,220645,53,16
20260202,721,216180,53,16
20260202,722,214020,52,15
20260202,723,215019,52,14
20260202,724,266682,52,10
20260202,725,235161,52,6
20260202,726,220497,52,16
20260202,727,201506,51,7
20260202,728,260101,51,10
20260202,729,206335,51,6
20260202,730,202464,51,11
20260202,731,220578,51,19
20260202,732,260167,51,11
20260202,733,215134,51,22
20260202,734,222184,51,12
20260202,735,225854,51,13
20260202,736,270076,51,8
20260202,737,215921,51,12
20260202,738,265692,51,16
20260202,739,252535,51,21
20260202,740,211951,50,17
20260202,741,264205,50,14
20260202,742,254748,50,4
20260202,743,221192,50,6
20260202,744,233718,50,7
20260202,745,239422,50,8
20260202,746,216262,49,1
20260202,747,216186,49,13
20260202,748,260273,49,11
20260202,749,269870,49,12
20260202,750,239454,49,19
20260202,751,265688,48,19
20260202,752,266488,48,9
20260202,753,263941,48,10
20260202,754,216316,48,11
20260202,755,260214,48,12
20260202,756,215505,48,14
20260202,757,260762,47,11
20260202,758,220453,47,9
20260202,759,221139,47,13
20260202,760,260848,46,12
20260202,761,220684,46,13
20260202,762,239387,46,8
20260202,763,266642,46,12
20260202,764,267651,46,19
20260202,765,201518,45,7
20260202,766,267428,45,7
20260202,767,214877,45,12
20260202,768,260042,45,6
20260202,769,221864,45,11
20260202,770,260032,45,15
20260202,771,221568,45,21
20260202,772,201585,44,5
20260202,773,204223,44,14
20260202,774,221903,44,12
20260202,775,266771,44,12
20260202,776,270080,44,6
20260202,777,206060,44,7
20260202,778,222330,44,10
20260202,779,270061,44,10
20260202,780,216013,44,10
20260202,781,222299,44,14
20260202,782,221773,44,15
20260202,783,221469,43,12
20260202,784,221746,43,9
20260202,785,223402,43,9
20260202,786,219979,43,17
20260202,787,214696,42,10
20260202,788,260638,42,8
20260202,789,222223,42,7
20260202,790,210158,42,8
20260202,791,263626,42,9
20260202,792,211541,42,12
20260202,793,215966,42,17
20260202,794,216256,42,18
20260202,795,260226,41,13
20260202,796,215879,41,14
20260202,797,222255,41,5
20260202,798,223373,41,7
20260202,799,215697,41,9
20260202,800,216158,41,14
20260202,801,263995,40,9
20260202,802,266529,40,11
20260202,803,222305,40,13
20260202,804,221210,39,10
20260202,805,214535,39,11
20260202,806,215693,39,18
20260202,807,206108,39,1
20260202,808,202693,39,8
20260202,809,267176,39,8
20260202,810,211544,39,12
20260202,811,260582,39,16
20260202,812,220713,38,10
20260202,813,215096,38,4
20260202,814,259858,38,10
20260202,815,260277,38,11
20260202,816,216107,38,12
20260202,817,214934,38,13
20260202,818,220491,38,13
20260202,819,203509,38,14
20260202,820,221585,38,17
20260202,821,266381,37,8
20260202,822,230876,37,12
20260202,823,266851,37,7
20260202,824,221195,37,10
20260202,825,202446,36,2
20260202,826,213721,36,15
20260202,827,260845,36,8
20260202,828,264973,36,9
20260202,829,220591,36,9
20260202,830,260003,36,14
20260202,831,220642,36,16
20260202,832,211864,35,12
20260202,833,222000,35,12
20260202,834,259996,35,8
20260202,835,203537,35,6
20260202,836,223326,35,7
20260202,837,260612,35,10
20260202,838,258192,35,10
20260202,839,223418,35,12
20260202,840,264961,34,8
20260202,841,270082,34,4
20260202,842,239446,34,5
20260202,843,222262,34,9
20260202,844,215015,34,10
20260202,845,214901,34,11
20260202,846,220494,34,12
20260202,847,228910,34,12
20260202,848,234481,34,14
20260202,849,266758,34,15
20260202,850,220997,33,12
20260202,851,263974,33,4
20260202,852,266407,33,5
20260202,853,264167,33,6
20260202,854,201481,33,7
20260202,855,214771,33,8
20260202,856,223421,33,9
20260202,857,220614,33,10
20260202,858,264978,33,13
20260202,859,206336,33,13
20260202,860,222668,33,16
20260202,861,220493,33,18
20260202,862,222856,32,11
20260202,863,253681,32,11
20260202,864,220825,32,12
20260202,865,264085,32,5
20260202,866,211511,32,5
20260202,867,267400,32,5
20260202,868,202639,32,7
20260202,869,210672,32,7
20260202,870,264131,32,10
20260202,871,260062,32,11
20260202,872,221173,32,12
20260202,873,266455,31,16
20260202,874,216078,31,10
20260202,875,214800,31,15
20260202,876,215440,31,10
20260202,877,201582,30,10
20260202,878,267104,30,5
20260202,879,269866,30,9
20260202,880,263148,30,5
20260202,881,222367,30,7
20260202,882,260767,30,7
20260202,883,270078,30,11
20260202,884,221219,30,11
20260202,885,222294,30,13
20260202,886,223146,30,14
20260202,887,260279,30,14
20260202,888,239453,30,15
20260202,889,268770,29,1
20260202,890,213976,29,7
20260202,891,263980,29,9
20260202,892,214605,29,10
20260202,893,259965,29,15
20260202,894,221509,28,5
20260202,895,211921,28,6
20260202,896,266509,28,7
20260202,897,221741,28,8
20260202,898,260860,28,10
20260202,899,235160,28,10
20260202,900,210645,28,12
20260202,901,221203,28,14
20260202,902,222137,27,5
20260202,903,211260,27,4
20260202,904,263677,27,6
20260202,905,260017,27,7
20260202,906,220470,27,7
20260202,907,255662,27,11
20260202,908,263801,27,11
20260202,909,267115,26,14
20260202,910,261957,26,10
20260202,911,220690,26,5
20260202,912,256686,26,6
20260202,913,221468,26,6
20260202,914,220695,26,7
20260202,915,222421,26,8
20260202,916,214519,26,14
20260202,917,204434,25,4
20260202,918,269717,25,8
20260202,919,213830,25,8
20260202,920,259762,25,3
20260202,921,260374,25,5
20260202,922,213948,25,6
20260202,923,260528,25,10
20260202,924,260100,25,10
20260202,925,245079,25,11
20260202,926,215177,25,11
20260202,927,241745,25,11
20260202,928,214405,24,3
20260202,929,223371,24,5
20260202,930,213775,24,5
20260202,931,223080,24,5
20260202,932,267422,24,5
20260202,933,213584,24,6
20260202,934,266533,24,8
20260202,935,264029,24,9
20260202,936,260433,24,11
20260202,937,221542,24,13
20260202,938,202596,23,8
20260202,939,210913,23,9
20260202,940,202669,23,3
20260202,941,225850,23,6
20260202,942,215970,23,6
20260202,943,263751,23,6
20260202,944,219983,23,7
20260202,945,267409,23,7
20260202,946,220492,23,8
20260202,947,267841,23,9
20260202,948,215492,23,10
20260202,949,246518,23,12
20260202,950,239102,22,3
20260202,951,221150,22,7
20260202,952,222225,22,8
20260202,953,223163,22,9
20260202,954,266645,22,3
20260202,955,260150,22,3
20260202,956,263622,22,6
20260202,957,221221,22,6
20260202,958,265040,22,7
20260202,959,264069,22,7
20260202,960,270125,22,7
20260202,961,252586,22,8
20260202,962,222028,22,8
20260202,963,253679,22,9
20260202,964,219331,22,10
20260202,965,239160,22,12
20260202,966,205815,21,2
20260202,967,212043,21,11
20260202,968,221410,21,11
20260202,969,222762,21,3
20260202,970,215795,21,4
20260202,971,223375,21,5
20260202,972,221624,21,5
20260202,973,267022,21,6
20260202,974,221413,21,6
20260202,975,270129,21,7
20260202,976,264150,21,7
20260202,977,270165,21,8
20260202,978,264216,21,8
20260202,979,269253,20,5
20260202,980,259854,20,10
20260202,981,213541,20,6
20260202,982,269954,20,3
20260202,983,270195,20,4
20260202,984,221069,20,11
20260202,985,202858,20,2
20260202,986,214182,20,3
20260202,987,266379,20,6
20260202,988,216311,20,6
20260202,989,239478,20,7
20260202,990,267431,20,9
20260202,991,259981,20,9
20260202,992,259907,20,9
20260202,993,261098,20,10
20260202,994,260261,20,10
20260202,995,265207,19,8
20260202,996,239390,19,9
20260202,997,266651,19,6
20260202,998,264180,19,9
20260202,999,215065,19,3
20260202,1000,270315,19,3
20260209,1,214544,10990,20
20260209,2,216347,7978,20
20260209,3,214981,7523,22
20260209,4,216153,6680,21
20260209,5,221103,6423,20
20260209,6,202468,6103,23
20260209,7,259799,4731,20
20260209,8,211148,4267,19
20260209,9,202494,3205,16
20260209,10,206420,3200,26
20260209,11,202505,2843,19
20260209,12,222328,2626,23
20260209,13,239475,2606,21
20260209,14,220704,2530,24
20260209,15,211768,2366,19
20260209,16,201619,2351,19
20260209,17,214643,2116,23
20260209,18,215613,2095,26
20260209,19,214096,2058,16
20260209,20,260300,2031,21
20260209,21,223670,1953,26
20260209,22,210722,1936,22
20260209,23,216146,1863,19
20260209,24,211533,1860,21
20260209,25,221054,1700,23
20260209,26,221012,1658,15
20260209,27,220367,1653,27
20260209,28,214939,1575,22
20260209,29,213550,1567,26
20260209,30,233741,1549,29
20260209,31,201514,1499,23
20260209,32,220520,1476,26
20260209,33,216133,1383,25
20260209,34,222391,1349,22
20260209,35,214954,1338,15
20260209,36,211713,1307,26
20260209,37,213631,1285,23
20260209,38,239383,1277,20
20260209,39,221024,1264,25
20260209,40,223253,1244,27
20260209,41,215983,1243,25
20260209,42,215035,1225,23
20260209,43,206368,1214,20
20260209,44,211701,1207,23
20260209,45,222601,1202,22
20260209,46,222145,1185,23
20260209,47,202663,1179,24
20260209,48,238184,1175,17
20260209,49,215306,1142,28
20260209,50,222661,1112,21
20260209,51,201696,1111,20
20260209,52,206289,1110,26
20260209,53,206252,1091,15
20260209,54,213583,1089,34
20260209,55,220548,1078,20
20260209,56,213710,1069,27
20260209,57,220714,1063,27
20260209,58,220332,1043,22
20260209,59,211684,1033,24
20260209,60,221039,1031,31
20260209,61,214082,997,23
20260209,62,221333,987,22
20260209,63,214388,978,28
20260209,64,211651,966,18
20260209,65,215936,938,22
20260209,66,222045,933,26
20260209,67,206242,932,25
20260209,68,216083,928,25
20260209,69,238075,912,26
20260209,70,201709,909,27
20260209,71,220716,894,27
20260209,72,211817,892,22
20260209,73,219875,887,26
20260209,74,201548,881,26
20260209,75,221407,878,25
20260209,76,215713,872,21
20260209,77,219917,872,32
20260209,78,203389,865,17
20260209,79,211814,859,30
20260209,80,215785,851,24
20260209,81,215899,850,27
20260209,82,211685,848,26
20260209,83,215020,848,27
20260209,84,211107,844,25
20260209,85,220309,843,26
20260209,86,201533,839,21
20260209,87,215337,811,22
20260209,88,220416,810,29
20260209,89,203530,810,22
20260209,90,213646,806,27
20260209,91,213887,804,29
20260209,92,215872,802,33
20260209,93,220465,796,27
20260209,94,215219,796,23
20260209,95,215910,792,33
20260209,96,214040,789,28
20260209,97,202499,785,23
20260209,98,221985,781,31
20260209,99,215138,780,24
20260209,100,230870,777,25
20260209,101,221909,771,24
20260209,102,211337,751,32
20260209,103,263857,744,32
20260209,104,223360,743,20
20260209,105,220435,737,32
20260209,106,221257,727,32
20260209,107,220348,724,25
20260209,108,210886,720,29
20260209,109,220662,707,27
20260209,110,201499,706,17
20260209,111,215480,703,28
20260209,112,221883,697,32
20260209,113,214119,678,23
20260209,114,205925,673,24
20260209,115,260172,673,15
20260209,116,203501,670,12
20260209,117,206417,661,32
20260209,118,222258,657,22
20260209,119,223286,657,29
20260209,120,239456,649,29
20260209,121,206294,635,24
20260209,122,214452,627,25
20260209,123,220750,614,26
20260209,124,220466,612,21
20260209,125,213666,607,25
20260209,126,222290,605,27
20260209,127,213889,599,21
20260209,128,211880,581,22
20260209,129,221626,569,20
20260209,130,259733,567,27
20260209,131,201551,560,34
20260209,132,222233,556,20
20260209,133,221124,556,27
20260209,134,216081,553,23
20260209,135,243420,545,29
20260209,136,203514,537,31
20260209,137,221307,537,15
20260209,138,214593,534,27
20260209,139,236957,534,26
20260209,140,221236,533,26
20260209,141,223321,527,28
20260209,142,214459,526,29
20260209,143,220742,509,30
20260209,144,214461,507,22
20260209,145,202684,501,19
20260209,146,202460,487,12
20260209,147,201458,485,10
20260209,148,201593,485,10
20260209,149,201478,483,36
20260209,150,222966,475,23
20260209,151,223194,473,28
20260209,152,220722,467,33
20260209,153,202600,465,24
20260209,154,213576,463,24
20260209,155,221237,463,27
20260209,156,214604,457,31
20260209,157,252499,456,21
20260209,158,220589,451,15
20260209,159,202604,451,34
20260209,160,215992,444,29
20260209,161,215370,443,16
20260209,162,263644,442,16
20260209,163,223325,437,22
20260209,164,221406,433,28
20260209,165,211316,431,28
20260209,166,215572,430,23
20260209,167,256684,421,18
20260209,168,202493,418,32
20260209,169,215571,415,28
20260209,170,222017,415,27
20260209,171,216097,413,26
20260209,172,211635,412,31
20260209,173,221803,409,27
20260209,174,267439,404,23
20260209,175,214181,401,23
20260209,176,211095,398,19
20260209,177,213525,396,15
20260209,178,211279,394,23
20260209,179,220733,388,25
20260209,180,216265,387,26
20260209,181,223331,387,15
20260209,182,211227,387,25
20260209,183,201545,385,16
20260209,184,204431,384,22
20260209,185,223168,383,19
20260209,186,215250,382,21
20260209,187,220699,382,26
20260209,188,213873,382,30
20260209,189,220454,380,25
20260209,190,206292,378,26
20260209,191,215946,376,26
20260209,192,239389,374,24
20260209,193,221354,374,24
20260209,194,215062,373,20
20260209,195,215037,373,21
20260209,196,204419,373,23
20260209,197,236955,372,24
20260209,198,239436,372,31
20260209,199,211843,369,16
20260209,200,214254,368,29
20260209,1001,260297,19,4
20260209,1002,222202,19,5
20260209,1003,221025,19,5
20260209,1004,211796,19,6
20260209,1005,201481,19,6
20260209,1006,222032,19,6
20260209,1007,259981,19,8
20260209,1008,220276,19,9
20260209,1009,266659,19,11
20260209,1010,223308,19,13
20260209,1011,215696,18,11
20260209,1012,264975,18,2
20260209,1013,223160,18,2
20260209,1014,260306,18,3
20260209,1015,221371,18,3
20260209,1016,210500,18,3
20260209,1017,259576,18,4
20260209,1018,270159,18,4
20260209,1019,264140,18,4
20260209,1019,220391,18,4
20260209,1021,261066,18,5
20260209,1022,266720,18,6
20260209,1023,266765,18,6
20260209,1024,223411,18,7
20260209,1025,221736,18,8
20260209,1026,215616,18,9
20260209,1027,221055,18,9
20260209,1028,222177,18,10
20260209,1029,259105,18,10
20260209,1030,201540,17,4
20260209,1031,211043,17,9
20260209,1032,260888,17,5
20260209,1033,269710,17,2
20260209,1033,211021,17,2
20260209,1035,270181,17,3
20260209,1036,270320,17,3
20260209,1037,223398,17,4
20260209,1038,202916,17,6
20260209,1039,252584,17,6
20260209,1040,214784,17,6
20260209,1041,224485,17,6
20260209,1042,266523,17,6
20260209,1043,215236,17,7
20260209,1044,215926,17,7
20260209,1045,221148,17,9
20260209,1046,214398,17,9
20260209,1047,249659,17,9
20260209,1048,221740,17,9
20260209,1049,215712,17,10
20260209,1049,260323,17,10
20260209,1051,260580,16,3
20260209,1052,246476,16,9
20260209,1053,259713,16,6
20260209,1054,221915,16,8
20260209,1055,260842,16,2
20260209,1055,270322,16,2
20260209,1055,269275,16,2
20260209,1058,263687,16,5
20260209,1059,223404,16,5
20260209,1059,239474,16,5
20260209,1061,260777,16,5
20260209,1062,259797,16,6
20260209,1063,220286,16,7
20260209,1064,223284,16,8
20260209,1065,202387,16,8
20260209,1066,214277,16,8
20260209,1067,263889,16,10
20260209,1068,270262,15,1
20260209,1069,221441,15,6
20260209,1070,205562,15,8
20260209,1071,270100,15,4
20260209,1072,220297,15,8
20260209,1073,205964,15,1
20260209,1074,267534,15,2
20260209,1075,223399,15,3
20260209,1076,210337,15,3
20260209,1077,270091,15,4
20260209,1078,220875,15,5
20260209,1079,269772,15,5
20260209,1080,260871,15,5
20260209,1081,252519,15,6
20260209,1082,220564,15,6
20260209,1083,220551,15,6
20260209,1084,222239,15,7
20260209,1085,260717,15,7
20260209,1086,215805,15,7
20260209,1087,221310,15,7
20260209,1087,220689,15,7
20260209,1089,269254,15,8
20260209,1090,259113,15,8
20260209,1090,222376,15,8
20260209,1092,219444,15,9
20260209,1093,260556,15,10
20260209,1094,201539,14,6
20260209,1095,211285,14,8
20260209,1096,266722,14,5
20260209,1097,269259,14,3
20260209,1098,260711,14,4
20260209,1099,216225,14,6
20260209,1100,261964,14,7
20260209,1101,261132,14,9
20260209,1102,263808,14,10
20260209,1103,270019,14,3
20260209,1104,214297,14,3
20260209,1105,262883,14,4
20260209,1106,260398,14,5
20260209,1107,220436,14,5
20260209,1107,241715,14,5
20260209,1109,261968,14,6
20260209,1110,211208,14,6
20260209,1111,264505,14,7
20260209,1112,267425,14,7
20260209,1112,215372,14,7
20260209,1112,239449,14,7
20260209,1115,222734,14,8
20260209,1115,244079,14,8
20260209,1117,220048,14,8
20260209,1118,260085,14,8
20260209,1119,221013,14,9
20260209,1120,266549,14,12
20260209,1121,201318,13,1
20260209,1121,201565,13,1
20260209,1123,264962,13,6
20260209,1124,215721,13,7
20260209,1125,202478,13,7
20260209,1126,261133,13,6
20260209,1127,260914,13,7
20260209,1128,211407,13,2
20260209,1129,267920,13,2
20260209,1129,261278,13,2
20260209,1131,261008,13,3
20260209,1132,214746,13,3
20260209,1133,214577,13,3
20260209,1134,267848,13,3
20260209,1135,264510,13,4
20260209,1136,266629,13,4
20260209,1137,264280,13,4
20260209,1138,237465,13,6
20260209,1139,269835,13,6
20260209,1140,259914,13,6
20260209,1141,203370,13,7
20260209,1142,269801,13,7
20260209,1143,260185,13,7
20260209,1144,270065,13,7
20260209,1145,222748,13,8
20260209,1146,264226,13,9
20260209,1147,260400,13,10
20260209,1148,216381,13,11
20260209,1149,259739,12,7
20260209,1150,221688,12,1
20260209,1151,223159,12,2
20260209,1152,269838,12,2
20260209,1153,267180,12,2
20260209,1153,216287,12,2
20260209,1155,270132,12,3
20260209,1155,260926,12,3
20260209,1155,260631,12,3
20260209,1158,201431,12,3
20260209,1159,214019,12,3
20260209,1159,222509,12,3
20260209,1159,260693,12,3
20260209,1162,269734,12,4
20260209,1163,259590,12,4
20260209,1164,215353,12,5
20260209,1164,264107,12,5
20260209,1166,266541,12,5
20260209,1166,214460,12,5
20260209,1168,221377,12,6
20260209,1169,220887,12,6
20260209,1169,215467,12,6
20260209,1171,246484,12,6
20260209,1172,216315,12,6
20260209,1173,221771,12,8
20260209,1174,266409,12,8
20260209,1175,221933,11,7
20260209,1176,211592,11,7
20260209,1177,260827,11,1
20260209,1178,265628,11,3
20260209,1179,264971,11,4
20260209,1180,214450,11,4
20260209,1181,215085,11,4
20260209,1182,270274,11,4
20260209,1183,269864,11,5
20260209,1184,221375,11,5
20260209,1184,221913,11,5
20260209,1184,239477,11,5
20260209,1187,265020,11,5
20260209,1188,219872,11,5
20260209,1189,266374,11,6
20260209,1190,222602,11,6
20260209,1191,268772,11,7
20260209,1192,267932,11,7
20260209,1192,268778,11,7
20260209,1192,260224,11,7
20260209,1192,259998,11,7
20260209,1192,221158,11,7
20260209,1197,206161,11,7
20260209,1198,236968,11,8
20260209,1198,239126,11,8
20260209,1200,263676,11,8
20260209,1201,220563,11,10
20260209,1202,215735,10,5
20260209,1203,212034,10,7
20260209,1204,206205,10,9
20260209,1205,234490,10,1
20260209,1206,238209,10,2
20260209,1207,214503,10,3
20260209,1207,266476,10,3
20260209,1207,263858,10,3
20260209,1210,214860,10,3
20260209,1210,253665,10,3
20260209,1212,233725,10,3
20260209,1212,266819,10,3
20260209,1214,210702,10,3
20260209,1215,260604,10,4
20260209,1216,260338,10,4
20260209,1217,263940,10,4
20260209,1218,257867,10,4
20260209,1219,252582,10,5
20260209,1219,222215,10,5
20260209,1219,265713,10,5
20260209,1219,267387,10,5
20260209,1223,215854,10,5
20260209,1224,201691,10,6
20260209,1224,221463,10,6
20260209,1224,223435,10,6
20260209,1227,223198,10,6
20260209,1227,223153,10,6
20260209,1227,214974,10,6
20260209,1227,263905,10,6
20260209,1227,260984,10,6
20260209,1232,266795,10,6
20260209,1233,211600,10,7
20260209,1234,222318,10,7
20260209,1235,221258,10,8
20260209,1235,260378,10,8
20260209,1237,216405,10,8
20260209,1238,260774,10,9
20260209,1239,263775,9,6
20260209,1240,211779,9,6
20260209,1241,215937,9,5
20260209,1242,224482,9,3
20260209,1243,270266,9,3
20260209,1244,266543,9,4
20260209,1244,267734,9,4
20260209,1244,263625,9,4
20260209,1244,260622,9,4
20260209,1244,238068,9,4
20260209,1244,219874,9,4
20260209,1250,260674,9,4
20260209,1250,270194,9,4
20260209,1252,267441,9,4
20260209,1253,260583,9,5
20260209,1253,266467,9,5
20260209,1253,259769,9,5
20260209,1256,215647,9,5
20260209,1256,205492,9,5
20260209,1258,222213,9,5
20260209,1258,221371,9,5
20260209,1258,261082,9,5
20260209,1258,261094,9,5
20260209,1262,215161,9,6
20260209,1263,239484,9,6
20260209,1263,266532,9,6
20260209,1263,267435,9,6
20260209,1266,260828,9,7
20260209,1266,225861,9,7
20260209,1266,222613,9,7
20260209,1266,221524,9,7
20260209,1270,221197,9,9
20260209,1271,264151,8,3
20260209,1272,267545,8,3
20260209,1273,259104,8,4
20260209,1274,240996,8,3
20260209,1274,222377,8,3
20260209,1274,221621,8,3
20260209,1274,270072,8,3
20260209,1278,206402,8,3
20260209,1279,260159,8,3
20260209,1280,264063,8,3
20260209,1281,264274,8,4
20260209,1281,222847,8,4
20260209,1283,223397,8,4
20260209,1283,219754,8,4
20260209,1283,260122,8,4
20260209,1286,220512,8,4
20260209,1287,220633,8,5
20260209,1287,267723,8,5
20260209,1287,267722,8,5
20260209,1290,260957,8,6
20260209,1290,264966,8,6
20260209,1290,269906,8,6
20260209,1290,261104,8,6
20260209,1290,237467,8,6
20260209,1290,257881,8,6
20260209,1296,241735,8,8
20260209,1297,266383,7,3
20260209,1298,202440,7,4
20260209,1299,263978,7,5
20260209,1300,202443,7,4
20260209,1301,215222,7,7
20260209,1302,215956,7,3
20260209,1302,221940,7,3
20260209,1302,259579,7,3
20260209,1302,254760,7,3
20260209,1302,221248,7,3
20260209,1302,221030,7,3
20260209,1302,263890,7,3
20260209,1302,266406,7,3
20260209,1302,266686,7,3
20260209,1302,264275,7,3
20260209,1302,260137,7,3
20260209,1302,267473,7,3
20260209,1314,270281,7,3
20260209,1315,264215,7,3
20260209,1315,260091,7,3
20260209,1315,222606,7,3
20260209,1315,221044,7,3
20260209,1315,220356,7,3
20260209,1315,222061,7,3
20260209,1321,260204,7,4
20260209,1321,264138,7,4
20260209,1323,270186,7,4
20260209,1323,220289,7,4
20260209,1325,260881,7,5
20260209,1325,222274,7,5
20260209,1325,220394,7,5
20260209,1325,221083,7,5
20260209,1325,246485,7,5
20260209,1325,230120,7,5
20260209,1325,267462,7,5
20260209,1325,261021,7,5
20260209,1325,260742,7,5
20260209,1334,260993,7,5
20260209,1334,259964,7,5
20260209,1334,222158,7,5
20260209,1334,221315,7,5
20260209,1338,223389,7,6
20260209,1338,216156,7,6
20260209,1340,260715,7,7
20260209,1340,238071,7,7
20260209,1340,252494,7,7
20260209,1340,267695,7,7
20260209,1340,265195,7,7
20260209,1345,264242,6,4
20260209,1346,264986,6,6
20260209,1347,215043,6,4
20260209,1348,270302,6,5
20260209,1348,269872,6,5
20260209,1350,270047,6,3
20260209,1350,260455,6,3
20260209,1350,216340,6,3
20260209,1353,259608,6,3
20260209,1353,259895,6,3
20260209,1353,223356,6,3
20260209,1353,222637,6,3
20260209,1353,263766,6,3
20260209,1358,263717,6,4
20260209,1358,263701,6,4
20260209,1358,266372,6,4
20260209,1358,260503,6,4
20260209,1358,260373,6,4
20260209,1358,260066,6,4
20260209,1358,260962,6,4
20260209,1358,260792,6,4
20260209,1358,260653,6,4
20260209,1358,270115,6,4
20260209,1358,267465,6,4
20260209,1358,267927,6,4
20260209,1358,222895,6,4
20260209,1358,256682,6,4
20260209,1358,266492,6,4
20260209,1358,220772,6,4
20260209,1358,222623,6,4
20260209,1358,221515,6,4
20260209,1358,222332,6,4
20260209,1358,222309,6,4
20260209,1358,216092,6,4
20260209,1358,216073,6,4
20260209,1358,205789,6,4
20260209,1381,266763,6,4
20260209,1382,222161,6,5
20260209,1382,222095,6,5
20260209,1382,223006,6,5
20260209,1382,223352,6,5
20260209,1386,237481,6,6
20260209,1386,222520,6,6
20260209,1386,216140,6,6
20260209,1386,221269,6,6
20260209,1386,220071,6,6
20260209,1386,267408,6,6
20260209,1392,205918,5,3
20260209,1393,201527,5,3
20260209,1394,202453,5,4
20260209,1395,201399,5,4
20260209,1395,269948,5,4
20260209,1397,256710,5,5
20260209,1398,270350,5,3
20260209,1399,259719,5,4
20260209,1400,220422,5,5
20260209,1401,223452,5,3
20260209,1401,231641,5,3
20260209,1401,221963,5,3
20260209,1401,259779,5,3
20260209,1401,259887,5,3
20260209,1401,258195,5,3
20260209,1401,246489,5,3
20260209,1401,245076,5,3
20260209,1401,241022,5,3
20260209,1401,239172,5,3
20260209,1401,233729,5,3
20260209,1401,201672,5,3
20260209,1401,214048,5,3
20260209,1401,215174,5,3
20260209,1401,270164,5,3
20260209,1401,266781,5,3
20260209,1401,267671,5,3
20260209,1401,267748,5,3
20260209,1401,266713,5,3
20260209,1401,267424,5,3
20260209,1401,267453,5,3
20260209,1401,264198,5,3
20260209,1401,263706,5,3
20260209,1401,263962,5,3
20260209,1401,260974,5,3
20260209,1426,264252,5,4
20260209,1426,260393,5,4
20260209,1426,260464,5,4
20260209,1426,263809,5,4
20260209,1426,230121,5,4
20260209,1426,221346,5,4
20260209,1432,260723,5,5
20260209,1432,222180,5,5
20260209,1432,238205,5,5
20260209,1432,252565,5,5
20260209,1432,259569,5,5
20260209,1432,259614,5,5
20260209,1432,215430,5,5
20260209,1432,220469,5,5
20260209,1432,267449,5,5
20260209,1432,264229,5,5
20260209,1432,270133,5,5
20260209,1432,269757,5,5
20260209,1444,214453,4,4
20260209,1445,221988,4,4
20260209,1445,265610,4,4
20260209,1447,270154,4,3
20260209,1447,267083,4,3
20260209,1447,261129,4,3
20260209,1447,260178,4,3
20260209,1447,260893,4,3
20260209,1447,221222,4,3
20260209,1447,220687,4,3
20260209,1447,254770,4,3
20260209,1447,234236,4,3
20260209,1447,223268,4,3
20260209,1457,260479,4,4
20260209,1457,234223,4,4
20260209,1457,255666,4,4
20260209,1457,252487,4,4
20260209,1457,246480,4,4
20260209,1457,241003,4,4
20260209,1457,241018,4,4
20260209,1457,242450,4,4
20260209,1457,221520,4,4
20260209,1457,260709,4,4
20260209,1457,260779,4,4
20260209,1457,263838,4,4
20260209,1457,264114,4,4
20260209,1457,264243,4,4
20260209,1457,264998,4,4
20260209,1457,267732,4,4
20260209,1457,266700,4,4
20260209,1457,266593,4,4
20260209,1457,269753,4,4
20260209,1457,269773,4,4
20260209,1457,270066,4,4
20260209,1478,213596,3,3
20260209,1479,264086,3,3
20260209,1479,261029,3,3
20260209,1481,260867,3,3
20260209,1481,266892,3,3
20260209,1481,240163,3,3
20260209,1481,256711,3,3
20260209,1485,259803,3,3
20260209,1485,259990,3,3
20260209,1485,244077,3,3
20260209,1485,249668,3,3
20260209,1485,234506,3,3
20260209,1485,234247,3,3
20260209,1485,233745,3,3
20260209,1485,223416,3,3
20260209,1485,238084,3,3
20260209,1485,239157,3,3
20260209,1485,221979,3,3
20260209,1485,235155,3,3
20260209,1485,236989,3,3
20260209,1485,223071,3,3
20260209,1485,221207,3,3
20260209,1485,221127,3,3
20260209,1485,222845,3,3
20260209,1485,213898,3,3
20260209,1485,213827,3,3
20260209,1485,213944,3,3
20260209,1485,219697,3,3
20260209,1485,220934,3,3
20260209,1485,216198,3,3
20260209,1485,220790,3,3
20260209,1485,264068,3,3
20260209,1485,264139,3,3
20260209,1485,263666,3,3
20260209,1485,264980,3,3
20260209,1485,266463,3,3
20260209,1485,264270,3,3
20260209,1485,260940,3,3
20260209,1485,261092,3,3
20260209,1485,260443,3,3
20260209,1485,260238,3,3
20260209,1485,270109,3,3
20260209,1485,269972,3,3
20260209,1485,269878,3,3
20260209,1485,269937,3,3
20260209,1485,269775,3,3
20260209,1485,269718,3,3
20260209,1485,269732,3,3
20260209,1485,269769,3,3
20260209,1485,269797,3,3
20260209,1485,270207,3,3
20260209,1485,270117,3,3
20260209,1485,270258,3,3
20260209,1485,266714,3,3
20260209,1485,266805,3,3
20260209,1485,266852,3,3
20260209,1485,267493,3,3
20260209,1485,267937,3,3
20260209,1485,269267,3,3
20260209,201,214262,365,25
20260209,202,220680,361,21
20260209,203,223335,360,22
20260209,204,211702,358,27
20260209,205,214149,358,30
20260209,206,222156,351,28
20260209,207,210622,350,28
20260209,208,201621,347,27
20260209,209,214480,346,32
20260209,210,215453,344,29
20260209,211,222919,344,22
20260209,212,216566,342,14
20260209,213,201611,341,12
20260209,214,213544,340,18
20260209,215,201613,339,26
20260209,216,266671,339,20
20260209,217,216055,339,26
20260209,218,214906,338,18
20260209,219,206007,338,32
20260209,220,203564,334,34
20260209,221,220446,333,28
20260209,222,215988,326,32
20260209,223,223323,324,30
20260209,224,202662,323,23
20260209,225,238064,321,17
20260209,226,216367,319,27
20260209,227,216016,315,15
20260209,228,223087,311,21
20260209,229,211901,310,29
20260209,230,210303,306,35
20260209,231,206430,306,30
20260209,232,214826,303,26
20260209,233,260664,303,16
20260209,234,211552,302,27
20260209,235,221911,298,37
20260209,236,211344,295,25
20260209,237,221004,293,21
20260209,238,215807,292,28
20260209,239,222080,290,26
20260209,240,259685,289,22
20260209,241,211539,288,14
20260209,242,236972,288,19
20260209,243,214236,286,33
20260209,244,213779,285,32
20260209,245,213620,285,27
20260209,246,260170,283,28
20260209,247,201606,282,16
20260209,248,211643,281,25
20260209,249,264149,280,26
20260209,250,247669,280,21
20260209,251,204411,279,11
20260209,252,213706,279,34
20260209,253,212303,278,32
20260209,254,220770,278,27
20260209,255,222189,278,35
20260209,256,216074,277,20
20260209,257,215996,276,26
20260209,258,214646,275,26
20260209,259,223333,274,35
20260209,260,216213,274,24
20260209,261,221073,273,30
20260209,262,203463,271,21
20260209,263,214386,271,20
20260209,264,214937,271,20
20260209,265,213908,270,25
20260209,266,221018,269,26
20260209,267,222506,266,29
20260209,268,214684,265,29
20260209,269,215042,260,20
20260209,270,239392,254,28
20260209,271,211878,253,25
20260209,272,232447,252,22
20260209,273,214919,249,22
20260209,274,261972,247,18
20260209,275,261963,247,17
20260209,276,222980,245,13
20260209,277,221885,243,20
20260209,278,201586,241,14
20260209,279,214081,241,17
20260209,280,258199,241,28
20260209,281,214219,237,24
20260209,282,221512,237,13
20260209,283,215614,235,31
20260209,284,259883,232,14
20260209,285,260598,232,26
20260209,286,260765,231,11
20260209,287,221164,230,27
20260209,288,256705,230,26
20260209,289,260203,226,15
20260209,290,201610,225,21
20260209,291,221905,224,7
20260209,292,259758,224,26
20260209,293,221362,223,20
20260209,294,220757,221,33
20260209,295,211846,216,28
20260209,296,221099,216,26
20260209,297,221395,215,20
20260209,298,246493,215,23
20260209,299,215898,214,21
20260209,300,211844,214,26
20260209,301,260761,212,15
20260209,302,220489,210,24
20260209,303,213767,210,18
20260209,304,220432,209,21
20260209,305,221209,208,17
20260209,306,259871,208,15
20260209,307,222397,208,21
20260209,308,259857,207,20
20260209,309,214189,207,25
20260209,310,206194,207,21
20260209,311,215290,207,24
20260209,312,214521,206,25
20260209,313,213789,206,23
20260209,314,215501,205,19
20260209,315,201555,204,10
20260209,316,215386,203,19
20260209,317,221411,202,21
20260209,318,221191,201,26
20260209,319,215726,201,31
20260209,320,201614,200,8
20260209,321,215018,200,21
20260209,322,239438,200,16
20260209,323,260581,199,25
20260209,324,220718,199,20
20260209,325,222944,198,18
20260209,326,215878,197,24
20260209,327,221220,197,23
20260209,328,222965,194,20
20260209,329,213734,193,13
20260209,330,222559,192,25
20260209,331,222675,191,20
20260209,332,203475,190,21
20260209,333,220735,189,23
20260209,334,215820,188,28
20260209,335,206345,188,20
20260209,336,221243,188,18
20260209,337,256673,188,17
20260209,338,202688,187,23
20260209,339,213949,186,31
20260209,340,246478,186,24
20260209,341,211411,185,12
20260209,342,231639,185,17
20260209,343,260168,185,16
20260209,344,201549,183,10
20260209,345,266376,183,6
20260209,346,216116,183,19
20260209,347,221014,183,24
20260209,348,259853,183,22
20260209,349,264075,182,10
20260209,350,262891,182,13
20260209,351,215077,182,28
20260209,352,211342,182,18
20260209,353,239476,182,19
20260209,354,206374,180,10
20260209,355,221434,180,20
20260209,356,221096,178,24
20260209,357,220781,177,26
20260209,358,220808,174,15
20260209,359,215314,174,18
20260209,360,221768,174,23
20260209,361,214930,174,18
20260209,362,223410,173,24
20260209,363,215840,173,25
20260209,364,221104,173,20
20260209,365,211765,172,18
20260209,366,221382,172,28
20260209,367,211920,171,16
20260209,368,266622,171,14
20260209,369,213657,170,27
20260209,370,213821,169,24
20260209,371,221213,169,12
20260209,372,221486,168,19
20260209,373,239397,167,23
20260209,374,236956,167,21
20260209,375,201666,167,24
20260209,376,210705,166,13
20260209,377,216385,166,10
20260209,378,222296,165,3
20260209,379,221178,165,18
20260209,380,252495,165,8
20260209,381,221159,165,20
20260209,382,221364,165,24
20260209,383,214301,164,21
20260209,384,210847,164,19
20260209,385,221789,162,16
20260209,386,223302,162,19
20260209,387,221000,161,29
20260209,388,214992,161,19
20260209,389,203435,161,30
20260209,390,219887,161,19
20260209,391,211529,161,22
20260209,392,221023,160,28
20260209,393,215592,160,23
20260209,394,221265,159,21
20260209,395,232881,158,28
20260209,396,220513,158,24
20260209,397,215588,157,27
20260209,398,214839,156,19
20260209,399,201483,156,18
20260209,400,214546,156,26
20260209,401,203281,155,25
20260209,402,259794,155,17
20260209,403,215550,155,18
20260209,404,215566,155,24
20260209,405,206362,155,20
20260209,406,215431,154,25
20260209,407,211063,154,29
20260209,408,211820,153,18
20260209,409,202410,153,24
20260209,410,260510,152,21
20260209,411,213837,151,22
20260209,412,220364,151,34
20260209,413,206124,150,16
20260209,414,235159,150,21
20260209,415,206255,149,15
20260209,416,252493,149,21
20260209,417,260541,149,19
20260209,418,201662,147,4
20260209,419,211874,147,24
20260209,420,216139,146,23
20260209,421,214862,145,17
20260209,422,213849,144,30
20260209,423,264187,143,20
20260209,424,201616,142,13
20260209,425,215468,142,15
20260209,426,203288,141,20
20260209,427,221187,140,19
20260209,428,246481,140,19
20260209,429,260171,140,21
20260209,430,215064,139,19
20260209,431,220673,138,23
20260209,432,254733,138,21
20260209,433,260006,137,22
20260209,434,216324,136,14
20260209,435,220554,135,11
20260209,436,260206,135,18
20260209,437,221020,133,20
20260209,438,214653,133,22
20260209,439,216253,133,19
20260209,440,213974,133,24
20260209,441,221031,132,24
20260209,442,211756,132,11
20260209,443,220598,132,15
20260209,444,215166,131,17
20260209,445,220613,131,20
20260209,446,221247,130,18
20260209,447,211329,129,27
20260209,448,215259,128,23
20260209,449,260913,127,23
20260209,450,264228,127,21
20260209,451,213753,126,16
20260209,452,221086,126,12
20260209,453,222276,126,20
20260209,454,204427,125,11
20260209,455,239156,125,20
20260209,456,266450,125,22
20260209,457,222454,124,9
20260209,458,221229,124,20
20260209,459,239442,123,24
20260209,460,221242,123,14
20260209,461,219625,123,21
20260209,462,221259,122,16
20260209,463,223415,121,24
20260209,464,215459,121,22
20260209,465,216162,120,22
20260209,466,222171,120,21
20260209,467,222092,120,22
20260209,468,221369,120,19
20260209,469,204394,120,22
20260209,470,221443,118,18
20260209,471,216095,117,22
20260209,472,267420,116,17
20260209,473,214418,115,14
20260209,474,221945,114,25
20260209,475,236967,114,19
20260209,476,259916,114,14
20260209,477,222891,114,21
20260209,478,260763,113,19
20260209,479,259591,113,22
20260209,480,220560,113,24
20260209,481,264227,113,15
20260209,482,221168,113,22
20260209,483,203578,113,11
20260209,484,203513,113,13
20260209,485,214779,113,17
20260209,486,216160,112,23
20260209,487,260714,112,13
20260209,488,214507,111,13
20260209,489,260667,111,16
20260209,490,202619,111,16
20260209,491,223141,111,21
20260209,492,240998,110,9
20260209,493,223100,110,22
20260209,494,214741,109,17
20260209,495,220306,109,18
20260209,496,220447,109,17
20260209,497,216044,109,19
20260209,498,221181,108,24
20260209,499,260514,108,19
20260209,500,221657,108,18
20260209,501,260539,108,20
20260209,502,202921,107,16
20260209,503,244087,107,20
20260209,504,211646,107,20
20260209,505,252587,106,30
20260209,506,233742,106,27
20260209,507,231625,106,18
20260209,508,216268,106,16
20260209,509,260647,106,20
20260209,510,247647,104,22
20260209,511,215802,104,13
20260209,512,214600,104,14
20260209,513,222458,104,18
20260209,514,221982,104,18
20260209,515,260565,104,20
20260209,516,222297,103,17
20260209,517,245077,103,21
20260209,518,222273,103,20
20260209,519,215733,102,24
20260209,520,222859,102,18
20260209,521,215971,102,22
20260209,522,259967,101,12
20260209,523,211809,101,15
20260209,524,213771,101,17
20260209,525,222986,101,21
20260209,526,213998,100,25
20260209,527,252488,100,20
20260209,528,260951,100,7
20260209,529,220502,99,17
20260209,530,264967,99,14
20260209,531,216331,99,18
20260209,532,222369,98,20
20260209,533,261049,98,19
20260209,534,221952,98,13
20260209,535,214271,98,18
20260209,536,201520,97,9
20260209,537,211328,97,17
20260209,538,213947,97,19
20260209,539,216173,97,19
20260209,540,216579,96,19
20260209,541,216075,96,14
20260209,542,214505,96,17
20260209,543,256712,96,20
20260209,544,202434,95,12
20260209,545,201554,95,11
20260209,546,220351,95,18
20260209,547,222837,94,17
20260209,548,201524,94,19
20260209,549,220164,94,11
20260209,550,221157,93,19
20260209,551,216076,93,14
20260209,552,200748,92,6
20260209,553,216007,92,15
20260209,554,220827,92,17
20260209,555,257874,91,22
20260209,556,266864,91,9
20260209,557,211222,90,13
20260209,558,221109,90,17
20260209,559,211719,90,17
20260209,560,260142,89,9
20260209,561,214319,89,17
20260209,562,214238,89,21
20260209,563,265197,89,16
20260209,564,270058,88,10
20260209,565,230882,88,14
20260209,566,220946,88,18
20260209,567,263881,88,20
20260209,568,221959,88,20
20260209,569,220842,87,10
20260209,570,215398,87,16
20260209,571,259690,87,24
20260209,572,259913,87,15
20260209,573,260296,86,16
20260209,574,211668,85,12
20260209,575,241717,85,11
20260209,576,220429,85,18
20260209,577,221834,84,6
20260209,578,219892,84,19
20260209,579,260613,84,21
20260209,580,201329,83,4
20260209,581,260737,83,13
20260209,582,210138,82,21
20260209,583,214091,82,16
20260209,584,263853,82,14
20260209,585,222347,82,17
20260209,586,221116,81,9
20260209,587,264144,81,12
20260209,588,202454,81,14
20260209,589,222390,81,16
20260209,590,263872,80,11
20260209,591,266469,80,14
20260209,592,269755,80,13
20260209,593,236980,80,19
20260209,594,215151,79,18
20260209,595,269714,79,7
20260209,596,215778,79,13
20260209,597,239393,79,18
20260209,598,221914,79,19
20260209,599,260490,79,20
20260209,600,260966,78,12
20260209,601,215832,78,12
20260209,602,214868,78,11
20260209,603,260445,78,15
20260209,604,260708,78,16
20260209,605,214212,78,21
20260209,606,221454,78,23
20260209,607,213772,77,19
20260209,608,214935,77,17
20260209,609,214540,77,16
20260209,610,223203,76,10
20260209,611,264064,76,17
20260209,612,266800,76,10
20260209,613,261015,76,13
20260209,614,215472,76,18
20260209,615,214007,76,23
20260209,616,233747,75,17
20260209,617,267882,75,15
20260209,618,215806,75,21
20260209,619,220496,75,21
20260209,620,221473,75,8
20260209,621,214909,75,12
20260209,622,261071,75,17
20260209,623,260787,74,12
20260209,624,221886,74,12
20260209,625,228909,74,19
20260209,626,216051,73,19
20260209,627,216062,73,12
20260209,628,202430,73,14
20260209,629,210526,73,16
20260209,630,203500,72,9
20260209,631,264192,72,6
20260209,632,220597,72,15
20260209,633,215163,72,14
20260209,634,206406,72,14
20260209,635,222878,72,13
20260209,636,260446,72,17
20260209,637,265701,71,12
20260209,638,221497,71,9
20260209,639,254765,71,10
20260209,640,220550,71,11
20260209,641,215013,71,14
20260209,642,266901,70,15
20260209,643,206248,70,16
20260209,644,260141,70,21
20260209,645,211269,69,9
20260209,646,210537,69,16
20260209,647,230880,69,17
20260209,648,202536,68,8
20260209,649,259567,68,17
20260209,650,203591,68,11
20260209,651,252531,68,12
20260209,652,222481,68,14
20260209,653,220672,68,22
20260209,654,214872,67,18
20260209,655,263909,67,9
20260209,656,259754,67,13
20260209,657,221141,67,14
20260209,658,241714,67,14
20260209,659,220891,67,18
20260209,660,215909,67,22
20260209,661,267382,66,6
20260209,662,252571,66,20
20260209,663,225858,66,14
20260209,664,222037,66,6
20260209,665,221062,65,14
20260209,666,260339,65,10
20260209,667,204309,65,11
20260209,668,221165,65,15
20260209,669,266937,64,14
20260209,670,206075,64,17
20260209,671,263869,63,12
20260209,672,213672,63,10
20260209,673,220392,63,10
20260209,674,266448,63,16
20260209,675,206102,62,18
20260209,676,259820,62,11
20260209,677,215545,62,14
20260209,678,260766,62,16
20260209,679,202672,61,25
20260209,680,221465,61,16
20260209,681,245094,61,13
20260209,682,260254,61,12
20260209,683,203354,60,13
20260209,684,206219,60,8
20260209,685,234474,60,20
20260209,686,239386,59,12
20260209,687,213739,59,16
20260209,688,259575,59,15
20260209,689,260694,59,16
20260209,690,221994,58,21
20260209,691,260225,58,12
20260209,692,266431,58,12
20260209,693,261038,57,11
20260209,694,213896,57,16
20260209,695,216038,57,22
20260209,696,204294,57,12
20260209,697,223120,57,17
20260209,698,260368,57,7
20260209,699,202580,56,12
20260209,700,213551,56,16
20260209,701,261097,56,16
20260209,702,260847,55,11
20260209,703,264130,55,13
20260209,704,220740,55,13
20260209,705,220053,55,14
20260209,706,237454,55,15
20260209,707,258191,55,17
20260209,708,221370,54,15
20260209,709,239158,54,17
20260209,710,215134,53,23
20260209,711,221469,53,13
20260209,712,222667,53,16
20260209,713,214713,53,18
20260209,714,215707,53,12
20260209,715,252509,53,14
20260209,716,221474,53,15
20260209,717,264207,53,16
20260209,718,220645,53,16
20260209,719,216180,53,16
20260209,720,220497,53,17
20260209,721,216587,52,13
20260209,722,214020,52,15
20260209,723,215019,52,14
20260209,724,266682,52,10
20260209,725,225854,52,14
20260209,726,235161,52,6
20260209,727,222346,52,13
20260209,728,201506,51,7
20260209,729,260101,51,10
20260209,730,211951,51,18
20260209,731,206335,51,6
20260209,732,202464,51,11
20260209,733,220578,51,19
20260209,734,260167,51,11
20260209,735,270076,51,8
20260209,736,263941,51,11
20260209,737,215921,51,12
20260209,738,265692,51,16
20260209,739,252535,51,21
20260209,740,204223,50,15
20260209,741,264205,50,14
20260209,742,222184,50,11
20260209,743,254748,50,4
20260209,744,221192,50,6
20260209,745,233718,50,7
20260209,746,239422,50,8
20260209,747,216262,49,1
20260209,748,260273,49,11
20260209,749,269870,49,12
20260209,750,239454,49,19
20260209,751,260762,48,12
20260209,752,266488,48,9
20260209,753,216316,48,11
20260209,754,260214,48,12
20260209,755,266642,48,13
20260209,756,215505,48,14
20260209,757,221003,48,17
20260209,758,260848,47,13
20260209,759,216186,47,12
20260209,760,220453,47,9
20260209,761,221139,47,13
20260209,762,265688,46,18
20260209,763,220684,46,13
20260209,764,239387,46,8
20260209,765,221746,46,10
20260209,766,267651,46,18
20260209,767,201518,45,7
20260209,768,267428,45,7
20260209,769,214877,45,12
20260209,770,221903,45,13
20260209,771,260042,45,6
20260209,772,221864,45,11
20260209,773,260032,45,15
20260209,774,221568,45,22
20260209,775,201585,44,5
20260209,776,270080,44,6
20260209,777,206060,44,7
20260209,778,222330,44,10
20260209,779,270061,44,10
20260209,780,220997,44,12
20260209,781,222299,44,14
20260209,782,221773,44,15
20260209,783,266771,43,11
20260209,784,223402,43,9
20260209,785,219979,43,17
20260209,786,260638,42,8
20260209,787,210158,42,8
20260209,788,263626,42,9
20260209,789,211541,42,12
20260209,790,211544,42,13
20260209,791,260582,42,17
20260209,792,215966,42,17
20260209,793,216256,42,18
20260209,794,263995,41,10
20260209,795,222255,41,5
20260209,796,223373,41,7
20260209,797,215697,41,9
20260209,798,216013,41,9
20260209,799,216158,41,14
20260209,800,214535,40,12
20260209,801,266529,40,11
20260209,802,259858,40,11
20260209,803,222305,40,13
20260209,804,215693,39,18
20260209,805,206108,39,1
20260209,806,202693,39,8
20260209,807,267176,39,8
20260209,808,214696,38,9
20260209,809,215879,38,13
20260209,810,215096,38,4
20260209,811,216107,38,12
20260209,812,214934,38,13
20260209,813,220491,38,13
20260209,814,203509,38,14
20260209,815,221585,38,17
20260209,816,266381,37,8
20260209,817,230876,37,12
20260209,818,266851,37,7
20260209,819,221195,37,10
20260209,820,202446,36,2
20260209,821,220713,36,9
20260209,822,260612,36,11
20260209,823,260845,36,8
20260209,824,264973,36,9
20260209,825,220591,36,9
20260209,826,228910,36,13
20260209,827,260003,36,14
20260209,828,220642,36,16
20260209,829,221210,35,9
20260209,830,211864,35,12
20260209,831,264961,35,9
20260209,832,222000,35,12
20260209,833,259996,35,8
20260209,834,260226,35,12
20260209,835,203537,35,6
20260209,836,223326,35,7
20260209,837,260277,35,10
20260209,838,258192,35,10
20260209,839,223418,35,12
20260209,840,270082,34,4
20260209,841,239446,34,5
20260209,842,222262,34,9
20260209,843,215015,34,10
20260209,844,214901,34,11
20260209,845,220494,34,12
20260209,846,234481,34,14
20260209,847,266758,34,15
20260209,848,222668,34,17
20260209,849,216078,33,11
20260209,850,213721,33,14
20260209,851,263974,33,4
20260209,852,266407,33,5
20260209,853,264167,33,6
20260209,854,214771,33,8
20260209,855,223421,33,9
20260209,856,220614,33,10
20260209,857,264978,33,13
20260209,858,206336,33,13
20260209,859,220493,33,18
20260209,860,222856,32,11
20260209,861,253681,32,11
20260209,862,220825,32,12
20260209,863,264085,32,5
20260209,864,211511,32,5
20260209,865,267400,32,5
20260209,866,202639,32,7
20260209,867,210672,32,7
20260209,868,264131,32,10
20260209,869,260062,32,11
20260209,870,221173,32,12
20260209,871,266455,31,16
20260209,872,214800,31,15
20260209,873,263148,31,6
20260209,874,215440,31,10
20260209,875,201582,30,10
20260209,876,267104,30,5
20260209,877,269866,30,9
20260209,878,222223,30,6
20260209,879,222367,30,7
20260209,880,260767,30,7
20260209,881,270078,30,11
20260209,882,221219,30,11
20260209,883,222294,30,13
20260209,884,223146,30,14
20260209,885,260279,30,14
20260209,886,239453,30,15
20260209,887,268770,29,1
20260209,888,213976,29,7
20260209,889,263980,29,9
20260209,890,214605,29,10
20260209,891,259965,29,15
20260209,892,221509,28,5
20260209,893,211921,28,6
20260209,894,266509,28,7
20260209,895,221468,28,7
20260209,896,221741,28,8
20260209,897,260860,28,10
20260209,898,235160,28,10
20260209,899,210645,28,12
20260209,900,221203,28,14
20260209,901,222137,27,5
20260209,902,211260,27,4
20260209,903,263677,27,6
20260209,904,260017,27,7
20260209,905,220470,27,7
20260209,906,255662,27,11
20260209,907,263801,27,11
20260209,908,267115,26,14
20260209,909,261957,26,10
20260209,910,220690,26,5
20260209,911,256686,26,6
20260209,912,220695,26,7
20260209,913,222421,26,8
20260209,914,214519,26,14
20260209,915,269717,25,8
20260209,916,213830,25,8
20260209,917,259762,25,3
20260209,918,260374,25,5
20260209,919,213948,25,6
20260209,920,260528,25,10
20260209,921,260100,25,10
20260209,922,245079,25,11
20260209,923,215177,25,11
20260209,924,241745,25,11
20260209,925,214405,24,3
20260209,925,204434,24,3
20260209,927,223371,24,5
20260209,928,213775,24,5
20260209,929,223080,24,5
20260209,930,213584,24,6
20260209,931,266533,24,8
20260209,932,264029,24,9
20260209,933,260433,24,11
20260209,934,221542,24,13
20260209,935,202596,23,8
20260209,936,210913,23,9
20260209,937,202669,23,3
20260209,938,225850,23,6
20260209,939,215970,23,6
20260209,940,263751,23,6
20260209,941,219983,23,7
20260209,942,267409,23,7
20260209,943,265040,23,8
20260209,944,220492,23,8
20260209,945,267841,23,9
20260209,946,215492,23,10
20260209,947,246518,23,12
20260209,948,239102,22,3
20260209,949,213541,22,7
20260209,950,221150,22,7
20260209,951,222225,22,8
20260209,952,223163,22,9
20260209,953,266645,22,3
20260209,954,260150,22,3
20260209,955,263622,22,6
20260209,956,221221,22,6
20260209,957,264069,22,7
20260209,958,270125,22,7
20260209,959,252586,22,8
20260209,960,222028,22,8
20260209,961,219331,22,10
20260209,962,239160,22,12
20260209,963,205815,21,2
20260209,964,212043,21,11
20260209,965,221410,21,11
20260209,966,222762,21,3
20260209,967,215795,21,4
20260209,967,267422,21,4
20260209,969,223375,21,5
20260209,970,221624,21,5
20260209,971,267022,21,6
20260209,972,221413,21,6
20260209,973,270129,21,7
20260209,974,264150,21,7
20260209,975,270165,21,8
20260209,976,264216,21,8
20260209,977,253679,21,9
20260209,978,269253,20,5
20260209,979,259854,20,10
20260209,980,269954,20,3
20260209,981,270195,20,4
20260209,982,259989,20,5
20260209,983,221069,20,11
20260209,984,202858,20,2
20260209,985,214182,20,3
20260209,986,266379,20,6
20260209,987,216311,20,6
20260209,988,239478,20,7
20260209,989,267431,20,9
20260209,990,259907,20,9
20260209,991,261098,20,10
20260209,992,260261,20,10
20260209,993,265207,19,8
20260209,994,239390,19,9
20260209,995,266651,19,6
20260209,996,264180,19,9
20260209,997,221862,19,3
20260209,997,215065,19,3
20260209,999,270315,19,3
20260209,1000,221440,19,4
20260216,1,214544,10870,20
20260216,2,216347,7803,20
20260216,3,214981,7523,22
20260216,4,221103,6423,20
20260216,5,202468,5888,23
20260216,6,216153,5690,21
20260216,7,259799,4786,20
20260216,8,211148,4157,19
20260216,9,202494,3260,16
20260216,10,239475,3246,22
20260216,11,214096,3058,16
20260216,12,206420,2918,26
20260216,13,202505,2843,19
20260216,14,222328,2571,23
20260216,15,220704,2530,24
20260216,16,211768,2356,20
20260216,17,201619,2351,19
20260216,18,214643,2105,23
20260216,19,215613,2100,26
20260216,20,260300,2008,21
20260216,21,223670,1953,26
20260216,22,210722,1881,22
20260216,23,214939,1780,22
20260216,24,221012,1768,15
20260216,25,221054,1700,23
20260216,26,216146,1648,19
20260216,27,211533,1600,21
20260216,28,233741,1549,29
20260216,29,220367,1543,27
20260216,30,213550,1472,26
20260216,31,220520,1444,26
20260216,32,201514,1439,24
20260216,33,216133,1438,25
20260216,34,206289,1435,26
20260216,35,222391,1345,23
20260216,36,215983,1333,26
20260216,37,214954,1328,15
20260216,38,213631,1317,23
20260216,39,211713,1307,27
20260216,40,220714,1280,28
20260216,41,239383,1277,20
20260216,42,211701,1272,23
20260216,43,238184,1270,18
20260216,44,215035,1265,23
20260216,45,221024,1264,24
20260216,46,222145,1236,24
20260216,47,223253,1227,28
20260216,48,222601,1202,23
20260216,49,206368,1184,20
20260216,50,202663,1124,24
20260216,51,222661,1122,21
20260216,52,201696,1101,20
20260216,53,206252,1091,16
20260216,54,213583,1079,34
20260216,55,211684,1053,24
20260216,56,215306,1027,28
20260216,57,221039,1026,31
20260216,58,220548,1023,20
20260216,59,220332,1018,23
20260216,60,219875,1007,26
20260216,61,214082,997,23
20260216,62,215785,991,25
20260216,63,213710,984,27
20260216,64,221333,980,22
20260216,65,214388,978,27
20260216,66,206242,942,25
20260216,67,222045,933,27
20260216,68,216083,928,25
20260216,69,238075,912,26
20260216,70,211651,901,18
20260216,71,220716,894,27
20260216,72,215936,890,21
20260216,73,201548,881,26
20260216,74,221407,878,25
20260216,75,211107,874,24
20260216,76,215713,873,20
20260216,77,219917,872,32
20260216,78,201709,871,26
20260216,79,203389,865,16
20260216,80,211817,864,21
20260216,81,211814,859,31
20260216,82,215899,850,28
20260216,83,215020,848,27
20260216,84,220309,843,26
20260216,85,201533,839,22
20260216,86,213646,821,27
20260216,87,213887,814,29
20260216,88,203530,813,23
20260216,89,215337,811,22
20260216,90,220416,810,29
20260216,91,215872,802,32
20260216,92,215219,796,23
20260216,93,215910,792,33
20260216,94,214040,789,29
20260216,95,230870,785,26
20260216,96,220465,784,26
20260216,97,221985,781,30
20260216,98,215138,780,23
20260216,99,202499,776,22
20260216,100,221909,771,23
20260216,101,263857,762,32
20260216,102,221257,761,31
20260216,103,211685,758,26
20260216,104,220435,754,32
20260216,105,223360,743,20
20260216,106,211337,734,31
20260216,107,220348,724,25
20260216,108,210886,720,29
20260216,109,215480,717,29
20260216,110,201499,716,17
20260216,111,221883,713,33
20260216,112,220662,707,27
20260216,113,205925,673,25
20260216,114,260172,673,15
20260216,115,206417,672,33
20260216,116,203501,668,11
20260216,117,214119,660,23
20260216,118,222258,657,22
20260216,119,223286,657,30
20260216,120,239456,649,29
20260216,121,214452,627,25
20260216,122,206294,626,23
20260216,123,221307,618,16
20260216,124,243420,611,30
20260216,125,213666,607,25
20260216,126,222290,605,27
20260216,127,220466,599,19
20260216,128,216081,593,23
20260216,129,213889,584,21
20260216,130,211880,582,23
20260216,131,252499,580,22
20260216,132,259733,576,28
20260216,133,220750,567,25
20260216,134,221626,563,20
20260216,135,201551,560,35
20260216,136,221124,556,27
20260216,137,214593,550,27
20260216,138,202684,549,20
20260216,139,222233,542,19
20260216,140,214459,541,30
20260216,141,236957,540,27
20260216,142,220742,534,31
20260216,143,223321,527,27
20260216,144,263644,517,17
20260216,145,203514,516,31
20260216,146,221236,515,25
20260216,147,214461,507,22
20260216,148,223194,487,28
20260216,149,201593,485,10
20260216,150,201478,483,36
20260216,151,201458,475,9
20260216,152,222966,475,24
20260216,153,202600,465,25
20260216,154,221237,463,27
20260216,155,214604,457,30
20260216,156,213576,451,24
20260216,157,202604,451,34
20260216,158,220722,449,31
20260216,159,211316,445,29
20260216,160,223325,444,23
20260216,161,215370,443,16
20260216,162,215992,440,28
20260216,163,221406,433,28
20260216,164,215572,430,23
20260216,165,215571,423,29
20260216,166,236955,419,25
20260216,167,202493,418,33
20260216,168,216097,413,26
20260216,169,211279,409,24
20260216,170,221803,409,26
20260216,171,267439,404,23
20260216,172,222017,402,26
20260216,173,211635,399,30
20260216,174,211095,398,19
20260216,175,213525,396,15
20260216,176,256684,391,17
20260216,177,220733,388,25
20260216,178,220589,387,15
20260216,179,216265,387,26
20260216,180,223331,387,15
20260216,181,211227,387,25
20260216,182,215946,386,27
20260216,183,201545,385,16
20260216,184,213873,385,30
20260216,185,223168,383,19
20260216,186,215250,382,21
20260216,187,220699,382,25
20260216,188,220454,380,25
20260216,189,214181,379,22
20260216,190,206292,378,26
20260216,191,211843,374,16
20260216,192,239389,374,25
20260216,193,221354,374,24
20260216,194,215037,373,21
20260216,195,204419,373,23
20260216,196,211702,372,27
20260216,197,239436,372,31
20260216,198,216566,371,15
20260216,199,214254,368,30
20260216,200,214262,365,25
20260216,1001,222202,19,5
20260216,1002,221025,19,5
20260216,1003,211796,19,6
20260216,1004,222032,19,6
20260216,1005,259981,19,8
20260216,1006,220276,19,9
20260216,1007,259105,19,11
20260216,1008,266659,19,11
20260216,1009,260323,19,11
20260216,1010,223308,19,13
20260216,1011,215696,18,11
20260216,1012,264975,18,2
20260216,1013,223160,18,2
20260216,1014,211260,18,3
20260216,1015,260306,18,3
20260216,1016,221371,18,3
20260216,1017,210500,18,3
20260216,1018,259576,18,4
20260216,1019,270159,18,4
20260216,1020,264140,18,4
20260216,1020,220391,18,4
20260216,1022,201481,18,5
20260216,1023,261066,18,5
20260216,1024,266720,18,6
20260216,1025,266765,18,6
20260216,1026,223411,18,7
20260216,1027,221736,18,8
20260216,1028,215616,18,9
20260216,1029,221055,18,9
20260216,1030,222177,18,10
20260216,1031,221740,18,10
20260216,1032,201540,17,4
20260216,1033,211043,17,9
20260216,1034,266651,17,5
20260216,1035,211021,17,2
20260216,1035,269710,17,2
20260216,1037,270181,17,3
20260216,1038,270320,17,3
20260216,1039,223398,17,4
20260216,1040,202916,17,6
20260216,1041,252584,17,6
20260216,1042,214784,17,6
20260216,1043,224485,17,6
20260216,1044,266523,17,6
20260216,1045,260871,17,6
20260216,1046,215236,17,7
20260216,1047,215926,17,7
20260216,1048,221148,17,9
20260216,1049,214398,17,9
20260216,1050,249659,17,9
20260216,1051,215712,17,10
20260216,1052,260580,16,3
20260216,1053,246476,16,9
20260216,1054,259713,16,6
20260216,1055,221915,16,8
20260216,1056,270322,16,2
20260216,1056,260842,16,2
20260216,1056,269275,16,2
20260216,1059,263687,16,5
20260216,1060,239474,16,5
20260216,1060,223404,16,5
20260216,1062,260777,16,5
20260216,1063,260398,16,6
20260216,1064,259797,16,6
20260216,1065,220286,16,7
20260216,1066,223284,16,8
20260216,1067,215805,16,8
20260216,1068,202387,16,8
20260216,1069,214277,16,8
20260216,1070,263889,16,10
20260216,1071,270262,15,1
20260216,1072,221441,15,6
20260216,1073,266722,15,6
20260216,1074,205562,15,8
20260216,1075,270100,15,4
20260216,1076,220297,15,8
20260216,1077,205964,15,1
20260216,1078,202669,15,2
20260216,1079,267534,15,2
20260216,1080,223399,15,3
20260216,1081,270091,15,4
20260216,1082,220875,15,5
20260216,1083,269772,15,5
20260216,1084,252519,15,6
20260216,1085,220564,15,6
20260216,1086,220551,15,6
20260216,1087,222239,15,7
20260216,1088,260717,15,7
20260216,1089,221310,15,7
20260216,1089,220689,15,7
20260216,1091,269254,15,8
20260216,1092,222376,15,8
20260216,1092,259113,15,8
20260216,1094,219444,15,9
20260216,1095,260556,15,10
20260216,1096,201539,14,6
20260216,1097,211285,14,8
20260216,1098,269259,14,3
20260216,1099,260711,14,4
20260216,1100,216225,14,6
20260216,1101,261964,14,7
20260216,1102,261132,14,9
20260216,1103,263808,14,10
20260216,1104,270019,14,3
20260216,1105,214297,14,3
20260216,1106,216340,14,4
20260216,1107,262883,14,4
20260216,1108,220436,14,5
20260216,1108,241715,14,5
20260216,1110,261968,14,6
20260216,1111,211208,14,6
20260216,1112,264505,14,7
20260216,1113,267425,14,7
20260216,1113,239449,14,7
20260216,1113,215372,14,7
20260216,1116,222734,14,8
20260216,1116,244079,14,8
20260216,1118,220048,14,8
20260216,1119,260085,14,8
20260216,1120,221013,14,9
20260216,1121,266549,14,12
20260216,1122,201565,13,1
20260216,1122,201318,13,1
20260216,1124,264962,13,6
20260216,1125,215721,13,7
20260216,1126,202478,13,7
20260216,1127,261133,13,6
20260216,1128,211407,13,2
20260216,1129,261278,13,2
20260216,1129,267920,13,2
20260216,1131,261008,13,3
20260216,1132,214746,13,3
20260216,1133,267180,13,3
20260216,1134,267848,13,3
20260216,1135,264510,13,4
20260216,1136,266629,13,4
20260216,1137,264280,13,4
20260216,1138,237465,13,6
20260216,1139,269835,13,6
20260216,1140,259914,13,6
20260216,1141,203370,13,7
20260216,1142,269801,13,7
20260216,1143,260185,13,7
20260216,1144,260984,13,7
20260216,1144,270065,13,7
20260216,1146,222748,13,8
20260216,1147,264226,13,9
20260216,1148,216381,13,11
20260216,1149,259739,12,7
20260216,1150,221688,12,1
20260216,1151,223159,12,2
20260216,1152,269838,12,2
20260216,1152,210337,12,2
20260216,1154,216287,12,2
20260216,1155,260926,12,3
20260216,1155,260631,12,3
20260216,1155,270132,12,3
20260216,1158,201431,12,3
20260216,1159,222509,12,3
20260216,1159,260693,12,3
20260216,1159,214019,12,3
20260216,1162,269734,12,4
20260216,1163,259590,12,4
20260216,1164,215353,12,5
20260216,1164,264107,12,5
20260216,1166,214460,12,5
20260216,1166,266541,12,5
20260216,1168,221377,12,6
20260216,1169,220887,12,6
20260216,1169,215467,12,6
20260216,1171,246484,12,6
20260216,1172,216315,12,6
20260216,1173,266409,12,8
20260216,1174,260400,12,9
20260216,1175,215735,11,6
20260216,1176,221933,11,7
20260216,1177,211592,11,7
20260216,1178,260827,11,1
20260216,1179,222557,11,2
20260216,1180,265628,11,3
20260216,1181,264971,11,4
20260216,1182,214450,11,4
20260216,1183,215085,11,4
20260216,1184,270274,11,4
20260216,1185,269864,11,5
20260216,1186,221375,11,5
20260216,1186,221913,11,5
20260216,1186,239477,11,5
20260216,1189,265020,11,5
20260216,1190,219872,11,5
20260216,1191,266374,11,6
20260216,1192,222602,11,6
20260216,1193,268772,11,7
20260216,1194,221158,11,7
20260216,1194,260224,11,7
20260216,1194,268778,11,7
20260216,1194,259998,11,7
20260216,1194,267932,11,7
20260216,1199,206161,11,7
20260216,1200,239126,11,8
20260216,1200,236968,11,8
20260216,1202,263676,11,8
20260216,1203,220563,11,10
20260216,1204,266383,10,4
20260216,1205,212034,10,7
20260216,1206,206205,10,9
20260216,1207,234490,10,1
20260216,1208,238209,10,2
20260216,1209,214503,10,3
20260216,1209,266476,10,3
20260216,1209,263858,10,3
20260216,1212,253665,10,3
20260216,1212,214860,10,3
20260216,1214,233725,10,3
20260216,1214,266819,10,3
20260216,1216,210702,10,3
20260216,1217,260604,10,4
20260216,1218,260338,10,4
20260216,1219,263940,10,4
20260216,1220,257867,10,4
20260216,1221,252582,10,5
20260216,1221,222215,10,5
20260216,1221,265713,10,5
20260216,1221,267387,10,5
20260216,1225,215854,10,5
20260216,1226,223435,10,6
20260216,1226,201691,10,6
20260216,1226,221463,10,6
20260216,1229,214974,10,6
20260216,1229,223153,10,6
20260216,1229,223198,10,6
20260216,1229,263905,10,6
20260216,1233,266795,10,6
20260216,1234,211600,10,7
20260216,1235,222318,10,7
20260216,1236,221258,10,8
20260216,1236,260378,10,8
20260216,1238,216405,10,8
20260216,1239,260774,10,9
20260216,1240,263775,9,6
20260216,1241,211779,9,6
20260216,1242,215937,9,5
20260216,1243,270302,9,6
20260216,1244,224482,9,3
20260216,1245,270266,9,3
20260216,1246,267734,9,4
20260216,1246,266543,9,4
20260216,1246,238068,9,4
20260216,1246,263625,9,4
20260216,1246,219874,9,4
20260216,1246,260622,9,4
20260216,1252,270194,9,4
20260216,1252,260674,9,4
20260216,1254,267441,9,4
20260216,1255,266467,9,5
20260216,1255,260583,9,5
20260216,1255,259769,9,5
20260216,1258,215647,9,5
20260216,1258,205492,9,5
20260216,1260,221371,9,5
20260216,1260,261082,9,5
20260216,1260,222213,9,5
20260216,1260,261094,9,5
20260216,1264,215161,9,6
20260216,1265,267435,9,6
20260216,1265,266532,9,6
20260216,1265,239484,9,6
20260216,1268,222613,9,7
20260216,1268,221524,9,7
20260216,1268,260828,9,7
20260216,1268,221771,9,7
20260216,1268,225861,9,7
20260216,1273,221197,9,9
20260216,1274,264151,8,3
20260216,1275,267545,8,3
20260216,1276,259104,8,4
20260216,1277,270072,8,3
20260216,1277,222377,8,3
20260216,1277,269943,8,3
20260216,1277,221621,8,3
20260216,1277,240996,8,3
20260216,1282,206402,8,3
20260216,1283,260159,8,3
20260216,1284,264063,8,3
20260216,1285,222847,8,4
20260216,1285,264274,8,4
20260216,1287,223397,8,4
20260216,1287,219754,8,4
20260216,1287,260122,8,4
20260216,1290,220512,8,4
20260216,1291,220633,8,5
20260216,1291,267722,8,5
20260216,1291,267723,8,5
20260216,1294,257881,8,6
20260216,1294,237467,8,6
20260216,1294,261104,8,6
20260216,1294,267449,8,6
20260216,1294,264966,8,6
20260216,1294,269906,8,6
20260216,1300,241735,8,8
20260216,1301,202440,7,4
20260216,1302,263978,7,5
20260216,1303,202443,7,4
20260216,1304,215222,7,7
20260216,1305,266686,7,3
20260216,1305,215956,7,3
20260216,1305,266406,7,3
20260216,1305,221940,7,3
20260216,1305,254760,7,3
20260216,1305,221248,7,3
20260216,1305,267473,7,3
20260216,1305,259579,7,3
20260216,1305,260137,7,3
20260216,1305,263890,7,3
20260216,1305,221030,7,3
20260216,1305,264275,7,3
20260216,1317,270281,7,3
20260216,1318,264215,7,3
20260216,1318,222061,7,3
20260216,1318,221044,7,3
20260216,1318,220356,7,3
20260216,1318,222606,7,3
20260216,1318,260091,7,3
20260216,1324,264138,7,4
20260216,1324,260204,7,4
20260216,1326,220289,7,4
20260216,1326,270186,7,4
20260216,1328,221083,7,5
20260216,1328,246485,7,5
20260216,1328,230120,7,5
20260216,1328,220394,7,5
20260216,1328,260742,7,5
20260216,1328,261021,7,5
20260216,1328,222274,7,5
20260216,1328,260881,7,5
20260216,1328,260957,7,5
20260216,1328,267462,7,5
20260216,1338,260993,7,5
20260216,1338,259964,7,5
20260216,1338,222158,7,5
20260216,1338,221315,7,5
20260216,1342,223389,7,6
20260216,1342,216156,7,6
20260216,1344,265195,7,7
20260216,1344,221269,7,7
20260216,1344,238071,7,7
20260216,1344,267695,7,7
20260216,1344,252494,7,7
20260216,1344,260715,7,7
20260216,1350,256710,6,6
20260216,1351,264242,6,4
20260216,1352,264986,6,6
20260216,1353,215043,6,4
20260216,1354,269872,6,5
20260216,1355,270047,6,3
20260216,1355,260455,6,3
20260216,1357,263766,6,3
20260216,1357,259608,6,3
20260216,1357,222637,6,3
20260216,1357,223356,6,3
20260216,1361,222332,6,4
20260216,1361,222309,6,4
20260216,1361,222623,6,4
20260216,1361,266372,6,4
20260216,1361,260653,6,4
20260216,1361,263701,6,4
20260216,1361,260066,6,4
20260216,1361,267465,6,4
20260216,1361,260792,6,4
20260216,1361,266492,6,4
20260216,1361,270115,6,4
20260216,1361,205789,6,4
20260216,1361,260373,6,4
20260216,1361,216073,6,4
20260216,1361,267927,6,4
20260216,1361,260962,6,4
20260216,1361,263717,6,4
20260216,1361,256682,6,4
20260216,1361,221515,6,4
20260216,1361,260503,6,4
20260216,1361,216092,6,4
20260216,1361,220772,6,4
20260216,1361,222895,6,4
20260216,1384,266763,6,4
20260216,1385,223352,6,5
20260216,1385,223006,6,5
20260216,1385,222161,6,5
20260216,1385,222095,6,5
20260216,1389,222520,6,6
20260216,1389,216140,6,6
20260216,1389,237481,6,6
20260216,1389,220071,6,6
20260216,1389,267408,6,6
20260216,1394,201527,5,3
20260216,1395,201399,5,4
20260216,1395,269948,5,4
20260216,1397,270350,5,3
20260216,1398,220422,5,5
20260216,1399,263962,5,3
20260216,1399,267671,5,3
20260216,1399,231641,5,3
20260216,1399,266713,5,3
20260216,1399,241022,5,3
20260216,1399,260974,5,3
20260216,1399,201672,5,3
20260216,1399,270164,5,3
20260216,1399,258195,5,3
20260216,1399,267453,5,3
20260216,1399,214048,5,3
20260216,1399,263706,5,3
20260216,1399,267748,5,3
20260216,1399,259887,5,3
20260216,1399,233729,5,3
20260216,1399,215174,5,3
20260216,1399,267424,5,3
20260216,1399,223452,5,3
20260216,1399,239172,5,3
20260216,1399,266781,5,3
20260216,1399,245076,5,3
20260216,1399,246489,5,3
20260216,1399,221963,5,3
20260216,1399,264198,5,3
20260216,1423,260393,5,4
20260216,1423,221346,5,4
20260216,1423,263809,5,4
20260216,1423,264252,5,4
20260216,1423,230121,5,4
20260216,1423,260464,5,4
20260216,1429,215430,5,5
20260216,1429,222180,5,5
20260216,1429,264229,5,5
20260216,1429,238205,5,5
20260216,1429,260723,5,5
20260216,1429,252565,5,5
20260216,1429,259569,5,5
20260216,1429,270133,5,5
20260216,1429,269757,5,5
20260216,1429,259614,5,5
20260216,1429,220469,5,5
20260216,1440,214453,4,4
20260216,1441,221988,4,4
20260216,1441,265610,4,4
20260216,1443,261129,4,3
20260216,1443,254770,4,3
20260216,1443,260893,4,3
20260216,1443,270154,4,3
20260216,1443,260178,4,3
20260216,1443,221222,4,3
20260216,1443,220687,4,3
20260216,1443,234236,4,3
20260216,1443,223268,4,3
20260216,1443,259719,4,3
20260216,1443,267083,4,3
20260216,1454,260479,4,4
20260216,1454,266700,4,4
20260216,1454,264114,4,4
20260216,1454,264243,4,4
20260216,1454,269773,4,4
20260216,1454,234223,4,4
20260216,1454,260709,4,4
20260216,1454,242450,4,4
20260216,1454,263838,4,4
20260216,1454,246480,4,4
20260216,1454,264998,4,4
20260216,1454,260779,4,4
20260216,1454,241018,4,4
20260216,1454,269753,4,4
20260216,1454,255666,4,4
20260216,1454,270066,4,4
20260216,1454,252487,4,4
20260216,1454,241003,4,4
20260216,1454,266593,4,4
20260216,1454,267732,4,4
20260216,1454,221520,4,4
20260216,1475,213596,3,3
20260216,1475,202453,3,3
20260216,1477,264086,3,3
20260216,1477,261029,3,3
20260216,1479,256711,3,3
20260216,1479,266892,3,3
20260216,1479,260867,3,3
20260216,1479,240163,3,3
20260216,1483,249668,3,3
20260216,1483,270117,3,3
20260216,1483,213944,3,3
20260216,1483,213898,3,3
20260216,1483,239157,3,3
20260216,1483,259803,3,3
20260216,1483,269732,3,3
20260216,1483,263666,3,3
20260216,1483,236989,3,3
20260216,1483,270109,3,3
20260216,1483,269267,3,3
20260216,1483,221127,3,3
20260216,1483,266805,3,3
20260216,1483,270207,3,3
20260216,1483,244077,3,3
20260216,1483,260238,3,3
20260216,1483,266714,3,3
20260216,1483,216198,3,3
20260216,1483,221979,3,3
20260216,1483,270258,3,3
20260216,1483,261092,3,3
20260216,1483,267493,3,3
20260216,1483,260443,3,3
20260216,1483,223416,3,3
20260216,1483,238084,3,3
20260216,1483,269972,3,3
20260216,1483,266852,3,3
20260216,1483,269718,3,3
20260216,1483,264068,3,3
20260216,1483,264980,3,3
20260216,1483,260940,3,3
20260216,1483,223071,3,3
20260216,1483,235155,3,3
20260216,1483,269878,3,3
20260216,1483,264270,3,3
20260216,1483,220790,3,3
20260216,1483,219697,3,3
20260216,1483,222845,3,3
20260216,1483,233745,3,3
20260216,1483,221207,3,3
20260216,1483,264139,3,3
20260216,1483,213827,3,3
20260216,1483,267937,3,3
20260216,1483,269769,3,3
20260216,1483,269775,3,3
20260216,1483,269937,3,3
20260216,1483,234247,3,3
20260216,1483,220934,3,3
20260216,1483,266463,3,3
20260216,1483,259990,3,3
20260216,1483,234506,3,3
20260216,1483,269797,3,3
20260216,201,220680,361,22
20260216,202,223335,360,22
20260216,203,201621,357,28
20260216,204,204431,356,22
20260216,205,222156,351,27
20260216,206,210622,350,28
20260216,207,216055,348,26
20260216,208,214480,346,32
20260216,209,215453,344,30
20260216,210,213544,340,18
20260216,211,201613,340,27
20260216,212,266671,339,20
20260216,213,214906,338,18
20260216,214,206007,338,31
20260216,215,203564,334,33
20260216,216,220446,333,28
20260216,217,202662,333,24
20260216,218,214149,331,28
20260216,219,216367,328,28
20260216,220,215988,326,32
20260216,221,223323,324,31
20260216,222,201611,321,11
20260216,223,216016,315,15
20260216,224,223087,311,21
20260216,225,211901,310,29
20260216,226,210303,306,36
20260216,227,216074,305,21
20260216,228,260664,303,16
20260216,229,211552,302,28
20260216,230,206430,302,29
20260216,231,232447,301,23
20260216,232,204411,299,12
20260216,233,247669,299,22
20260216,234,214826,296,26
20260216,235,211344,295,26
20260216,236,203463,291,22
20260216,237,260170,291,29
20260216,238,222080,290,26
20260216,239,259685,289,22
20260216,240,211539,288,14
20260216,241,236972,288,19
20260216,242,215062,287,19
20260216,243,214236,286,33
20260216,244,216213,286,25
20260216,245,213779,285,31
20260216,246,213620,285,27
20260216,247,201606,282,16
20260216,248,212303,280,33
20260216,249,264149,280,27
20260216,250,213706,279,33
20260216,251,221004,279,20
20260216,252,215996,276,26
20260216,253,214646,275,26
20260216,254,215807,274,28
20260216,255,220770,274,26
20260216,256,223333,274,36
20260216,257,221164,273,27
20260216,258,221073,273,30
20260216,259,202460,272,11
20260216,260,238064,271,16
20260216,261,221911,271,36
20260216,262,214386,271,20
20260216,263,214937,271,19
20260216,264,211643,271,24
20260216,265,222919,270,21
20260216,266,221018,269,26
20260216,267,201662,267,5
20260216,268,222506,266,30
20260216,269,261972,266,19
20260216,270,214684,265,29
20260216,271,215042,260,20
20260216,272,213908,254,24
20260216,273,239392,254,29
20260216,274,211878,253,26
20260216,275,214919,249,22
20260216,276,222980,246,14
20260216,277,221885,243,21
20260216,278,201586,241,14
20260216,279,259871,241,16
20260216,280,214081,241,17
20260216,281,261963,239,16
20260216,282,214219,237,24
20260216,283,221512,237,13
20260216,284,221362,237,20
20260216,285,222189,236,33
20260216,286,215614,235,32
20260216,287,260203,235,16
20260216,288,258199,235,29
20260216,289,259883,232,14
20260216,290,260598,232,26
20260216,291,256705,230,26
20260216,292,206124,228,17
20260216,293,201610,225,21
20260216,294,221905,224,7
20260216,295,259758,224,25
20260216,296,221209,223,18
20260216,297,220757,221,33
20260216,298,211846,216,28
20260216,299,221099,216,27
20260216,300,221395,215,20
20260216,301,246493,215,24
20260216,302,211844,214,26
20260216,303,215898,213,21
20260216,304,260761,212,15
20260216,305,213767,210,18
20260216,306,220432,209,22
20260216,307,222397,208,21
20260216,308,259857,207,20
20260216,309,214189,207,25
20260216,310,206194,207,22
20260216,311,215290,207,24
20260216,312,214521,206,25
20260216,313,213789,206,23
20260216,314,215501,205,20
20260216,315,201555,204,10
20260216,316,221411,202,20
20260216,317,221191,201,25
20260216,318,215726,201,32
20260216,319,215386,201,18
20260216,320,215018,200,21
20260216,321,239438,200,16
20260216,322,260581,199,25
20260216,323,220718,199,20
20260216,324,220489,198,24
20260216,325,222944,198,18
20260216,326,215878,197,24
20260216,327,221220,197,23
20260216,328,246478,196,25
20260216,329,215077,195,29
20260216,330,260765,195,10
20260216,331,222559,192,25
20260216,332,221382,192,29
20260216,333,222675,191,20
20260216,334,203475,190,20
20260216,335,215820,190,29
20260216,336,221014,190,24
20260216,337,220735,189,23
20260216,338,206345,188,20
20260216,339,221243,188,19
20260216,340,256673,188,17
20260216,341,202688,187,24
20260216,342,213949,186,30
20260216,343,211411,185,12
20260216,344,231639,185,17
20260216,345,260168,185,16
20260216,346,201549,183,10
20260216,347,266376,183,6
20260216,348,216116,183,19
20260216,349,259853,183,22
20260216,350,264075,182,10
20260216,351,262891,182,13
20260216,352,211342,182,18
20260216,353,239476,182,19
20260216,354,221104,181,21
20260216,355,206374,180,10
20260216,356,221434,180,20
20260216,357,201329,178,5
20260216,358,221096,178,24
20260216,359,220781,177,26
20260216,360,215314,177,19
20260216,361,236956,177,22
20260216,362,222965,175,20
20260216,363,266622,175,15
20260216,364,220808,174,15
20260216,365,221768,174,22
20260216,366,214930,174,18
20260216,367,223410,173,24
20260216,368,215840,173,25
20260216,369,211765,172,18
20260216,370,211920,171,16
20260216,371,213657,170,26
20260216,372,213821,169,24
20260216,373,221213,169,12
20260216,374,221486,168,19
20260216,375,239397,167,24
20260216,376,201666,167,24
20260216,377,216385,167,11
20260216,378,215592,166,24
20260216,379,222296,165,3
20260216,380,221178,165,18
20260216,381,252495,165,8
20260216,382,221159,165,20
20260216,383,214301,164,21
20260216,384,210847,164,20
20260216,385,203435,164,30
20260216,386,210705,162,12
20260216,387,223302,162,19
20260216,388,213734,161,11
20260216,389,221000,161,30
20260216,390,214992,161,19
20260216,391,206362,161,22
20260216,392,219887,161,19
20260216,393,211529,161,22
20260216,394,214546,160,26
20260216,395,221023,160,28
20260216,396,221364,160,23
20260216,397,221265,159,21
20260216,398,232881,158,28
20260216,399,214839,156,19
20260216,400,201483,156,18
20260216,401,259794,156,18
20260216,402,203281,155,24
20260216,403,215550,155,18
20260216,404,215566,155,24
20260216,405,211063,154,29
20260216,406,215588,154,27
20260216,407,202410,153,25
20260216,408,260510,152,21
20260216,409,221789,152,15
20260216,410,235159,151,22
20260216,411,220364,151,34
20260216,412,220513,151,23
20260216,413,211820,149,17
20260216,414,260541,149,20
20260216,415,206255,148,14
20260216,416,246481,148,20
20260216,417,260171,148,22
20260216,418,211874,147,23
20260216,419,252493,146,20
20260216,420,216139,146,23
20260216,421,214862,145,17
20260216,422,264187,145,21
20260216,423,213849,144,30
20260216,424,213837,144,22
20260216,425,215431,143,25
20260216,426,215166,143,18
20260216,427,215468,142,15
20260216,428,221187,140,20
20260216,429,215064,139,18
20260216,430,220673,138,23
20260216,431,203288,138,18
20260216,432,254733,138,21
20260216,433,216324,138,15
20260216,434,260006,137,23
20260216,435,220554,136,12
20260216,436,213974,136,25
20260216,437,201614,135,7
20260216,438,223415,135,25
20260216,439,221945,135,25
20260216,440,260206,135,18
20260216,441,214653,133,22
20260216,442,216253,133,19
20260216,443,221031,132,24
20260216,444,211756,132,11
20260216,445,220598,132,15
20260216,446,260913,129,24
20260216,447,215259,128,23
20260216,448,239156,128,21
20260216,449,220613,127,18
20260216,450,222276,127,21
20260216,451,204427,126,12
20260216,452,221247,126,17
20260216,453,213753,126,16
20260216,454,221086,126,12
20260216,455,211329,126,26
20260216,456,264228,125,20
20260216,457,266450,125,23
20260216,458,222454,124,9
20260216,459,221229,124,21
20260216,460,239442,123,23
20260216,461,221242,123,14
20260216,462,219625,123,21
20260216,463,201616,121,12
20260216,464,222171,121,20
20260216,465,215459,121,22
20260216,466,221369,120,19
20260216,467,221020,119,19
20260216,468,252587,118,31
20260216,469,221443,118,18
20260216,470,204394,118,21
20260216,471,216095,117,22
20260216,472,216162,117,21
20260216,473,216044,117,19
20260216,474,270058,117,11
20260216,475,214418,116,15
20260216,476,220502,114,18
20260216,477,236967,114,19
20260216,478,259916,114,14
20260216,479,222891,114,21
20260216,480,214507,113,14
20260216,481,260763,113,19
20260216,482,259591,113,21
20260216,483,264227,113,15
20260216,484,221168,113,22
20260216,485,203578,113,11
20260216,486,203513,113,13
20260216,487,216160,112,23
20260216,488,260714,112,13
20260216,489,267420,112,17
20260216,490,260667,111,16
20260216,491,202619,111,16
20260216,492,223141,111,21
20260216,493,216579,110,20
20260216,494,240998,110,9
20260216,495,220306,109,18
20260216,496,220447,109,17
20260216,497,222092,109,22
20260216,498,223100,109,21
20260216,499,245077,108,21
20260216,500,221181,108,25
20260216,501,260514,108,19
20260216,502,221657,108,18
20260216,503,260539,108,20
20260216,504,214741,107,16
20260216,505,221259,107,15
20260216,506,202921,107,16
20260216,507,244087,107,20
20260216,508,211646,107,20
20260216,509,233742,106,28
20260216,510,247647,106,23
20260216,511,231625,106,18
20260216,512,260647,106,20
20260216,513,213947,105,20
20260216,514,216268,105,15
20260216,515,211809,104,16
20260216,516,214600,104,14
20260216,517,222458,104,18
20260216,518,220164,104,12
20260216,519,221982,104,18
20260216,520,260565,104,19
20260216,521,222297,103,17
20260216,522,222273,103,20
20260216,523,213998,102,25
20260216,524,222859,102,18
20260216,525,215971,102,23
20260216,526,259967,101,12
20260216,527,215733,101,23
20260216,528,221952,101,14
20260216,529,213771,101,17
20260216,530,222986,101,21
20260216,531,222369,100,21
20260216,532,252488,100,20
20260216,533,264967,100,15
20260216,534,260951,100,7
20260216,535,263872,99,13
20260216,536,221109,99,18
20260216,537,216331,99,19
20260216,538,261049,98,20
20260216,539,211328,98,18
20260216,540,214779,98,16
20260216,541,214271,98,18
20260216,542,201520,97,9
20260216,543,220842,96,11
20260216,544,216075,96,14
20260216,545,214505,96,17
20260216,546,216173,96,19
20260216,547,256712,96,20
20260216,548,201554,95,11
20260216,549,220560,95,23
20260216,550,220351,95,18
20260216,551,222837,94,17
20260216,552,201524,94,20
20260216,553,221157,93,19
20260216,554,216076,93,14
20260216,555,200748,92,6
20260216,556,215802,92,12
20260216,557,216007,92,15
20260216,558,220827,92,17
20260216,559,265197,92,17
20260216,560,214319,91,18
20260216,561,257874,91,22
20260216,562,266864,91,9
20260216,563,211222,90,13
20260216,564,202454,90,15
20260216,565,211719,90,17
20260216,566,261071,90,18
20260216,567,260142,89,9
20260216,568,260296,89,17
20260216,569,215398,89,17
20260216,570,214238,89,21
20260216,571,220946,88,18
20260216,572,263881,88,20
20260216,573,259690,87,24
20260216,574,259913,87,15
20260216,575,260446,87,18
20260216,576,202434,86,12
20260216,577,211668,85,12
20260216,578,233747,85,18
20260216,579,241717,85,11
20260216,580,220429,85,18
20260216,581,221834,84,6
20260216,582,219892,84,19
20260216,583,260613,84,21
20260216,584,260737,83,13
20260216,585,221959,83,20
20260216,586,203591,82,12
20260216,587,210138,82,21
20260216,588,214091,82,16
20260216,589,263853,82,14
20260216,590,222347,82,17
20260216,591,221116,81,9
20260216,592,264144,81,12
20260216,593,222390,81,16
20260216,594,221914,81,20
20260216,595,266469,80,14
20260216,596,269755,80,13
20260216,597,230880,80,17
20260216,598,236980,80,19
20260216,599,215151,79,18
20260216,600,215832,79,13
20260216,601,269714,79,7
20260216,602,215778,79,13
20260216,603,230882,79,13
20260216,604,261015,79,14
20260216,605,239393,79,18
20260216,606,260490,79,20
20260216,607,260966,78,12
20260216,608,214868,78,11
20260216,609,260708,78,16
20260216,610,214212,78,21
20260216,611,221454,78,23
20260216,612,264064,77,18
20260216,613,266800,77,11
20260216,614,213772,77,18
20260216,615,214935,77,17
20260216,616,260339,77,11
20260216,617,214540,77,16
20260216,618,223203,76,10
20260216,619,220496,76,22
20260216,620,215472,76,19
20260216,621,214007,76,23
20260216,622,267882,75,15
20260216,623,215806,75,21
20260216,624,221473,75,8
20260216,625,260787,74,12
20260216,626,215163,74,15
20260216,627,214909,74,11
20260216,628,228909,74,19
20260216,629,216051,73,19
20260216,630,216062,73,12
20260216,631,260445,73,14
20260216,632,202430,73,14
20260216,633,210526,73,16
20260216,634,264192,72,6
20260216,635,220597,72,15
20260216,636,206406,72,14
20260216,637,222878,72,13
20260216,638,206248,72,16
20260216,639,221497,71,9
20260216,640,254765,71,10
20260216,641,220550,71,11
20260216,642,215013,71,14
20260216,643,266901,70,15
20260216,644,260141,70,21
20260216,645,221141,69,15
20260216,646,210537,69,16
20260216,647,252535,69,21
20260216,648,202536,68,8
20260216,649,259567,68,17
20260216,650,252531,68,12
20260216,651,222481,68,14
20260216,652,241714,68,15
20260216,653,220672,68,22
20260216,654,214872,67,18
20260216,655,263909,67,9
20260216,656,259754,67,13
20260216,657,220891,67,18
20260216,658,215909,67,22
20260216,659,267382,66,6
20260216,660,206219,66,9
20260216,661,252571,66,20
20260216,662,225858,66,14
20260216,663,222037,66,6
20260216,664,221165,65,15
20260216,665,206102,64,19
20260216,666,266937,64,14
20260216,667,206075,64,17
20260216,668,263869,63,12
20260216,669,213672,63,10
20260216,670,260847,63,11
20260216,671,220392,63,10
20260216,672,204309,63,10
20260216,673,266448,63,16
20260216,674,265701,62,11
20260216,675,259820,62,11
20260216,676,215545,62,14
20260216,677,211269,61,8
20260216,678,202672,61,25
20260216,679,221465,61,16
20260216,680,259575,61,16
20260216,681,245094,61,13
20260216,682,221062,61,13
20260216,683,221886,61,10
20260216,684,260254,61,12
20260216,685,203354,60,13
20260216,686,204294,60,13
20260216,687,234474,60,20
20260216,688,239386,59,12
20260216,689,260694,59,16
20260216,690,261038,58,12
20260216,691,221994,58,21
20260216,692,213739,58,15
20260216,693,264130,58,14
20260216,694,260225,58,12
20260216,695,266431,58,12
20260216,696,203500,57,8
20260216,697,213896,57,16
20260216,698,216038,57,22
20260216,699,223120,57,17
20260216,700,260368,57,7
20260216,701,266488,57,10
20260216,702,202580,56,12
20260216,703,213551,56,16
20260216,704,260766,56,15
20260216,705,261097,56,16
20260216,706,222667,55,17
20260216,707,220740,55,13
20260216,708,237454,55,15
20260216,709,258191,55,17
20260216,710,221469,54,14
20260216,711,263941,54,12
20260216,712,221370,54,15
20260216,713,220645,54,17
20260216,714,239158,54,17
20260216,715,204223,53,16
20260216,716,215134,53,23
20260216,717,214713,53,18
20260216,718,215707,53,12
20260216,719,264207,53,16
20260216,720,220497,53,17
20260216,721,211951,52,19
20260216,722,216587,52,13
20260216,723,214020,52,15
20260216,724,215019,52,14
20260216,725,225854,52,14
20260216,726,235161,52,6
20260216,727,220053,52,13
20260216,728,222346,52,13
20260216,729,252509,52,13
20260216,730,269870,52,13
20260216,731,260101,51,10
20260216,732,206335,51,6
20260216,733,202464,51,11
20260216,734,220578,51,19
20260216,735,221192,51,7
20260216,736,270076,51,8
20260216,737,215921,51,12
20260216,738,265692,51,16
20260216,739,260167,50,10
20260216,740,264205,50,14
20260216,741,266682,50,9
20260216,742,254748,50,4
20260216,743,233718,50,7
20260216,744,239422,50,8
20260216,745,266642,50,14
20260216,746,221474,50,14
20260216,747,216180,50,15
20260216,748,201506,49,6
20260216,749,216262,49,1
20260216,750,222184,49,10
20260216,751,260762,49,13
20260216,752,260273,49,11
20260216,753,221003,49,18
20260216,754,265688,48,19
20260216,755,221903,48,14
20260216,756,220453,48,10
20260216,757,216316,48,11
20260216,758,260214,48,12
20260216,759,215505,48,14
20260216,760,260848,47,13
20260216,761,216186,47,12
20260216,762,221746,47,11
20260216,763,220997,47,13
20260216,764,260032,47,15
20260216,765,220684,46,13
20260216,766,239387,46,8
20260216,767,239454,46,18
20260216,768,267651,46,19
20260216,769,201518,45,7
20260216,770,267428,45,7
20260216,771,214877,45,12
20260216,772,260042,45,6
20260216,773,221864,45,11
20260216,774,221568,45,22
20260216,775,201585,44,5
20260216,776,270080,44,6
20260216,777,206060,44,7
20260216,778,222330,44,10
20260216,779,270061,44,10
20260216,780,211544,44,14
20260216,781,222299,44,14
20260216,782,221773,44,15
20260216,783,266771,43,11
20260216,784,223402,43,9
20260216,785,219979,43,17
20260216,786,260638,42,8
20260216,787,210158,42,8
20260216,788,263626,42,9
20260216,789,211541,42,12
20260216,790,221139,42,12
20260216,791,260582,42,17
20260216,792,215966,42,17
20260216,793,216256,42,18
20260216,794,263995,41,10
20260216,795,222255,41,5
20260216,796,223373,41,7
20260216,797,216013,41,9
20260216,798,259858,41,12
20260216,799,216158,41,14
20260216,800,214535,40,12
20260216,801,230876,40,13
20260216,802,266529,40,11
20260216,803,222305,40,13
20260216,804,215693,39,18
20260216,805,206108,39,1
20260216,806,202693,39,8
20260216,807,267176,39,8
20260216,808,214696,38,9
20260216,809,215879,38,13
20260216,810,215096,38,4
20260216,811,216107,38,12
20260216,812,214934,38,13
20260216,813,220491,38,13
20260216,814,203509,38,14
20260216,815,221585,38,17
20260216,816,266381,37,8
20260216,817,266851,37,7
20260216,818,263148,37,7
20260216,819,264973,37,10
20260216,820,221195,37,10
20260216,821,221173,37,13
20260216,822,202446,36,2
20260216,823,220713,36,9
20260216,824,260612,36,11
20260216,825,260845,36,8
20260216,826,221468,36,8
20260216,827,220494,36,13
20260216,828,228910,36,13
20260216,829,260003,36,14
20260216,830,220642,36,16
20260216,831,221210,35,9
20260216,832,211864,35,12
20260216,833,264961,35,9
20260216,834,222000,35,12
20260216,835,259996,35,8
20260216,836,260226,35,12
20260216,837,266407,35,6
20260216,838,203537,35,6
20260216,839,223326,35,7
20260216,840,220591,35,8
20260216,841,260277,35,10
20260216,842,258192,35,10
20260216,843,223418,35,12
20260216,844,270082,34,4
20260216,845,239446,34,5
20260216,846,215697,34,7
20260216,847,222262,34,9
20260216,848,215015,34,10
20260216,849,214901,34,11
20260216,850,234481,34,14
20260216,851,266758,34,15
20260216,852,222668,34,17
20260216,853,216078,33,11
20260216,854,263974,33,4
20260216,855,264167,33,6
20260216,856,260017,33,8
20260216,857,214771,33,8
20260216,858,223421,33,9
20260216,859,220614,33,10
20260216,860,264978,33,13
20260216,861,206336,33,13
20260216,862,222856,32,11
20260216,863,253681,32,11
20260216,864,213721,32,13
20260216,865,270195,32,5
20260216,866,220825,32,12
20260216,867,264085,32,5
20260216,868,211511,32,5
20260216,869,267400,32,5
20260216,870,202639,32,7
20260216,871,210672,32,7
20260216,872,264131,32,10
20260216,873,260062,32,11
20260216,874,220493,32,17
20260216,875,266455,31,16
20260216,876,214800,31,15
20260216,877,215440,31,10
20260216,878,239453,31,16
20260216,879,201582,30,10
20260216,880,267104,30,5
20260216,881,269866,30,9
20260216,882,222223,30,6
20260216,883,222367,30,7
20260216,884,260767,30,7
20260216,885,270078,30,11
20260216,886,221219,30,11
20260216,887,263801,30,12
20260216,888,222294,30,13
20260216,889,223146,30,14
20260216,890,268770,29,1
20260216,891,213976,29,7
20260216,892,263980,29,9
20260216,893,214605,29,10
20260216,894,260279,29,13
20260216,895,259965,29,15
20260216,896,221862,28,4
20260216,897,221509,28,5
20260216,898,211921,28,6
20260216,899,266509,28,7
20260216,900,221741,28,8
20260216,901,222028,28,9
20260216,902,260860,28,10
20260216,903,235160,28,10
20260216,904,210645,28,12
20260216,905,221203,28,14
20260216,906,222137,27,5
20260216,907,259762,27,4
20260216,908,263677,27,6
20260216,909,255662,27,11
20260216,910,267115,26,14
20260216,911,261957,26,10
20260216,912,220690,26,5
20260216,913,215795,26,5
20260216,914,256686,26,6
20260216,915,220695,26,7
20260216,916,222421,26,8
20260216,917,214519,26,14
20260216,918,269717,25,8
20260216,919,213830,25,8
20260216,920,260374,25,5
20260216,921,213948,25,6
20260216,922,260528,25,10
20260216,923,260100,25,10
20260216,924,215177,25,11
20260216,925,214405,24,3
20260216,926,223371,24,5
20260216,927,213541,24,8
20260216,928,223163,24,10
20260216,929,213775,24,5
20260216,930,223080,24,5
20260216,931,220470,24,6
20260216,931,213584,24,6
20260216,933,266533,24,8
20260216,934,264029,24,9
20260216,935,245079,24,10
20260216,936,241745,24,10
20260216,937,260433,24,11
20260216,938,221542,24,13
20260216,939,202596,23,8
20260216,940,210913,23,9
20260216,941,225850,23,6
20260216,942,215970,23,6
20260216,943,263751,23,6
20260216,944,219983,23,7
20260216,945,267409,23,7
20260216,946,265040,23,8
20260216,947,220492,23,8
20260216,948,267841,23,9
20260216,949,215492,23,10
20260216,950,246518,23,12
20260216,951,204434,22,2
20260216,952,239102,22,3
20260216,953,221150,22,7
20260216,954,222225,22,8
20260216,955,266645,22,3
20260216,956,260150,22,3
20260216,957,263622,22,6
20260216,958,221221,22,6
20260216,959,264069,22,7
20260216,960,270125,22,7
20260216,961,252586,22,8
20260216,962,219331,22,10
20260216,963,239160,22,12
20260216,964,205815,21,2
20260216,965,221410,21,11
20260216,966,222762,21,3
20260216,967,267422,21,4
20260216,968,223375,21,5
20260216,969,221624,21,5
20260216,970,267022,21,6
20260216,971,221413,21,6
20260216,972,270129,21,7
20260216,973,264150,21,7
20260216,974,270165,21,8
20260216,975,264216,21,8
20260216,976,253679,21,9
20260216,977,269253,20,5
20260216,978,212043,20,10
20260216,979,269954,20,3
20260216,980,259989,20,5
20260216,981,221069,20,11
20260216,982,202858,20,2
20260216,983,214182,20,3
20260216,984,266379,20,6
20260216,985,216311,20,6
20260216,986,239478,20,7
20260216,987,267431,20,9
20260216,988,259907,20,9
20260216,989,261098,20,10
20260216,990,260261,20,10
20260216,991,265207,19,8
20260216,992,259854,19,9
20260216,993,239390,19,9
20260216,994,260888,19,6
20260216,995,260914,19,8
20260216,996,264180,19,9
20260216,997,215065,19,3
20260216,998,270315,19,3
20260216,999,221440,19,4
20260216,1000,260297,19,4
20260223,1,214544,10675,20
20260223,2,216347,7588,20
20260223,3,214981,7253,22
20260223,4,221103,6803,20
20260223,5,202468,6768,23
20260223,6,216153,6070,21
20260223,7,211148,4047,19
20260223,8,259799,4001,20
20260223,9,202494,3845,16
20260223,10,239475,3214,23
20260223,11,206420,2918,26
20260223,12,202505,2898,19
20260223,13,214096,2668,16
20260223,14,222328,2421,23
20260223,15,201619,2351,19
20260223,16,211768,2324,21
20260223,17,220704,2095,24
20260223,18,260300,2095,21
20260223,19,214643,2050,23
20260223,20,215613,2045,26
20260223,21,223670,1953,26
20260223,22,210722,1936,22
20260223,23,214939,1813,22
20260223,24,221012,1758,15
20260223,25,221054,1645,23
20260223,26,211533,1600,21
20260223,27,220367,1598,27
20260223,28,216146,1583,19
20260223,29,233741,1549,30
20260223,30,216133,1438,24
20260223,31,223253,1432,29
20260223,32,206289,1410,26
20260223,33,211713,1367,27
20260223,34,213631,1347,23
20260223,35,201514,1344,24
20260223,36,222145,1341,25
20260223,37,239383,1341,21
20260223,38,222391,1337,24
20260223,39,215983,1333,26
20260223,40,220520,1324,26
20260223,41,220714,1290,29
20260223,42,221024,1274,25
20260223,43,211701,1269,23
20260223,44,213550,1267,26
20260223,45,214954,1263,15
20260223,46,238184,1256,18
20260223,47,202663,1234,24
20260223,48,222601,1202,24
20260223,49,215035,1170,23
20260223,50,206252,1156,17
20260223,51,222045,1130,28
20260223,52,222661,1127,22
20260223,53,201696,1110,21
20260223,54,206368,1089,20
20260223,55,213583,1079,35
20260223,56,219875,1072,27
20260223,57,211684,1053,24
20260223,58,214082,1052,23
20260223,59,215306,1027,28
20260223,60,221039,1026,31
20260223,61,215785,991,25
20260223,62,220548,988,20
20260223,63,213710,984,27
20260223,64,221333,980,23
20260223,65,214388,978,28
20260223,66,206242,942,24
20260223,67,216083,928,24
20260223,68,220332,923,23
20260223,69,211107,904,23
20260223,70,238075,902,27
20260223,71,220716,894,27
20260223,72,211817,892,21
20260223,73,215936,890,21
20260223,74,201548,881,26
20260223,75,203530,881,24
20260223,76,221407,878,25
20260223,77,201709,871,25
20260223,78,203389,865,15
20260223,79,211814,859,32
20260223,80,214040,857,30
20260223,81,220309,851,27
20260223,82,230870,851,26
20260223,83,215899,850,28
20260223,84,215020,848,27
20260223,85,211651,846,18
20260223,86,201533,821,22
20260223,87,213646,821,26
20260223,88,220435,819,32
20260223,89,213887,814,28
20260223,90,215337,811,22
20260223,91,215713,810,20
20260223,92,215872,802,32
20260223,93,215219,796,23
20260223,94,215910,792,33
20260223,95,219917,789,32
20260223,96,220465,786,27
20260223,97,221985,781,30
20260223,98,215138,780,23
20260223,99,221257,773,32
20260223,100,202499,768,22
20260223,101,263857,762,33
20260223,102,211685,758,26
20260223,103,221909,752,23
20260223,104,220416,745,29
20260223,105,215480,736,29
20260223,106,211337,734,32
20260223,107,223360,728,19
20260223,108,220662,726,28
20260223,109,220348,724,25
20260223,110,221883,721,34
20260223,111,210886,720,29
20260223,112,201499,716,17
20260223,113,243420,702,30
20260223,114,205925,701,26
20260223,115,220750,690,26
20260223,116,260172,673,15
20260223,117,206417,672,33
20260223,118,221307,667,17
20260223,119,203501,666,10
20260223,120,214119,660,22
20260223,121,222258,657,22
20260223,122,223286,657,29
20260223,123,239456,649,29
20260223,124,222290,632,28
20260223,125,252499,628,23
20260223,126,214452,627,25
20260223,127,213666,607,25
20260223,128,206294,607,23
20260223,129,220466,599,19
20260223,130,222966,599,25
20260223,131,259733,597,28
20260223,132,216081,593,23
20260223,133,213889,584,22
20260223,134,201551,560,35
20260223,135,221124,556,27
20260223,136,211880,555,23
20260223,137,221626,555,20
20260223,138,221406,555,28
20260223,139,214593,550,27
20260223,140,202684,549,20
20260223,141,223321,545,28
20260223,142,222233,542,19
20260223,143,214459,540,30
20260223,144,236957,533,27
20260223,145,220742,527,30
20260223,146,263644,517,17
20260223,147,203514,516,31
20260223,148,221236,514,24
20260223,149,214461,507,22
20260223,150,223194,497,28
20260223,151,202600,490,25
20260223,152,201478,483,36
20260223,153,223325,479,24
20260223,154,220722,470,32
20260223,155,221237,463,27
20260223,156,215250,462,22
20260223,157,214604,457,30
20260223,158,201593,455,9
20260223,159,213576,454,25
20260223,160,267439,452,24
20260223,161,202604,451,33
20260223,162,211316,445,30
20260223,163,215992,444,28
20260223,164,215370,443,16
20260223,165,215572,443,24
20260223,166,221803,430,26
20260223,167,215571,423,29
20260223,168,210622,422,28
20260223,169,236955,419,25
20260223,170,202493,418,33
20260223,171,222017,415,27
20260223,172,201458,410,8
20260223,173,211279,409,25
20260223,174,216097,408,26
20260223,175,211635,399,31
20260223,176,223168,399,19
20260223,177,211702,398,28
20260223,178,213525,396,15
20260223,179,220733,388,26
20260223,180,216265,387,26
20260223,181,223331,387,15
20260223,182,211227,387,25
20260223,183,239389,386,26
20260223,184,215946,386,26
20260223,185,215037,386,22
20260223,186,201545,385,16
20260223,187,220699,382,25
20260223,188,239436,381,31
20260223,189,220454,380,25
20260223,190,211095,379,18
20260223,191,214181,379,22
20260223,192,220589,378,15
20260223,193,206292,378,25
20260223,194,220680,375,23
20260223,195,201621,375,29
20260223,196,221354,374,25
20260223,197,204419,373,23
20260223,198,216055,373,27
20260223,199,216566,371,15
20260223,200,214254,368,30
20260223,1001,270315,19,3
20260223,1002,270181,19,4
20260223,1003,210500,19,4
20260223,1004,221440,19,4
20260223,1005,260297,19,4
20260223,1006,222202,19,5
20260223,1007,211796,19,6
20260223,1008,222032,19,6
20260223,1009,259981,19,8
20260223,1010,259105,19,11
20260223,1011,266659,19,11
20260223,1012,260323,19,11
20260223,1013,223308,19,13
20260223,1014,215696,18,11
20260223,1015,264975,18,2
20260223,1016,223160,18,2
20260223,1017,211260,18,3
20260223,1018,260306,18,3
20260223,1019,221371,18,3
20260223,1020,259576,18,4
20260223,1021,270159,18,4
20260223,1022,264140,18,4
20260223,1022,220391,18,4
20260223,1024,213584,18,5
20260223,1025,201481,18,5
20260223,1026,261066,18,5
20260223,1027,266720,18,6
20260223,1028,266765,18,6
20260223,1029,223411,18,7
20260223,1030,221736,18,8
20260223,1031,215616,18,9
20260223,1032,221055,18,9
20260223,1033,222177,18,10
20260223,1034,221740,18,10
20260223,1035,211043,17,9
20260223,1036,266651,17,5
20260223,1037,269710,17,2
20260223,1037,211021,17,2
20260223,1039,270320,17,3
20260223,1040,223398,17,4
20260223,1041,202916,17,6
20260223,1042,252584,17,6
20260223,1043,214784,17,6
20260223,1044,224485,17,6
20260223,1045,266523,17,6
20260223,1046,260871,17,6
20260223,1047,215236,17,7
20260223,1048,215926,17,7
20260223,1049,215805,17,9
20260223,1049,221148,17,9
20260223,1051,214398,17,9
20260223,1052,249659,17,9
20260223,1053,215712,17,10
20260223,1054,260580,16,3
20260223,1055,266722,16,7
20260223,1056,246476,16,9
20260223,1057,259713,16,6
20260223,1058,221915,16,8
20260223,1059,269275,16,2
20260223,1059,270322,16,2
20260223,1059,260842,16,2
20260223,1062,263687,16,5
20260223,1063,223404,16,5
20260223,1063,239474,16,5
20260223,1065,260777,16,5
20260223,1066,260398,16,6
20260223,1067,259797,16,6
20260223,1068,220286,16,7
20260223,1069,223284,16,8
20260223,1070,202387,16,8
20260223,1071,214277,16,8
20260223,1072,263889,16,10
20260223,1073,270262,15,1
20260223,1074,221441,15,6
20260223,1075,270100,15,4
20260223,1076,220297,15,8
20260223,1077,205964,15,1
20260223,1078,202669,15,2
20260223,1079,267534,15,2
20260223,1080,223399,15,3
20260223,1081,270091,15,4
20260223,1082,269772,15,5
20260223,1083,252519,15,6
20260223,1084,220564,15,6
20260223,1085,220551,15,6
20260223,1086,222239,15,7
20260223,1087,260717,15,7
20260223,1088,221310,15,7
20260223,1088,220689,15,7
20260223,1090,269254,15,8
20260223,1091,259113,15,8
20260223,1091,222376,15,8
20260223,1093,219444,15,9
20260223,1094,260556,15,10
20260223,1095,201539,14,6
20260223,1096,211285,14,8
20260223,1097,269259,14,3
20260223,1098,260711,14,4
20260223,1099,216225,14,6
20260223,1100,261964,14,7
20260223,1101,261132,14,9
20260223,1102,263808,14,10
20260223,1103,270019,14,3
20260223,1104,214297,14,3
20260223,1105,216340,14,4
20260223,1106,262883,14,4
20260223,1107,241715,14,5
20260223,1107,220436,14,5
20260223,1109,261968,14,6
20260223,1110,211208,14,6
20260223,1111,264505,14,7
20260223,1112,267425,14,7
20260223,1112,215372,14,7
20260223,1112,239449,14,7
20260223,1115,222734,14,8
20260223,1115,244079,14,8
20260223,1117,220048,14,8
20260223,1118,260984,14,8
20260223,1118,260085,14,8
20260223,1120,221013,14,9
20260223,1121,266549,14,12
20260223,1122,201565,13,1
20260223,1122,201318,13,1
20260223,1124,264962,13,6
20260223,1125,215721,13,7
20260223,1126,202478,13,7
20260223,1127,220887,13,7
20260223,1128,211407,13,2
20260223,1129,267920,13,2
20260223,1129,261278,13,2
20260223,1131,261008,13,3
20260223,1132,214746,13,3
20260223,1133,267180,13,3
20260223,1134,264510,13,4
20260223,1135,266629,13,4
20260223,1136,264280,13,4
20260223,1137,237465,13,6
20260223,1138,269835,13,6
20260223,1139,259914,13,6
20260223,1140,203370,13,7
20260223,1141,269801,13,7
20260223,1142,260185,13,7
20260223,1143,270065,13,7
20260223,1144,222748,13,8
20260223,1145,264226,13,9
20260223,1146,216381,13,11
20260223,1147,215735,12,7
20260223,1148,259739,12,7
20260223,1149,221688,12,1
20260223,1150,223159,12,2
20260223,1151,210337,12,2
20260223,1151,269838,12,2
20260223,1153,216287,12,2
20260223,1154,270132,12,3
20260223,1154,260631,12,3
20260223,1154,260926,12,3
20260223,1157,201431,12,3
20260223,1158,214019,12,3
20260223,1158,222509,12,3
20260223,1158,260693,12,3
20260223,1161,269734,12,4
20260223,1162,259590,12,4
20260223,1163,215353,12,5
20260223,1163,264107,12,5
20260223,1165,266541,12,5
20260223,1165,214460,12,5
20260223,1167,221377,12,6
20260223,1168,246484,12,6
20260223,1169,216315,12,6
20260223,1170,266409,12,8
20260223,1171,260400,12,9
20260223,1172,221933,11,7
20260223,1173,211592,11,7
20260223,1174,263905,11,7
20260223,1175,260827,11,1
20260223,1176,222557,11,2
20260223,1177,265628,11,3
20260223,1178,214450,11,4
20260223,1179,215085,11,4
20260223,1180,270274,11,4
20260223,1181,269864,11,5
20260223,1182,215467,11,5
20260223,1182,239477,11,5
20260223,1182,221375,11,5
20260223,1182,221913,11,5
20260223,1186,265020,11,5
20260223,1187,219872,11,5
20260223,1188,266374,11,6
20260223,1189,268772,11,7
20260223,1190,267932,11,7
20260223,1190,268778,11,7
20260223,1190,260224,11,7
20260223,1190,221158,11,7
20260223,1190,259998,11,7
20260223,1195,206161,11,7
20260223,1196,239126,11,8
20260223,1196,236968,11,8
20260223,1198,263676,11,8
20260223,1199,220563,11,10
20260223,1200,266383,10,4
20260223,1201,205562,10,7
20260223,1202,212034,10,7
20260223,1203,206205,10,9
20260223,1204,234490,10,1
20260223,1205,238209,10,2
20260223,1206,214503,10,3
20260223,1206,266476,10,3
20260223,1206,264971,10,3
20260223,1206,263858,10,3
20260223,1210,214860,10,3
20260223,1210,253665,10,3
20260223,1212,233725,10,3
20260223,1212,266819,10,3
20260223,1214,210702,10,3
20260223,1215,260604,10,4
20260223,1216,260338,10,4
20260223,1217,263940,10,4
20260223,1218,257867,10,4
20260223,1219,252582,10,5
20260223,1219,222215,10,5
20260223,1219,265713,10,5
20260223,1219,267387,10,5
20260223,1223,215854,10,5
20260223,1224,201691,10,6
20260223,1224,223435,10,6
20260223,1226,223198,10,6
20260223,1226,223153,10,6
20260223,1226,214974,10,6
20260223,1229,266795,10,6
20260223,1230,211600,10,7
20260223,1231,222318,10,7
20260223,1232,221258,10,8
20260223,1232,260378,10,8
20260223,1234,216405,10,8
20260223,1235,260774,10,9
20260223,1236,263775,9,6
20260223,1237,211779,9,6
20260223,1238,270302,9,6
20260223,1239,224482,9,3
20260223,1240,270266,9,3
20260223,1241,266543,9,4
20260223,1241,267734,9,4
20260223,1241,263625,9,4
20260223,1241,260622,9,4
20260223,1241,238068,9,4
20260223,1241,219874,9,4
20260223,1247,260674,9,4
20260223,1247,270194,9,4
20260223,1249,267441,9,4
20260223,1250,260583,9,5
20260223,1250,266467,9,5
20260223,1250,259769,9,5
20260223,1250,221463,9,5
20260223,1254,215647,9,5
20260223,1254,205492,9,5
20260223,1256,221371,9,5
20260223,1256,222213,9,5
20260223,1256,261082,9,5
20260223,1256,261094,9,5
20260223,1260,220512,9,5
20260223,1261,215161,9,6
20260223,1262,239484,9,6
20260223,1262,266532,9,6
20260223,1262,267435,9,6
20260223,1265,260828,9,7
20260223,1265,225861,9,7
20260223,1265,222613,9,7
20260223,1265,221771,9,7
20260223,1265,221524,9,7
20260223,1270,221197,9,9
20260223,1271,267545,8,3
20260223,1272,259104,8,4
20260223,1273,261133,8,5
20260223,1274,270072,8,3
20260223,1274,259849,8,3
20260223,1274,222377,8,3
20260223,1274,269943,8,3
20260223,1274,221621,8,3
20260223,1279,206402,8,3
20260223,1280,260159,8,3
20260223,1281,264063,8,3
20260223,1282,222847,8,4
20260223,1283,223397,8,4
20260223,1283,219754,8,4
20260223,1283,260122,8,4
20260223,1286,267723,8,5
20260223,1286,267722,8,5
20260223,1286,220633,8,5
20260223,1286,222602,8,5
20260223,1290,237467,8,6
20260223,1290,257881,8,6
20260223,1290,269906,8,6
20260223,1290,261104,8,6
20260223,1290,267449,8,6
20260223,1290,264966,8,6
20260223,1296,241735,8,8
20260223,1297,202440,7,4
20260223,1298,256710,7,7
20260223,1299,263978,7,5
20260223,1300,202443,7,4
20260223,1300,215937,7,4
20260223,1302,215222,7,7
20260223,1303,215956,7,3
20260223,1303,221940,7,3
20260223,1303,254760,7,3
20260223,1303,259579,7,3
20260223,1303,221030,7,3
20260223,1303,221248,7,3
20260223,1303,263890,7,3
20260223,1303,264274,7,3
20260223,1303,264275,7,3
20260223,1303,266406,7,3
20260223,1303,266686,7,3
20260223,1303,260137,7,3
20260223,1303,267473,7,3
20260223,1316,270281,7,3
20260223,1317,264215,7,3
20260223,1317,260091,7,3
20260223,1317,222061,7,3
20260223,1317,222606,7,3
20260223,1317,221044,7,3
20260223,1317,220356,7,3
20260223,1323,260204,7,4
20260223,1323,264138,7,4
20260223,1325,270186,7,4
20260223,1325,220289,7,4
20260223,1327,260881,7,5
20260223,1327,220394,7,5
20260223,1327,221083,7,5
20260223,1327,222274,7,5
20260223,1327,246485,7,5
20260223,1327,230120,7,5
20260223,1327,267462,7,5
20260223,1327,263717,7,5
20260223,1327,261021,7,5
20260223,1327,260957,7,5
20260223,1327,260742,7,5
20260223,1338,260993,7,5
20260223,1338,259964,7,5
20260223,1338,221315,7,5
20260223,1338,222158,7,5
20260223,1342,223389,7,6
20260223,1342,216156,7,6
20260223,1344,260715,7,7
20260223,1344,221269,7,7
20260223,1344,238071,7,7
20260223,1344,252494,7,7
20260223,1344,267695,7,7
20260223,1344,265195,7,7
20260223,1350,202939,6,3
20260223,1351,264242,6,4
20260223,1352,264986,6,6
20260223,1352,220422,6,6
20260223,1354,215043,6,4
20260223,1355,269872,6,5
20260223,1356,270133,6,6
20260223,1357,270047,6,3
20260223,1357,260455,6,3
20260223,1359,263766,6,3
20260223,1359,259608,6,3
20260223,1359,222637,6,3
20260223,1359,223356,6,3
20260223,1363,222895,6,4
20260223,1363,256682,6,4
20260223,1363,266492,6,4
20260223,1363,222623,6,4
20260223,1363,220772,6,4
20260223,1363,222309,6,4
20260223,1363,222332,6,4
20260223,1363,221515,6,4
20260223,1363,216073,6,4
20260223,1363,216092,6,4
20260223,1363,205789,6,4
20260223,1363,263701,6,4
20260223,1363,266372,6,4
20260223,1363,260503,6,4
20260223,1363,260373,6,4
20260223,1363,260066,6,4
20260223,1363,260962,6,4
20260223,1363,260792,6,4
20260223,1363,260653,6,4
20260223,1363,270115,6,4
20260223,1363,267465,6,4
20260223,1363,267927,6,4
20260223,1385,266763,6,4
20260223,1386,222161,6,5
20260223,1386,222095,6,5
20260223,1386,223006,6,5
20260223,1386,223352,6,5
20260223,1390,237481,6,6
20260223,1390,222520,6,6
20260223,1390,216140,6,6
20260223,1390,220071,6,6
20260223,1390,267408,6,6
20260223,1395,201527,5,3
20260223,1396,201399,5,4
20260223,1396,269948,5,4
20260223,1398,270350,5,3
20260223,1399,270164,5,3
20260223,1399,266781,5,3
20260223,1399,270164,5,3
20260223,1399,258195,5,3
20260223,1399,263706,5,3
20260223,1399,267453,5,3
20260223,1399,214048,5,3
20260223,1399,267748,5,3
20260223,1399,259887,5,3
20260223,1399,233729,5,3
20260223,1399,215174,5,3
20260223,1399,267424,5,3
20260223,1399,223452,5,3
20260223,1399,221422,5,3
20260223,1399,239172,5,3
20260223,1399,266781,5,3
20260223,1399,245076,5,3
20260223,1399,246489,5,3
20260223,1399,221963,5,3
20260223,1399,264198,5,3
20260223,1399,263962,5,3
20260223,1399,267671,5,3
20260223,1399,231641,5,3
20260223,1399,266713,5,3
20260223,1399,241022,5,3
20260223,1424,260393,5,4
20260223,1424,221346,5,4
20260223,1424,263809,5,4
20260223,1424,264252,5,4
20260223,1424,230121,5,4
20260223,1424,260464,5,4
20260223,1430,215430,5,5
20260223,1430,222180,5,5
20260223,1430,264229,5,5
20260223,1430,238205,5,5
20260223,1430,260723,5,5
20260223,1430,252565,5,5
20260223,1430,259569,5,5
20260223,1430,269757,5,5
20260223,1430,259614,5,5
20260223,1430,220469,5,5
20260223,1440,221988,4,4
20260223,1440,265610,4,4
20260223,1442,261129,4,3
20260223,1442,254770,4,3
20260223,1442,260893,4,3
20260223,1442,270154,4,3
20260223,1442,260178,4,3
20260223,1442,259719,4,3
20260223,1442,267083,4,3
20260223,1442,220687,4,3
20260223,1442,234236,4,3
20260223,1442,223268,4,3
20260223,1442,221222,4,3
20260223,1453,260709,4,4
20260223,1453,242450,4,4
20260223,1453,264114,4,4
20260223,1453,264243,4,4
20260223,1453,269773,4,4
20260223,1453,234223,4,4
20260223,1453,260479,4,4
20260223,1453,266700,4,4
20260223,1453,223371,4,4
20260223,1453,263838,4,4
20260223,1453,264998,4,4
20260223,1453,260779,4,4
20260223,1453,241018,4,4
20260223,1453,269753,4,4
20260223,1453,255666,4,4
20260223,1453,252487,4,4
20260223,1453,270066,4,4
20260223,1453,241003,4,4
20260223,1453,266593,4,4
20260223,1453,267732,4,4
20260223,1453,221520,4,4
20260223,1474,213596,3,3
20260223,1474,202453,3,3
20260223,1476,214453,3,3
20260223,1476,264086,3,3
20260223,1476,261029,3,3
20260223,1480,260867,3,3
20260223,1480,256711,3,3
20260223,1480,266892,3,3
20260223,1480,240163,3,3
20260223,1484,249668,3,3
20260223,1484,270117,3,3
20260223,1484,213944,3,3
20260223,1484,213898,3,3
20260223,1484,239157,3,3
20260223,1484,263666,3,3
20260223,1484,259803,3,3
20260223,1484,269732,3,3
20260223,1484,270109,3,3
20260223,1484,236989,3,3
20260223,1484,269267,3,3
20260223,1484,221127,3,3
20260223,1484,270207,3,3
20260223,1484,266805,3,3
20260223,1484,219697,3,3
20260223,1484,222845,3,3
20260223,1484,221207,3,3
20260223,1484,264139,3,3
20260223,1484,213898,3,3
20260223,1484,219697,3,3
20260223,1484,216198,3,3
20260223,1484,220934,3,3
20260223,1484,220790,3,3
20260223,1484,264068,3,3
20260223,1484,264139,3,3
20260223,1484,263666,3,3
20260223,1484,264980,3,3
20260223,1484,266463,3,3
20260223,1484,264270,3,3
20260223,1484,260940,3,3
20260223,1484,261092,3,3
20260223,1484,259990,3,3
20260223,1484,260443,3,3
20260223,1484,260238,3,3
20260223,1484,270258,3,3
20260223,1484,270207,3,3
20260223,1484,270117,3,3
20260223,1484,270109,3,3
20260223,1484,269972,3,3
20260223,1484,269878,3,3
20260223,1484,269937,3,3
20260223,1484,269775,3,3
20260223,1484,269718,3,3
20260223,1484,269732,3,3
20260223,1484,269769,3,3
20260223,1484,269797,3,3
20260223,1484,266714,3,3
20260223,1484,266805,3,3
20260223,1484,266849,3,3
20260223,1484,266852,3,3
20260223,1484,267493,3,3
20260223,1484,267937,3,3
20260223,1484,269267,3,3
20260223,201,214262,365,25
20260223,202,211843,364,15
20260223,203,256684,361,16
20260223,204,223335,359,22
20260223,205,204431,356,23
20260223,206,222156,351,27
20260223,207,214480,346,32
20260223,208,202662,346,25
20260223,209,215453,344,30
20260223,210,223333,343,36
20260223,211,213544,340,18
20260223,212,201613,340,27
20260223,213,266671,339,19
20260223,214,214906,338,19
20260223,215,206007,338,31
20260223,216,211539,337,15
20260223,217,232447,335,23
20260223,218,215988,334,33
20260223,219,203564,334,33
20260223,220,214149,331,29
20260223,221,220446,330,27
20260223,222,216367,328,28
20260223,223,223323,324,31
20260223,224,236972,322,19
20260223,225,211901,321,29
20260223,226,201611,319,10
20260223,227,222919,318,22
20260223,228,216016,315,15
20260223,229,211552,314,29
20260223,230,213873,313,30
20260223,231,223087,311,21
20260223,232,214826,310,27
20260223,233,210303,306,37
20260223,234,216074,305,21
20260223,235,206430,302,29
20260223,236,204411,301,13
20260223,237,221018,299,27
20260223,238,247669,299,22
20260223,239,211344,295,27
20260223,240,264149,292,27
20260223,241,203463,291,23
20260223,242,260170,291,29
20260223,243,222080,290,25
20260223,244,259685,289,22
20260223,245,260664,288,15
20260223,246,215062,287,19
20260223,247,215807,287,29
20260223,248,221164,287,28
20260223,249,214646,286,27
20260223,250,216213,286,25
20260223,251,213779,285,32
20260223,252,213620,285,27
20260223,253,214684,284,29
20260223,254,212303,283,34
20260223,255,201606,282,16
20260223,256,213706,279,33
20260223,257,215996,276,26
20260223,258,220770,274,25
20260223,259,238064,271,16
20260223,260,221911,271,35
20260223,261,214937,271,19
20260223,262,211643,271,25
20260223,263,221073,270,30
20260223,264,221004,268,20
20260223,265,201662,267,5
20260223,266,261972,266,19
20260223,267,214386,263,19
20260223,268,221885,263,21
20260223,269,202460,262,10
20260223,270,215042,260,20
20260223,271,222506,255,30
20260223,272,214236,255,32
20260223,273,213908,254,24
20260223,274,239392,254,29
20260223,275,211878,253,26
20260223,276,214919,249,23
20260223,277,222980,246,14
20260223,278,260203,244,17
20260223,279,215614,242,33
20260223,280,259871,242,17
20260223,281,201586,241,14
20260223,282,214081,241,17
20260223,283,261963,239,16
20260223,284,221512,238,14
20260223,285,260598,237,27
20260223,286,221362,237,20
20260223,287,222189,236,34
20260223,288,259883,232,14
20260223,289,214219,230,23
20260223,290,256705,230,26
20260223,291,206124,228,17
20260223,292,258199,228,29
20260223,293,201610,225,21
20260223,294,221905,224,7
20260223,295,259758,224,25
20260223,296,221209,223,18
20260223,297,213767,220,19
20260223,298,211844,219,27
20260223,299,220757,219,33
20260223,300,220718,219,21
20260223,301,201555,218,11
20260223,302,213789,218,24
20260223,303,211846,216,28
20260223,304,221099,216,27
20260223,305,221243,216,20
20260223,306,221395,215,20
20260223,307,246493,215,24
20260223,308,220489,213,25
20260223,309,215898,212,20
20260223,310,206194,210,23
20260223,311,221411,209,21
20260223,312,220432,209,23
20260223,313,239438,209,17
20260223,314,222397,208,21
20260223,315,259857,207,19
20260223,316,214189,207,25
20260223,317,215290,207,24
20260223,318,215501,207,20
20260223,319,260761,206,14
20260223,320,214521,206,26
20260223,321,221191,204,26
20260223,322,215878,204,25
20260223,323,215386,201,18
20260223,324,221220,200,24
20260223,325,221434,199,21
20260223,326,260581,199,25
20260223,327,222944,198,18
20260223,328,215314,197,20
20260223,329,211342,196,19
20260223,330,215077,195,29
20260223,331,260765,195,10
20260223,332,215726,194,32
20260223,333,246478,194,24
20260223,334,260168,193,17
20260223,335,215820,192,30
20260223,336,221382,192,28
20260223,337,222675,191,20
20260223,338,221014,190,25
20260223,339,220735,189,23
20260223,340,256673,189,18
20260223,341,206345,188,20
20260223,342,202688,187,24
20260223,343,222965,186,21
20260223,344,213949,186,30
20260223,345,221486,186,20
20260223,346,211411,185,12
20260223,347,231639,185,17
20260223,348,239476,185,20
20260223,349,201549,183,10
20260223,350,266376,183,6
20260223,351,216116,183,20
20260223,352,264075,182,10
20260223,353,262891,182,13
20260223,354,221104,181,21
20260223,355,201329,180,6
20260223,356,206374,180,10
20260223,357,221159,180,21
20260223,358,222559,179,25
20260223,359,221096,178,24
20260223,360,220781,177,26
20260223,361,236956,177,22
20260223,362,266622,176,16
20260223,363,220808,174,15
20260223,364,221768,174,23
20260223,365,214930,174,18
20260223,366,223410,173,24
20260223,367,215840,173,25
20260223,368,221213,173,13
20260223,369,259853,173,21
20260223,370,211765,172,18
20260223,371,211920,172,17
20260223,372,203475,171,19
20260223,373,201483,170,19
20260223,374,259794,170,19
20260223,375,213657,170,25
20260223,376,213821,169,24
20260223,377,239397,167,24
20260223,378,203435,167,31
20260223,379,215592,167,25
20260223,380,201666,167,24
20260223,381,216385,167,11
20260223,382,222296,165,3
20260223,383,221178,165,18
20260223,384,252495,165,8
20260223,385,214301,164,21
20260223,386,210847,164,20
20260223,387,221023,163,28
20260223,388,214546,162,27
20260223,389,235159,162,22
20260223,390,223302,162,19
20260223,391,213734,161,11
20260223,392,221000,161,30
20260223,393,214992,161,19
20260223,394,219887,161,19
20260223,395,211529,161,21
20260223,396,221364,160,23
20260223,397,246481,159,21
20260223,398,206362,159,22
20260223,399,221265,159,21
20260223,400,260541,159,21
20260223,401,232881,158,28
20260223,402,215588,157,27
20260223,403,214839,156,19
20260223,404,203281,155,24
20260223,405,215550,155,18
20260223,406,215566,155,24
20260223,407,220364,154,35
20260223,408,215018,152,20
20260223,409,260006,152,24
20260223,410,260510,152,21
20260223,411,221789,152,15
20260223,412,211063,151,29
20260223,413,202410,151,25
20260223,414,220513,151,23
20260223,415,211820,150,18
20260223,416,264187,149,22
20260223,417,206255,148,14
20260223,418,210705,148,11
20260223,419,260171,148,22
20260223,420,211874,147,23
20260223,421,252493,146,20
20260223,422,216139,146,23
20260223,423,214862,144,16
20260223,424,215431,143,26
20260223,425,215166,143,18
20260223,426,216324,143,16
20260223,427,215468,142,15
20260223,428,213849,141,30
20260223,429,220673,141,23
20260223,430,254733,141,22
20260223,431,222276,141,21
20260223,432,221187,140,21
20260223,433,203288,140,19
20260223,434,220554,137,13
20260223,435,213837,137,21
20260223,436,221945,136,26
20260223,437,213974,136,25
20260223,438,223415,135,25
20260223,439,260206,135,19
20260223,440,216253,133,19
20260223,441,221031,132,24
20260223,442,211756,132,11
20260223,443,220598,132,15
20260223,444,252587,130,31
20260223,445,214653,130,21
20260223,446,260913,129,24
20260223,447,215064,128,17
20260223,448,216095,128,23
20260223,449,239156,128,22
20260223,450,204427,127,13
20260223,451,221086,127,13
20260223,452,220613,127,18
20260223,453,221247,126,17
20260223,454,213753,126,16
20260223,455,201614,125,6
20260223,456,221157,125,20
20260223,457,264228,125,20
20260223,458,266450,125,22
20260223,459,216579,124,21
20260223,460,260951,124,8
20260223,461,222454,124,9
20260223,462,221229,124,21
20260223,463,239442,123,23
20260223,464,221242,123,14
20260223,465,219625,123,21
20260223,466,261038,123,13
20260223,467,211329,123,26
20260223,468,201616,121,12
20260223,469,222171,121,21
20260223,470,214418,121,16
20260223,471,215459,121,22
20260223,472,221369,120,19
20260223,473,221443,118,18
20260223,474,216044,117,19
20260223,475,270058,117,11
20260223,476,204394,117,19
20260223,477,245077,116,22
20260223,478,247647,115,24
20260223,479,216162,115,20
20260223,480,220502,114,18
20260223,481,236967,114,19
20260223,482,259916,114,14
20260223,483,222891,114,21
20260223,484,214507,113,14
20260223,485,260763,113,19
20260223,486,259591,113,21
20260223,487,264227,113,15
20260223,488,221168,113,22
20260223,489,203578,113,11
20260223,490,203513,113,13
20260223,491,214741,112,17
20260223,492,221020,112,18
20260223,493,267420,112,17
20260223,494,260667,111,16
20260223,495,260714,111,12
20260223,496,202619,111,16
20260223,497,223141,111,21
20260223,498,221181,110,26
20260223,499,240998,110,9
20260223,500,213771,110,17
20260223,501,220306,109,18
20260223,502,220447,109,17
20260223,503,222092,109,22
20260223,504,216160,109,22
20260223,505,223100,109,21
20260223,506,220842,108,12
20260223,507,260514,108,19
20260223,508,221657,108,18
20260223,509,260539,108,20
20260223,510,221982,107,19
20260223,511,221259,107,15
20260223,512,244087,107,20
20260223,513,211646,107,20
20260223,514,233742,106,28
20260223,515,222273,106,21
20260223,516,231625,106,18
20260223,517,260647,106,20
20260223,518,213947,105,20
20260223,519,216268,105,15
20260223,520,220164,105,13
20260223,521,211809,104,16
20260223,522,214600,104,14
20260223,523,222458,104,18
20260223,524,260565,104,19
20260223,525,216173,103,20
20260223,526,222297,102,16
20260223,527,222859,102,18
20260223,528,215971,102,23
20260223,529,259967,101,12
20260223,530,215733,101,23
20260223,531,216075,101,15
20260223,532,221952,101,14
20260223,533,222986,101,21
20260223,534,222369,100,22
20260223,535,252488,100,21
20260223,536,264967,100,15
20260223,537,265197,100,18
20260223,538,263872,99,13
20260223,539,202921,99,15
20260223,540,261049,98,20
20260223,541,211328,98,18
20260223,542,221109,98,17
20260223,543,214271,98,18
20260223,544,201520,97,9
20260223,545,211719,96,18
20260223,546,214779,96,16
20260223,547,256712,96,20
20260223,548,201554,95,11
20260223,549,220351,95,19
20260223,550,260847,95,12
20260223,551,214505,95,16
20260223,552,216331,95,19
20260223,553,215259,94,22
20260223,554,220560,94,22
20260223,555,201524,94,21
20260223,556,222837,93,16
20260223,557,216076,93,14
20260223,558,257874,93,23
20260223,559,220827,93,18
20260223,560,200748,92,6
20260223,561,215802,92,12
20260223,562,214319,92,19
20260223,563,216007,92,15
20260223,564,213998,91,24
20260223,565,215398,91,18
20260223,566,266864,91,9
20260223,567,202454,90,15
20260223,568,260142,89,9
20260223,569,260296,89,17
20260223,570,214238,89,21
20260223,571,261071,89,17
20260223,572,263881,88,20
20260223,573,259690,87,24
20260223,574,259913,87,15
20260223,575,220946,87,17
20260223,576,260446,87,18
20260223,577,202434,86,12
20260223,578,211668,85,12
20260223,579,221834,84,6
20260223,580,220429,84,17
20260223,581,219892,84,19
20260223,582,260613,84,21
20260223,583,203591,83,13
20260223,584,211222,83,13
20260223,585,260737,83,13
20260223,586,206248,83,17
20260223,587,221959,83,21
20260223,588,210138,82,21
20260223,589,214091,82,16
20260223,590,263853,82,14
20260223,591,261015,82,15
20260223,592,222347,82,17
20260223,593,206219,81,10
20260223,594,221116,81,9
20260223,595,264144,81,12
20260223,596,221914,81,20
20260223,597,266469,80,14
20260223,598,215151,80,19
20260223,599,269755,80,13
20260223,600,230880,80,17
20260223,601,236980,80,19
20260223,602,215832,79,13
20260223,603,269714,79,7
20260223,604,241717,79,10
20260223,605,215778,79,13
20260223,606,230882,79,13
20260223,607,239393,79,18
20260223,608,260490,79,20
20260223,609,260966,78,12
20260223,610,265701,78,12
20260223,611,214868,78,11
20260223,612,260708,78,16
20260223,613,221454,78,23
20260223,614,264064,77,19
20260223,615,213772,77,18
20260223,616,220550,77,12
20260223,617,215163,77,16
20260223,618,220496,77,23
20260223,619,260339,77,11
20260223,620,222390,77,15
20260223,621,214540,77,16
20260223,622,223203,76,10
20260223,623,267882,76,16
20260223,624,260445,76,15
20260223,625,215472,76,19
20260223,626,214212,76,20
20260223,627,214007,76,23
20260223,628,221473,75,8
20260223,629,225858,74,15
20260223,630,214909,74,11
20260223,631,228909,74,18
20260223,632,216051,73,19
20260223,633,260787,73,11
20260223,634,216062,73,12
20260223,635,215806,73,20
20260223,636,202430,73,14
20260223,637,210526,73,16
20260223,638,266448,73,17
20260223,639,264192,72,6
20260223,640,220597,72,15
20260223,641,206406,72,14
20260223,642,222878,72,13
20260223,643,215013,72,15
20260223,644,221497,71,9
20260223,645,254765,71,10
20260223,646,252535,71,22
20260223,647,266901,70,15
20260223,648,260141,70,21
20260223,649,221141,69,15
20260223,650,222481,69,15
20260223,651,210537,69,16
20260223,652,215909,69,23
20260223,653,202536,68,8
20260223,654,259567,68,17
20260223,655,266800,68,9
20260223,656,252531,68,12
20260223,657,220672,68,22
20260223,658,214872,67,19
20260223,659,263909,67,9
20260223,660,259754,67,13
20260223,661,241714,67,14
20260223,662,220891,67,18
20260223,663,267382,66,6
20260223,664,252571,66,20
20260223,665,206102,66,20
20260223,666,222037,66,6
20260223,667,221165,65,15
20260223,668,266937,64,14
20260223,669,206075,64,17
20260223,670,263869,63,12
20260223,671,213672,63,10
20260223,672,214935,63,16
20260223,673,220392,63,10
20260223,674,204309,63,10
20260223,675,202672,62,26
20260223,676,233747,62,17
20260223,677,215545,62,14
20260223,678,211269,61,8
20260223,679,221465,61,16
20260223,680,259575,61,16
20260223,681,221062,61,13
20260223,682,221886,61,10
20260223,683,260254,61,12
20260223,684,203354,60,13
20260223,685,204294,60,13
20260223,686,245094,60,12
20260223,687,234474,60,20
20260223,688,239386,59,12
20260223,689,221994,59,22
20260223,690,216186,59,13
20260223,691,252509,59,13
20260223,692,260694,59,16
20260223,693,213739,58,15
20260223,694,264130,58,14
20260223,695,260225,58,12
20260223,696,266431,58,12
20260223,697,213896,57,16
20260223,698,216038,57,22
20260223,699,223120,57,17
20260223,700,260368,57,7
20260223,701,266488,57,10
20260223,702,203500,56,7
20260223,703,202580,56,12
20260223,704,259820,56,10
20260223,705,260766,56,15
20260223,706,261097,56,16
20260223,707,213551,55,15
20260223,708,222667,55,17
20260223,709,220740,55,13
20260223,710,269870,55,14
20260223,711,237454,55,15
20260223,712,258191,55,17
20260223,713,263941,54,12
20260223,714,221370,54,15
20260223,715,220645,54,17
20260223,716,204223,53,16
20260223,717,215134,53,23
20260223,718,221469,53,13
20260223,719,225854,53,15
20260223,720,214713,53,18
20260223,721,221192,53,8
20260223,722,215707,53,12
20260223,723,220494,53,14
20260223,724,222346,53,14
20260223,725,264207,53,16
20260223,726,220497,53,17
20260223,727,211951,52,19
20260223,728,216587,52,13
20260223,729,214020,52,15
20260223,730,215019,52,14
20260223,731,235161,52,6
20260223,732,270076,52,9
20260223,733,220053,52,13
20260223,734,260101,51,10
20260223,735,202464,51,11
20260223,736,265688,51,20
20260223,737,220578,51,19
20260223,738,215921,51,12
20260223,739,266642,51,15
20260223,740,265692,51,16
20260223,741,260032,51,17
20260223,742,264205,50,14
20260223,743,266682,50,9
20260223,744,233718,50,7
20260223,745,239422,50,8
20260223,746,221474,50,14
20260223,747,216180,50,15
20260223,748,201506,49,6
20260223,749,216262,49,1
20260223,750,260167,49,9
20260223,751,222184,49,10
20260223,752,260762,49,13
20260223,753,260273,49,11
20260223,754,221003,49,18
20260223,755,206335,48,5
20260223,756,221903,48,14
20260223,757,220453,48,10
20260223,758,221746,48,12
20260223,759,221864,48,12
20260223,760,260214,48,12
20260223,761,215505,48,14
20260223,762,239158,48,16
20260223,763,260848,47,13
20260223,764,220997,47,13
20260223,765,220684,46,13
20260223,766,239387,46,8
20260223,767,239454,46,18
20260223,768,267651,46,19
20260223,769,201518,45,7
20260223,770,267428,45,7
20260223,771,214877,45,12
20260223,772,260042,45,6
20260223,773,216316,45,10
20260223,774,221568,45,22
20260223,775,201585,44,5
20260223,776,270080,44,6
20260223,777,206060,44,7
20260223,778,222330,44,10
20260223,779,270061,44,10
20260223,780,211544,44,14
20260223,781,222299,44,14
20260223,782,221773,44,15
20260223,783,266771,43,11
20260223,784,223402,43,9
20260223,785,260638,42,8
20260223,786,263148,42,8
20260223,787,210158,42,8
20260223,788,263626,42,9
20260223,789,211541,42,12
20260223,790,260582,42,17
20260223,791,215966,42,17
20260223,792,216256,42,18
20260223,793,263995,41,10
20260223,794,222255,41,5
20260223,795,223373,41,7
20260223,796,216013,41,9
20260223,797,259858,41,12
20260223,798,216158,41,14
20260223,799,220491,41,14
20260223,800,269717,40,9
20260223,801,214535,40,12
20260223,802,202693,40,9
20260223,803,222305,40,13
20260223,804,215693,39,18
20260223,805,206108,39,1
20260223,806,267176,39,8
20260223,807,214696,38,9
20260223,808,220713,38,9
20260223,809,215879,38,13
20260223,810,215096,38,4
20260223,811,216107,38,12
20260223,812,214934,38,13
20260223,813,203509,38,14
20260223,814,221585,38,17
20260223,815,266381,37,8
20260223,816,230876,37,12
20260223,817,266851,37,7
20260223,818,221468,37,9
20260223,819,264973,37,10
20260223,820,221195,37,10
20260223,821,221139,37,11
20260223,822,219979,37,16
20260223,823,202446,36,2
20260223,824,260612,36,11
20260223,825,260845,36,8
20260223,826,228910,36,13
20260223,827,260003,36,14
20260223,828,220642,36,16
20260223,829,264151,35,4
20260223,830,221210,35,9
20260223,831,211864,35,12
20260223,832,264961,35,9
20260223,833,222000,35,12
20260223,834,259996,35,8
20260223,835,260226,35,12
20260223,836,220825,35,13
20260223,837,254748,35,3
20260223,838,266407,35,6
20260223,839,203537,35,6
20260223,840,223326,35,7
20260223,841,220591,35,8
20260223,842,260277,35,10
20260223,843,258192,35,10
20260223,844,223418,35,12
20260223,845,216078,34,12
20260223,846,270082,34,4
20260223,847,239446,34,5
20260223,848,221509,34,6
20260223,849,215697,34,7
20260223,850,222262,34,9
20260223,851,215015,34,10
20260223,852,234481,34,14
20260223,853,222668,34,17
20260223,854,263974,33,4
20260223,855,264167,33,6
20260223,856,260017,33,8
20260223,857,214771,33,8
20260223,858,223421,33,9
20260223,859,220614,33,10
20260223,860,221173,33,12
20260223,861,264978,33,13
20260223,862,206336,33,13
20260223,863,266758,33,14
20260223,864,253681,32,11
20260223,865,213721,32,13
20260223,866,270195,32,5
20260223,867,264085,32,5
20260223,868,211511,32,5
20260223,869,267400,32,5
20260223,870,202639,32,7
20260223,871,210672,32,7
20260223,872,266529,32,10
20260223,873,264131,32,10
20260223,874,260062,32,11
20260223,875,220493,32,17
20260223,876,266455,31,16
20260223,877,214800,31,15
20260223,878,215440,31,10
20260223,879,214901,31,10
20260223,880,239453,31,16
20260223,881,201540,30,4
20260223,882,201582,30,10
20260223,883,267104,30,5
20260223,884,269866,30,9
20260223,885,222367,30,7
20260223,886,260767,30,7
20260223,887,270078,30,11
20260223,888,221219,30,11
20260223,889,263801,30,12
20260223,890,222294,30,13
20260223,891,223146,30,14
20260223,892,268770,29,1
20260223,893,222223,29,5
20260223,894,213976,29,7
20260223,895,225850,29,7
20260223,896,263980,29,9
20260223,897,214605,29,10
20260223,898,260279,29,13
20260223,899,259965,29,15
20260223,900,222856,28,10
20260223,901,221862,28,4
20260223,902,259762,28,5
20260223,903,211921,28,6
20260223,904,266509,28,7
20260223,905,221741,28,8
20260223,906,222028,28,9
20260223,907,260860,28,10
20260223,908,235160,28,10
20260223,909,210645,28,12
20260223,910,215177,28,12
20260223,911,221203,28,14
20260223,912,222137,27,5
20260223,913,263677,27,6
20260223,914,255662,27,11
20260223,915,267115,26,14
20260223,916,261957,26,10
20260223,917,220690,26,5
20260223,918,215795,26,5
20260223,919,256686,26,6
20260223,920,220695,26,7
20260223,921,222421,26,8
20260223,922,214519,26,14
20260223,923,213830,25,8
20260223,924,260374,25,5
20260223,925,213948,25,6
20260223,926,260100,25,10
20260223,927,260433,25,12
20260223,928,214405,24,3
20260223,929,213541,24,8
20260223,930,210913,24,10
20260223,931,223163,24,10
20260223,932,213775,24,5
20260223,933,223080,24,5
20260223,934,220470,24,6
20260223,935,266533,24,8
20260223,936,260528,24,9
20260223,936,264029,24,9
20260223,938,267841,24,10
20260223,939,245079,24,10
20260223,940,241745,24,10
20260223,941,221542,24,13
20260223,942,202596,23,8
20260223,943,215970,23,6
20260223,944,263751,23,6
20260223,945,219983,23,7
20260223,946,267409,23,7
20260223,947,265040,23,8
20260223,948,220492,23,8
20260223,949,215492,23,10
20260223,950,246518,23,12
20260223,951,239102,22,3
20260223,952,221624,22,6
20260223,953,221150,22,7
20260223,954,266645,22,3
20260223,955,260150,22,3
20260223,956,263622,22,6
20260223,957,221221,22,6
20260223,958,264069,22,7
20260223,959,270125,22,7
20260223,960,252586,22,8
20260223,961,219331,22,10
20260223,962,220276,22,10
20260223,963,239160,22,12
20260223,964,205815,21,2
20260223,965,212043,21,11
20260223,966,222225,21,7
20260223,967,221410,21,11
20260223,968,222762,21,3
20260223,969,267422,21,4
20260223,970,223375,21,5
20260223,971,220875,21,6
20260223,972,267022,21,6
20260223,973,221413,21,6
20260223,974,270129,21,7
20260223,975,264150,21,7
20260223,976,270165,21,8
20260223,977,264216,21,8
20260223,978,253679,21,9
20260223,979,204434,20,1
20260223,980,269253,20,5
20260223,981,269954,20,3
20260223,982,259989,20,5
20260223,983,260914,20,9
20260223,984,221069,20,11
20260223,985,202858,20,2
20260223,986,214182,20,3
20260223,987,266379,20,6
20260223,988,216311,20,6
20260223,989,221025,20,6
20260223,990,239478,20,7
20260223,991,267431,20,9
20260223,992,259907,20,9
20260223,993,261098,20,10
20260223,994,260261,20,10
20260223,995,265207,19,8
20260223,996,259854,19,9
20260223,997,239390,19,9
20260223,998,260888,19,6
20260223,999,264180,19,9
20260223,1000,215065,19,3
20260302,1,214544,10675,20
20260302,2,216347,7588,20
20260302,3,214981,7253,22
20260302,4,221103,6803,20
20260302,5,202468,6583,22
20260302,6,216153,6070,21
20260302,7,211148,4232,20
20260302,8,259799,4001,20
20260302,9,202494,3845,16
20260302,10,239475,3211,21
20260302,11,206420,2918,26
20260302,12,202505,2898,19
20260302,13,214096,2668,16
20260302,14,222328,2421,23
20260302,15,201619,2351,19
20260302,16,211768,2324,21
20260302,17,220704,2095,24
20260302,18,260300,2095,22
20260302,19,214643,2050,23
20260302,20,223670,1953,25
20260302,21,210722,1936,22
20260302,22,214939,1813,22
20260302,23,221012,1758,15
20260302,24,221054,1645,23
20260302,25,215613,1605,26
20260302,26,211533,1600,21
20260302,27,220367,1598,27
20260302,28,216146,1583,18
20260302,29,233741,1465,29
20260302,30,216133,1438,25
20260302,31,213710,1436,27
20260302,32,223253,1432,28
20260302,33,213631,1425,24
20260302,34,206289,1410,25
20260302,35,211713,1367,26
20260302,36,211684,1348,24
20260302,37,222391,1347,20
20260302,38,201514,1344,23
20260302,39,222145,1341,26
20260302,40,239383,1341,21
20260302,41,215983,1333,27
20260302,42,220714,1290,28
20260302,43,221024,1274,25
20260302,44,211701,1269,23
20260302,45,213550,1267,26
20260302,46,214954,1263,15
20260302,47,238184,1256,18
20260302,48,220548,1237,20
20260302,49,202663,1234,24
20260302,50,222601,1202,24
20260302,51,220520,1193,25
20260302,52,215035,1170,24
20260302,53,206252,1156,17
20260302,54,222661,1127,22
20260302,55,201696,1110,20
20260302,56,206368,1100,18
20260302,57,222045,1075,27
20260302,58,219875,1072,26
20260302,59,213583,1069,35
20260302,60,214082,1052,23
20260302,61,215785,1041,26
20260302,62,201533,1039,23
20260302,63,221039,1026,30
20260302,64,211107,1012,23
20260302,65,221333,980,22
20260302,66,214388,978,28
20260302,67,206242,942,24
20260302,68,216083,928,25
20260302,69,214040,925,30
20260302,70,220332,923,23
20260302,71,221407,917,25
20260302,72,238075,902,28
20260302,73,220716,894,28
20260302,74,211817,892,21
20260302,75,203530,881,23
20260302,76,201709,871,26
20260302,77,220416,869,29
20260302,78,203389,865,15
20260302,79,211814,859,32
20260302,80,220309,851,27
20260302,81,215899,850,28
20260302,82,221909,849,24
20260302,83,230870,847,25
20260302,84,213646,838,27
20260302,85,201548,837,26
20260302,86,220435,831,32
20260302,87,203501,829,11
20260302,88,215872,814,32
20260302,89,213887,814,29
20260302,90,215337,811,22
20260302,91,215713,810,21
20260302,92,215219,808,23
20260302,93,215936,806,21
20260302,94,215020,795,27
20260302,95,215910,792,34
20260302,96,219917,789,33
20260302,97,223286,788,29
20260302,98,220465,786,27
20260302,99,221985,781,30
20260302,100,215138,780,23
20260302,101,223360,775,20
20260302,102,220662,774,28
20260302,103,202499,768,22
20260302,104,210886,754,29
20260302,105,263857,751,32
20260302,106,211651,738,17
20260302,107,221257,738,31
20260302,108,215306,737,28
20260302,109,211337,734,31
20260302,110,214119,730,22
20260302,111,220348,724,26
20260302,112,221883,721,33
20260302,113,215480,719,28
20260302,114,201499,716,17
20260302,115,243420,702,30
20260302,116,205925,701,26
20260302,117,220750,690,25
20260302,118,211685,680,26
20260302,119,260172,673,15
20260302,120,206294,672,23
20260302,121,222258,668,22
20260302,122,221307,667,17
20260302,123,206417,665,32
20260302,124,222290,632,28
20260302,125,252499,628,23
20260302,126,211880,627,24
20260302,127,214452,621,25
20260302,128,220466,607,19
20260302,129,239456,602,27
20260302,130,222233,601,19
20260302,131,222966,599,25
20260302,132,213666,597,24
20260302,133,259733,597,28
20260302,134,216081,593,23
20260302,135,201551,560,35
20260302,136,221124,556,27
20260302,137,221406,555,27
20260302,138,214593,550,26
20260302,139,202684,549,20
20260302,140,223321,545,27
20260302,141,214459,540,31
20260302,142,236957,540,27
20260302,143,221626,537,19
20260302,144,220742,526,30
20260302,145,263644,517,17
20260302,146,203514,516,31
20260302,147,221236,514,25
20260302,148,214461,507,22
20260302,149,223194,497,28
20260302,150,201478,493,36
20260302,151,202600,490,25
20260302,152,215992,490,29
20260302,153,213889,487,21
20260302,154,222017,486,27
20260302,155,223325,477,23
20260302,156,221237,476,27
20260302,157,220722,470,31
20260302,158,215572,468,25
20260302,159,202604,464,34
20260302,160,213576,460,26
20260302,161,214604,457,30
20260302,162,211279,457,26
20260302,163,201593,455,9
20260302,164,267439,452,24
20260302,165,215370,444,17
20260302,166,221803,440,27
20260302,167,215250,439,21
20260302,168,202493,439,34
20260302,169,211316,438,29
20260302,170,216097,425,27
20260302,171,215571,423,28
20260302,172,266671,412,19
20260302,173,201458,410,8
20260302,174,211635,409,31
20260302,175,211702,408,28
20260302,176,236955,403,24
20260302,177,210622,403,27
20260302,178,223168,399,20
20260302,179,213525,396,15
20260302,180,216265,394,27
20260302,181,214181,393,23
20260302,182,220680,390,24
20260302,183,220733,388,27
20260302,184,211227,387,25
20260302,185,223331,386,14
20260302,186,215946,386,25
20260302,187,215037,386,23
20260302,188,201545,385,16
20260302,189,211843,385,15
20260302,190,223335,383,23
20260302,191,216055,383,28
20260302,192,220699,382,26
20260302,193,201621,382,30
20260302,194,239436,381,32
20260302,195,220454,380,25
20260302,196,211095,378,17
20260302,197,206292,378,24
20260302,198,221354,374,25
20260302,199,204419,373,23
20260302,200,214254,368,31
20260302,1001,270315,19,3
20260302,1002,270181,19,4
20260302,1003,210500,19,4
20260302,1004,260297,19,4
20260302,1005,222202,19,5
20260302,1006,221463,19,6
20260302,1007,211796,19,6
20260302,1008,266533,19,7
20260302,1009,259981,19,8
20260302,1010,260261,19,9
20260302,1011,259105,19,11
20260302,1012,266659,19,11
20260302,1013,221740,19,11
20260302,1014,265207,18,7
20260302,1015,215696,18,11
20260302,1016,264975,18,2
20260302,1017,223160,18,2
20260302,1018,211260,18,3
20260302,1019,260306,18,3
20260302,1020,221371,18,3
20260302,1021,259576,18,4
20260302,1022,270159,18,4
20260302,1023,264140,18,4
20260302,1023,220391,18,4
20260302,1025,261066,18,5
20260302,1026,266720,18,6
20260302,1027,266765,18,6
20260302,1028,252584,18,7
20260302,1029,223411,18,7
20260302,1030,221736,18,8
20260302,1031,221055,18,9
20260302,1032,222177,18,10
20260302,1033,223308,18,12
20260302,1034,211043,17,9
20260302,1035,266651,17,5
20260302,1036,221069,17,10
20260302,1037,211021,17,2
20260302,1037,269710,17,2
20260302,1039,269275,17,3
20260302,1040,270320,17,3
20260302,1041,223398,17,4
20260302,1042,201481,17,4
20260302,1043,263687,17,6
20260302,1044,202916,17,6
20260302,1045,223404,17,6
20260302,1046,214784,17,6
20260302,1047,224485,17,6
20260302,1048,266523,17,6
20260302,1049,260871,17,6
20260302,1050,215236,17,7
20260302,1051,215926,17,7
20260302,1052,215616,17,8
20260302,1053,215805,17,9
20260302,1053,221148,17,9
20260302,1055,214398,17,9
20260302,1056,249659,17,9
20260302,1057,215712,17,10
20260302,1057,260323,17,10
20260302,1059,260580,16,3
20260302,1060,266722,16,7
20260302,1061,246476,16,9
20260302,1062,259713,16,6
20260302,1063,270322,16,2
20260302,1063,260842,16,2
20260302,1065,239474,16,5
20260302,1066,260777,16,5
20260302,1067,260398,16,6
20260302,1068,259797,16,6
20260302,1069,220286,16,7
20260302,1070,223284,16,8
20260302,1071,202387,16,8
20260302,1072,270262,15,1
20260302,1073,221441,15,6
20260302,1074,261964,15,8
20260302,1075,270100,15,4
20260302,1076,220297,15,8
20260302,1077,205964,15,1
20260302,1078,202669,15,2
20260302,1079,267534,15,2
20260302,1080,223399,15,3
20260302,1081,213584,15,4
20260302,1082,270091,15,4
20260302,1083,269772,15,5
20260302,1084,252519,15,6
20260302,1085,220564,15,6
20260302,1086,220551,15,6
20260302,1087,222239,15,7
20260302,1088,260717,15,7
20260302,1089,221310,15,7
20260302,1089,220689,15,7
20260302,1091,214277,15,7
20260302,1092,211208,15,7
20260302,1093,269254,15,8
20260302,1094,259113,15,8
20260302,1094,222376,15,8
20260302,1096,219444,15,9
20260302,1097,260085,15,9
20260302,1098,260556,15,10
20260302,1099,201565,14,2
20260302,1100,211285,14,8
20260302,1101,269259,14,3
20260302,1102,260711,14,4
20260302,1103,216225,14,6
20260302,1104,263808,14,10
20260302,1105,270019,14,3
20260302,1106,214297,14,3
20260302,1107,216340,14,4
20260302,1108,262883,14,4
20260302,1109,241715,14,5
20260302,1109,220436,14,5
20260302,1111,261968,14,6
20260302,1112,264505,14,7
20260302,1113,267425,14,7
20260302,1113,215372,14,7
20260302,1113,237465,14,7
20260302,1113,239449,14,7
20260302,1117,222734,14,8
20260302,1117,244079,14,8
20260302,1119,220048,14,8
20260302,1120,260984,14,8
20260302,1121,266549,14,12
20260302,1121,216381,14,12
20260302,1123,201318,13,1
20260302,1124,201539,13,5
20260302,1125,264962,13,6
20260302,1126,215721,13,7
20260302,1127,220887,13,7
20260302,1128,211407,13,2
20260302,1129,267920,13,2
20260302,1129,261278,13,2
20260302,1131,261008,13,3
20260302,1132,214746,13,3
20260302,1133,267180,13,3
20260302,1134,264510,13,4
20260302,1135,266629,13,4
20260302,1136,264280,13,4
20260302,1137,269734,13,5
20260302,1138,222032,13,5
20260302,1139,269835,13,6
20260302,1140,259914,13,6
20260302,1141,203370,13,7
20260302,1142,269801,13,7
20260302,1143,260185,13,7
20260302,1144,270065,13,7
20260302,1145,222748,13,8
20260302,1146,221013,13,8
20260302,1147,263889,13,9
20260302,1148,264226,13,9
20260302,1149,260400,13,10
20260302,1150,215735,12,7
20260302,1151,221933,12,8
20260302,1152,202478,12,6
20260302,1153,259739,12,7
20260302,1154,261132,12,8
20260302,1155,221688,12,1
20260302,1156,223159,12,2
20260302,1157,210337,12,2
20260302,1157,269838,12,2
20260302,1159,216287,12,2
20260302,1160,270132,12,3
20260302,1160,260926,12,3
20260302,1160,260631,12,3
20260302,1163,201431,12,3
20260302,1164,214019,12,3
20260302,1164,222509,12,3
20260302,1164,260693,12,3
20260302,1167,259590,12,4
20260302,1168,215353,12,5
20260302,1168,264107,12,5
20260302,1170,266541,12,5
20260302,1170,214460,12,5
20260302,1172,221377,12,6
20260302,1173,246484,12,6
20260302,1174,216315,12,6
20260302,1175,266409,12,8
20260302,1176,263676,12,9
20260302,1177,211592,11,7
20260302,1178,263905,11,7
20260302,1179,260827,11,1
20260302,1180,222557,11,2
20260302,1181,265628,11,3
20260302,1182,214450,11,4
20260302,1183,215085,11,4
20260302,1184,270274,11,4
20260302,1185,215467,11,5
20260302,1185,221375,11,5
20260302,1185,221913,11,5
20260302,1188,265020,11,5
20260302,1189,266374,11,6
20260302,1190,260583,11,7
20260302,1190,268772,11,7
20260302,1190,223435,11,7
20260302,1193,259998,11,7
20260302,1193,221158,11,7
20260302,1193,267932,11,7
20260302,1193,268778,11,7
20260302,1193,260224,11,7
20260302,1198,206161,11,7
20260302,1199,236968,11,8
20260302,1199,239126,11,8
20260302,1201,220563,11,10
20260302,1202,266383,10,4
20260302,1203,205562,10,7
20260302,1204,212034,10,7
20260302,1205,206205,10,9
20260302,1206,234490,10,1
20260302,1207,266378,10,2
20260302,1207,260103,10,2
20260302,1209,238209,10,2
20260302,1210,214503,10,3
20260302,1210,266476,10,3
20260302,1210,264971,10,3
20260302,1210,263858,10,3
20260302,1214,214860,10,3
20260302,1214,253665,10,3
20260302,1216,233725,10,3
20260302,1216,266819,10,3
20260302,1218,210702,10,3
20260302,1219,260604,10,4
20260302,1220,263940,10,4
20260302,1221,257867,10,4
20260302,1222,219872,10,4
20260302,1223,252582,10,5
20260302,1223,222215,10,5
20260302,1223,265713,10,5
20260302,1223,267387,10,5
20260302,1227,215854,10,5
20260302,1228,201691,10,6
20260302,1229,214974,10,6
20260302,1229,220394,10,6
20260302,1229,222213,10,6
20260302,1229,223198,10,6
20260302,1229,261082,10,6
20260302,1234,266795,10,6
20260302,1235,211600,10,7
20260302,1236,223389,10,7
20260302,1237,222318,10,7
20260302,1238,221258,10,8
20260302,1238,260378,10,8
20260302,1240,216405,10,8
20260302,1241,260774,10,9
20260302,1242,263775,9,6
20260302,1243,211779,9,6
20260302,1244,270302,9,6
20260302,1245,270266,9,3
20260302,1246,267734,9,4
20260302,1246,263625,9,4
20260302,1246,266543,9,4
20260302,1246,260622,9,4
20260302,1246,219874,9,4
20260302,1246,238068,9,4
20260302,1252,260674,9,4
20260302,1252,270194,9,4
20260302,1254,267441,9,4
20260302,1255,259769,9,5
20260302,1256,215647,9,5
20260302,1256,205492,9,5
20260302,1258,223153,9,5
20260302,1258,221371,9,5
20260302,1258,261094,9,5
20260302,1261,220512,9,5
20260302,1262,239484,9,6
20260302,1262,266532,9,6
20260302,1262,267435,9,6
20260302,1265,260828,9,7
20260302,1265,222613,9,7
20260302,1265,225861,9,7
20260302,1265,221771,9,7
20260302,1265,221524,9,7
20260302,1270,221197,9,9
20260302,1271,267545,8,3
20260302,1272,259104,8,4
20260302,1273,261133,8,5
20260302,1274,270072,8,3
20260302,1274,259849,8,3
20260302,1274,269943,8,3
20260302,1274,222377,8,3
20260302,1274,221621,8,3
20260302,1279,260159,8,3
20260302,1279,263981,8,3
20260302,1281,264063,8,3
20260302,1282,266467,8,4
20260302,1282,239477,8,4
20260302,1282,222847,8,4
20260302,1285,223397,8,4
20260302,1285,219754,8,4
20260302,1285,260122,8,4
20260302,1288,215161,8,5
20260302,1289,220633,8,5
20260302,1289,267723,8,5
20260302,1289,267722,8,5
20260302,1292,261104,8,6
20260302,1292,264966,8,6
20260302,1292,269906,8,6
20260302,1292,267449,8,6
20260302,1292,237467,8,6
20260302,1292,257881,8,6
20260302,1298,216156,8,7
20260302,1299,221269,8,8
20260302,1299,241735,8,8
20260302,1301,202440,7,4
20260302,1302,256710,7,7
20260302,1303,263978,7,5
20260302,1304,202443,7,4
20260302,1304,215937,7,4
20260302,1306,215956,7,3
20260302,1306,221940,7,3
20260302,1306,259579,7,3
20260302,1306,254760,7,3
20260302,1306,221030,7,3
20260302,1306,221248,7,3
20260302,1306,263890,7,3
20260302,1306,264274,7,3
20260302,1306,264275,7,3
20260302,1306,266406,7,3
20260302,1306,266686,7,3
20260302,1306,267473,7,3
20260302,1318,270281,7,3
20260302,1319,264215,7,3
20260302,1319,260091,7,3
20260302,1319,267423,7,3
20260302,1319,221214,7,3
20260302,1319,222061,7,3
20260302,1319,222606,7,3
20260302,1319,221044,7,3
20260302,1319,220356,7,3
20260302,1327,260204,7,4
20260302,1327,264138,7,4
20260302,1329,270186,7,4
20260302,1329,220289,7,4
20260302,1331,260881,7,5
20260302,1331,221083,7,5
20260302,1331,246485,7,5
20260302,1331,230120,7,5
20260302,1331,270115,7,5
20260302,1331,267462,7,5
20260302,1331,264114,7,5
20260302,1331,263717,7,5
20260302,1331,263701,7,5
20260302,1331,260957,7,5
20260302,1331,261021,7,5
20260302,1331,260742,7,5
20260302,1343,260993,7,5
20260302,1343,259964,7,5
20260302,1343,222158,7,5
20260302,1343,221315,7,5
20260302,1347,252494,7,7
20260302,1347,238071,7,7
20260302,1347,260715,7,7
20260302,1347,267695,7,7
20260302,1347,265195,7,7
20260302,1352,202939,6,3
20260302,1353,264242,6,4
20260302,1354,264986,6,6
20260302,1354,220422,6,6
20260302,1356,215043,6,4
20260302,1357,269872,6,5
20260302,1358,270133,6,6
20260302,1358,215222,6,6
20260302,1360,270047,6,3
20260302,1360,260455,6,3
20260302,1362,263766,6,3
20260302,1362,222637,6,3
20260302,1362,223356,6,3
20260302,1362,259608,6,3
20260302,1366,256682,6,4
20260302,1366,260066,6,4
20260302,1366,266492,6,4
20260302,1366,222895,6,4
20260302,1366,222623,6,4
20260302,1366,220772,6,4
20260302,1366,221422,6,4
20260302,1366,221515,6,4
20260302,1366,222274,6,4
20260302,1366,222332,6,4
20260302,1366,222309,6,4
20260302,1366,205789,6,4
20260302,1366,216092,6,4
20260302,1366,216073,6,4
20260302,1366,266372,6,4
20260302,1366,260373,6,4
20260302,1366,260503,6,4
20260302,1366,260962,6,4
20260302,1366,260653,6,4
20260302,1366,260792,6,4
20260302,1366,267465,6,4
20260302,1366,267927,6,4
20260302,1388,266763,6,4
20260302,1389,222095,6,5
20260302,1389,223352,6,5
20260302,1391,237481,6,6
20260302,1391,222520,6,6
20260302,1391,220071,6,6
20260302,1391,216140,6,6
20260302,1391,267408,6,6
20260302,1396,201527,5,3
20260302,1397,201399,5,4
20260302,1397,269948,5,4
20260302,1399,270350,5,3
20260302,1400,270383,5,3
20260302,1400,270164,5,3
20260302,1400,267671,5,3
20260302,1400,267424,5,3
20260302,1400,267748,5,3
20260302,1400,266713,5,3
20260302,1400,266781,5,3
20260302,1400,267453,5,3
20260302,1400,264198,5,3
20260302,1400,264248,5,3
20260302,1400,263706,5,3
20260302,1400,263962,5,3
20260302,1400,260974,5,3
20260302,1400,201672,5,3
20260302,1400,215174,5,3
20260302,1400,223452,5,3
20260302,1400,231641,5,3
20260302,1400,221963,5,3
20260302,1400,239172,5,3
20260302,1400,233729,5,3
20260302,1400,246489,5,3
20260302,1400,245076,5,3
20260302,1400,259887,5,3
20260302,1400,258195,5,3
20260302,1424,230121,5,4
20260302,1424,223006,5,4
20260302,1424,221346,5,4
20260302,1424,222161,5,4
20260302,1424,264252,5,4
20260302,1424,260393,5,4
20260302,1424,260464,5,4
20260302,1424,263809,5,4
20260302,1432,264229,5,5
20260302,1432,269757,5,5
20260302,1432,220469,5,5
20260302,1432,215430,5,5
20260302,1432,260723,5,5
20260302,1432,222180,5,5
20260302,1432,238205,5,5
20260302,1432,259569,5,5
20260302,1432,259614,5,5
20260302,1432,252565,5,5
20260302,1442,221988,4,4
20260302,1442,265610,4,4
20260302,1444,270154,4,3
20260302,1444,267083,4,3
20260302,1444,260178,4,3
20260302,1444,260893,4,3
20260302,1444,261129,4,3
20260302,1444,220687,4,3
20260302,1444,221222,4,3
20260302,1444,254770,4,3
20260302,1444,259719,4,3
20260302,1444,222602,4,3
20260302,1444,223268,4,3
20260302,1455,260479,4,4
20260302,1455,223371,4,4
20260302,1455,255666,4,4
20260302,1455,252487,4,4
20260302,1455,241003,4,4
20260302,1455,241018,4,4
20260302,1455,242450,4,4
20260302,1455,221520,4,4
20260302,1455,260779,4,4
20260302,1455,260709,4,4
20260302,1455,264243,4,4
20260302,1455,264998,4,4
20260302,1455,263838,4,4
20260302,1455,266849,4,4
20260302,1455,266700,4,4
20260302,1455,266593,4,4
20260302,1455,267732,4,4
20260302,1455,269753,4,4
20260302,1455,269773,4,4
20260302,1455,270066,4,4
20260302,1475,202453,3,3
20260302,1475,213596,3,3
20260302,1477,264086,3,3
20260302,1479,266892,3,3
20260302,1479,260867,3,3
20260302,1479,240163,3,3
20260302,1479,256711,3,3
20260302,1483,259803,3,3
20260302,1483,259990,3,3
20260302,1483,244077,3,3
20260302,1483,246480,3,3
20260302,1483,249668,3,3
20260302,1483,223071,3,3
20260302,1483,238084,3,3
20260302,1483,239157,3,3
20260302,1483,221979,3,3
20260302,1483,235155,3,3
20260302,1483,236989,3,3
20260302,1483,223416,3,3
20260302,1483,234223,3,3
20260302,1483,234506,3,3
20260302,1483,222845,3,3
20260302,1483,221207,3,3
20260302,1483,213898,3,3
20260302,1483,213827,3,3
20260302,1483,219697,3,3
20260302,1483,216198,3,3
20260302,1483,220790,3,3
20260302,1483,214891,3,3
20260302,1483,220934,3,3
20260302,1483,261092,3,3
20260302,1483,260940,3,3
20260302,1483,260238,3,3
20260302,1483,260443,3,3
20260302,1483,264139,3,3
20260302,1483,264068,3,3
20260302,1483,263666,3,3
20260302,1483,264980,3,3
20260302,1483,264270,3,3
20260302,1483,266463,3,3
20260302,1483,266591,3,3
20260302,1483,270139,3,3
20260302,1483,270258,3,3
20260302,1483,270117,3,3
20260302,1483,270207,3,3
20260302,1483,270109,3,3
20260302,1483,269775,3,3
20260302,1483,269769,3,3
20260302,1483,269878,3,3
20260302,1483,269937,3,3
20260302,1483,269797,3,3
20260302,1483,267937,3,3
20260302,1483,269718,3,3
20260302,1483,269732,3,3
20260302,1483,269267,3,3
20260302,1483,266805,3,3
20260302,1483,267493,3,3
20260302,1483,266852,3,3
20260302,201,256684,361,16
20260302,202,216566,359,14
20260302,203,247669,359,24
20260302,204,204431,356,23
20260302,205,214906,355,20
20260302,206,239389,346,25
20260302,207,214480,346,32
20260302,208,222156,346,26
20260302,209,202662,346,26
20260302,210,215453,344,30
20260302,211,213544,340,18
20260302,212,206007,338,32
20260302,213,223333,337,35
20260302,214,215988,334,32
20260302,215,203564,334,33
20260302,216,211539,331,14
20260302,217,214149,331,29
20260302,218,220446,330,27
20260302,219,216367,328,28
20260302,220,211901,321,29
20260302,221,222919,318,22
20260302,222,223323,316,30
20260302,223,216016,315,15
20260302,224,213873,313,31
20260302,225,223087,311,21
20260302,226,201613,308,26
20260302,227,236972,308,18
20260302,228,232447,307,22
20260302,229,210303,306,36
20260302,230,214826,306,26
20260302,231,216074,305,21
20260302,232,211552,303,28
20260302,233,206430,302,29
20260302,234,204411,301,13
20260302,235,264149,298,27
20260302,236,221004,298,21
20260302,237,214684,297,30
20260302,238,211344,295,27
20260302,239,221164,295,29
20260302,240,222980,295,15
20260302,241,214262,294,25
20260302,242,221018,294,25
20260302,243,260170,291,29
20260302,244,259685,289,22
20260302,245,215062,287,19
20260302,246,212303,286,34
20260302,247,214646,286,27
20260302,248,213779,285,32
20260302,249,221911,285,35
20260302,250,213620,285,27
20260302,251,222080,279,24
20260302,252,213706,279,32
20260302,253,214937,279,20
20260302,254,211643,278,25
20260302,255,215996,276,26
20260302,256,221073,276,31
20260302,257,220770,274,25
20260302,258,260664,274,15
20260302,259,238064,271,16
20260302,260,201606,270,15
20260302,261,201662,267,5
20260302,262,261972,266,19
20260302,263,201586,265,14
20260302,264,214386,263,19
20260302,265,221885,263,21
20260302,266,202460,262,10
20260302,267,203463,262,22
20260302,268,215042,260,20
20260302,269,214236,260,33
20260302,270,222506,255,30
20260302,271,214919,254,24
20260302,272,239392,254,30
20260302,273,211878,252,25
20260302,274,213908,252,24
20260302,275,213767,251,20
20260302,276,215807,247,28
20260302,277,221243,247,21
20260302,278,260203,244,17
20260302,279,221209,243,19
20260302,280,215614,242,32
20260302,281,259871,242,17
20260302,282,216213,240,24
20260302,283,260598,240,27
20260302,284,261963,239,16
20260302,285,221512,239,15
20260302,286,221362,237,19
20260302,287,214081,235,16
20260302,288,222189,234,34
20260302,289,259883,232,14
20260302,290,206124,231,18
20260302,291,220757,230,33
20260302,292,256705,230,27
20260302,293,258199,228,29
20260302,294,215290,227,25
20260302,295,221905,224,7
20260302,296,201610,224,20
20260302,297,215898,219,21
20260302,298,201555,219,12
20260302,299,213789,218,25
20260302,300,221434,217,22
20260302,301,259758,217,25
20260302,302,211846,216,28
20260302,303,221099,216,27
20260302,304,215501,215,21
20260302,305,246493,215,23
20260302,306,216116,214,21
20260302,307,220489,213,26
20260302,308,220718,212,20
20260302,309,206194,210,24
20260302,310,211844,209,27
20260302,311,221411,209,21
20260302,312,220432,209,23
20260302,313,239438,209,17
20260302,314,222397,208,21
20260302,315,259857,207,19
20260302,316,214189,207,25
20260302,317,214521,206,27
20260302,318,260761,205,13
20260302,319,221395,205,19
20260302,320,215878,204,25
20260302,321,260581,204,26
20260302,322,215386,204,18
20260302,323,221191,201,25
20260302,324,221220,200,24
20260302,325,260765,199,11
20260302,326,222944,198,18
20260302,327,215314,197,20
20260302,328,220589,196,15
20260302,329,214219,196,22
20260302,330,264075,196,11
20260302,331,211342,196,20
20260302,332,215077,195,29
20260302,333,215726,194,32
20260302,334,260168,193,17
20260302,335,215820,192,30
20260302,336,222559,190,25
20260302,337,246478,190,23
20260302,338,221014,190,24
20260302,339,221382,189,26
20260302,340,220735,188,22
20260302,341,222675,188,18
20260302,342,206345,188,20
20260302,343,222965,186,21
20260302,344,221486,186,20
20260302,345,211411,185,12
20260302,346,239476,185,21
20260302,347,231639,184,16
20260302,348,266376,184,7
20260302,349,256673,183,17
20260302,350,221104,183,22
20260302,351,223410,182,25
20260302,352,262891,182,13
20260302,353,201483,181,20
20260302,354,201329,180,6
20260302,355,206374,180,10
20260302,356,221159,180,21
20260302,357,220781,177,25
20260302,358,236956,177,22
20260302,359,215840,176,26
20260302,360,210847,176,21
20260302,361,266622,176,16
20260302,362,223302,175,20
20260302,363,220808,174,15
20260302,364,213949,174,29
20260302,365,221768,174,23
20260302,366,259853,174,22
20260302,367,221213,173,13
20260302,368,211920,173,18
20260302,369,202688,173,24
20260302,370,211765,171,17
20260302,371,203475,171,19
20260302,372,213657,171,26
20260302,373,259794,170,20
20260302,374,213821,169,24
20260302,375,239397,167,24
20260302,376,221178,167,20
20260302,377,203435,167,31
20260302,378,215592,167,25
20260302,379,201666,167,24
20260302,380,216385,167,11
20260302,381,211529,167,21
20260302,382,222296,165,3
20260302,383,252495,165,8
20260302,384,214301,163,20
20260302,385,214546,162,27
20260302,386,221096,161,23
20260302,387,221000,161,30
20260302,388,214992,161,19
20260302,389,206362,161,23
20260302,390,219887,161,19
20260302,391,220364,161,35
20260302,392,221364,160,24
20260302,393,246481,159,20
20260302,394,221265,159,21
20260302,395,260541,159,20
20260302,396,214930,159,17
20260302,397,232881,158,29
20260302,398,215588,157,27
20260302,399,216139,157,24
20260302,400,235159,155,21
20260302,401,215550,155,18
20260302,402,215566,155,24
20260302,403,211820,153,19
20260302,404,221023,152,27
20260302,405,260510,152,21
20260302,406,221789,152,15
20260302,407,260006,151,23
20260302,408,211063,151,29
20260302,409,202410,151,26
20260302,410,213734,150,10
20260302,411,264187,149,22
20260302,412,206255,148,14
20260302,413,210705,148,11
20260302,414,260171,148,22
20260302,415,260913,147,25
20260302,416,211874,147,23
20260302,417,213974,147,25
20260302,418,252493,146,20
20260302,419,260206,146,20
20260302,420,220513,146,22
20260302,421,203281,145,23
20260302,422,214862,144,16
20260302,423,254733,143,23
20260302,424,216324,143,16
20260302,425,215468,142,15
20260302,426,252587,141,32
20260302,427,213849,141,30
20260302,428,220673,141,23
20260302,429,215166,141,17
20260302,430,222276,141,20
20260302,431,221187,140,21
20260302,432,220554,137,13
20260302,433,213837,137,21
20260302,434,211329,137,27
20260302,435,215431,136,26
20260302,436,221945,136,26
20260302,437,213753,136,17
20260302,438,223415,135,24
20260302,439,214653,135,21
20260302,440,216253,134,20
20260302,441,211756,132,11
20260302,442,220598,132,15
20260302,443,221031,130,24
20260302,444,216095,130,23
20260302,445,203288,129,19
20260302,446,264228,129,20
20260302,447,215064,128,17
20260302,448,214839,127,18
20260302,449,204427,127,13
20260302,450,221242,127,15
20260302,451,266450,126,23
20260302,452,201614,125,6
20260302,453,221247,125,16
20260302,454,221157,125,20
20260302,455,239156,125,20
20260302,456,220613,125,18
20260302,457,215018,124,19
20260302,458,216579,124,21
20260302,459,260951,124,8
20260302,460,222454,124,9
20260302,461,221229,124,21
20260302,462,239442,123,24
20260302,463,219625,123,21
20260302,464,222171,121,21
20260302,465,215459,121,22
20260302,466,201616,120,11
20260302,467,259591,120,22
20260302,468,261038,120,12
20260302,469,221369,120,19
20260302,470,220502,117,19
20260302,471,204394,117,19
20260302,472,264227,116,15
20260302,473,245077,116,22
20260302,474,221020,116,20
20260302,475,222891,116,22
20260302,476,247647,115,23
20260302,477,216162,115,21
20260302,478,220164,115,14
20260302,479,236967,114,19
20260302,480,259916,114,14
20260302,481,269714,114,8
20260302,482,214507,113,14
20260302,483,260763,113,19
20260302,484,221168,113,22
20260302,485,203578,113,11
20260302,486,203513,113,13
20260302,487,221443,112,17
20260302,488,216044,112,18
20260302,489,267420,112,17
20260302,490,213771,112,18
20260302,491,260667,111,16
20260302,492,260714,111,12
20260302,493,202619,111,16
20260302,494,223141,111,21
20260302,495,221181,110,26
20260302,496,240998,110,9
20260302,497,220447,109,17
20260302,498,222092,109,22
20260302,499,222458,109,19
20260302,500,223100,109,21
20260302,501,221086,108,13
20260302,502,260514,108,19
20260302,503,260539,108,19
20260302,504,221982,107,19
20260302,505,270058,107,10
20260302,506,221259,107,15
20260302,507,220827,107,19
20260302,508,244087,107,20
20260302,509,211646,107,20
20260302,510,220306,106,17
20260302,511,222273,106,21
20260302,512,231625,106,18
20260302,513,260647,106,20
20260302,514,213947,105,19
20260302,515,216268,105,15
20260302,516,211809,104,16
20260302,517,216173,103,20
20260302,518,222297,102,16
20260302,519,214741,102,16
20260302,520,220842,102,11
20260302,521,264967,102,16
20260302,522,216160,102,21
20260302,523,260565,102,18
20260302,524,222859,102,19
20260302,525,233742,101,27
20260302,526,215733,101,23
20260302,527,214600,101,13
20260302,528,214418,101,15
20260302,529,216075,101,15
20260302,530,221952,101,14
20260302,531,222986,101,21
20260302,532,222369,100,22
20260302,533,252488,100,20
20260302,534,265197,100,18
20260302,535,216331,100,20
20260302,536,215971,100,22
20260302,537,201611,99,9
20260302,538,263872,99,13
20260302,539,211328,99,18
20260302,540,201549,98,9
20260302,541,259967,98,11
20260302,542,261049,98,20
20260302,543,221109,98,17
20260302,544,214271,98,18
20260302,545,201520,96,8
20260302,546,211719,96,18
20260302,547,214779,96,16
20260302,548,256712,96,20
20260302,549,201554,95,11
20260302,550,220351,95,19
20260302,551,214505,95,16
20260302,552,220560,94,22
20260302,553,220946,94,17
20260302,554,200748,93,7
20260302,555,214319,93,20
20260302,556,216076,93,14
20260302,557,257874,93,23
20260302,558,221657,93,17
20260302,559,222837,92,15
20260302,560,215398,92,19
20260302,561,216007,92,15
20260302,562,269755,92,15
20260302,563,260296,91,18
20260302,564,213998,91,24
20260302,565,266864,91,9
20260302,566,260142,90,10
20260302,567,215802,90,11
20260302,568,202921,90,14
20260302,569,202454,90,15
20260302,570,214238,89,20
20260302,571,260847,89,11
20260302,572,261071,89,17
20260302,573,263881,88,20
20260302,574,201524,87,20
20260302,575,259690,87,24
20260302,576,259913,87,15
20260302,577,260446,87,18
20260302,578,219892,87,20
20260302,579,202434,86,12
20260302,580,211668,85,12
20260302,581,206219,84,11
20260302,582,221834,84,6
20260302,583,220429,84,17
20260302,584,260613,84,21
20260302,585,203591,83,13
20260302,586,211222,83,13
20260302,587,263853,83,15
20260302,588,260737,83,13
20260302,589,206248,83,17
20260302,590,221959,83,21
20260302,591,215259,82,21
20260302,592,210138,82,21
20260302,593,214091,82,16
20260302,594,215151,81,20
20260302,595,221116,81,9
20260302,596,264144,81,12
20260302,597,222347,81,16
20260302,598,230880,81,18
20260302,599,221914,81,20
20260302,600,260339,80,12
20260302,601,264064,79,20
20260302,602,215832,79,13
20260302,603,230882,79,13
20260302,604,260490,79,20
20260302,605,221454,79,24
20260302,606,260966,78,12
20260302,607,265701,78,12
20260302,608,216186,78,14
20260302,609,241717,78,9
20260302,610,214868,78,11
20260302,611,215778,78,12
20260302,612,260445,78,16
20260302,613,260708,78,16
20260302,614,239393,78,17
20260302,615,220550,77,12
20260302,616,220496,77,23
20260302,617,221497,77,10
20260302,618,223203,76,10
20260302,619,213772,76,17
20260302,620,261015,76,14
20260302,621,215472,76,19
20260302,622,214007,76,23
20260302,623,221473,75,8
20260302,624,215013,75,16
20260302,625,236980,75,18
20260302,626,225858,74,15
20260302,627,215163,74,15
20260302,628,214909,74,11
20260302,629,228909,74,18
20260302,630,214212,74,20
20260302,631,203354,73,14
20260302,632,216051,73,19
20260302,633,260787,73,11
20260302,634,216062,73,12
20260302,635,267882,73,15
20260302,636,266448,73,17
20260302,637,264192,72,6
20260302,638,266469,72,13
20260302,639,206406,72,14
20260302,640,202430,72,13
20260302,641,222878,72,13
20260302,642,222390,72,14
20260302,643,214540,72,15
20260302,644,220597,71,14
20260302,645,254765,71,10
20260302,646,221003,71,17
20260302,647,252535,71,21
20260302,648,266901,70,15
20260302,649,210526,70,15
20260302,650,222481,70,16
20260302,651,260141,70,21
20260302,652,252531,69,13
20260302,653,221141,69,15
20260302,654,215909,69,23
20260302,655,202536,68,8
20260302,656,266800,68,9
20260302,657,215806,68,19
20260302,658,263909,68,10
20260302,659,220672,68,22
20260302,660,259567,67,16
20260302,661,214872,67,19
20260302,662,259754,67,13
20260302,663,241714,67,14
20260302,664,210537,67,15
20260302,665,220891,67,18
20260302,666,267382,66,6
20260302,667,252571,66,20
20260302,668,222037,66,6
20260302,669,215921,65,13
20260302,670,215545,65,15
20260302,671,221165,65,15
20260302,672,266937,64,14
20260302,673,206075,64,17
20260302,674,263869,63,12
20260302,675,213672,63,10
20260302,676,214935,63,16
20260302,677,220392,63,10
20260302,678,202672,62,25
20260302,679,221886,62,11
20260302,680,211269,61,8
20260302,681,206102,61,19
20260302,682,233747,61,16
20260302,683,259575,61,16
20260302,684,221062,61,13
20260302,685,260254,61,12
20260302,686,204294,60,13
20260302,687,221465,60,15
20260302,688,245094,60,12
20260302,689,234474,60,20
20260302,690,239386,59,12
20260302,691,221994,59,22
20260302,692,266431,59,13
20260302,693,260694,59,16
20260302,694,213739,58,15
20260302,695,264130,58,14
20260302,696,260225,58,12
20260302,697,221370,58,16
20260302,698,220497,58,18
20260302,699,203500,57,8
20260302,700,213896,57,16
20260302,701,216038,57,22
20260302,702,223120,57,17
20260302,703,260368,57,7
20260302,704,266488,57,10
20260302,705,202580,56,12
20260302,706,259820,56,10
20260302,707,252509,56,12
20260302,708,260766,56,15
20260302,709,261097,56,16
20260302,710,258191,56,18
20260302,711,213551,55,15
20260302,712,225854,55,16
20260302,713,220740,55,13
20260302,714,269870,55,14
20260302,715,237454,55,15
20260302,716,222667,54,16
20260302,717,239422,54,9
20260302,718,263941,54,12
20260302,719,220645,54,17
20260302,720,204223,53,16
20260302,721,222184,53,11
20260302,722,221469,53,13
20260302,723,214713,53,18
20260302,724,221192,53,8
20260302,725,215707,53,12
20260302,726,222346,53,14
20260302,727,264207,53,16
20260302,728,216587,52,13
20260302,729,214020,52,15
20260302,730,215019,52,14
20260302,731,235161,52,6
20260302,732,270076,52,9
20260302,733,220494,52,13
20260302,734,220053,52,13
20260302,735,260101,51,10
20260302,736,202464,51,11
20260302,737,265688,51,20
20260302,738,220578,51,19
20260302,739,266642,51,15
20260302,740,265692,51,16
20260302,741,239158,51,17
20260302,742,260032,51,17
20260302,743,264205,50,14
20260302,744,270080,50,7
20260302,745,233718,50,7
20260302,746,216180,50,15
20260302,747,201506,49,6
20260302,748,216262,49,1
20260302,749,260762,49,13
20260302,750,260273,49,11
20260302,751,206335,48,5
20260302,752,260848,48,14
20260302,753,220453,48,10
20260302,754,221746,48,12
20260302,755,221864,48,12
20260302,756,260214,48,12
20260302,757,215505,48,14
20260302,758,221903,47,13
20260302,759,220997,47,13
20260302,760,269717,46,10
20260302,761,266682,46,8
20260302,762,220684,46,13
20260302,763,239454,46,18
20260302,764,267651,46,20
20260302,765,201518,45,7
20260302,766,260042,45,6
20260302,767,239387,45,7
20260302,768,216316,45,10
20260302,769,270061,45,11
20260302,770,221568,45,22
20260302,771,267428,44,6
20260302,772,214877,44,11
20260302,773,206060,44,7
20260302,774,204309,44,9
20260302,775,222330,44,10
20260302,776,216013,44,10
20260302,777,221474,44,13
20260302,778,211544,44,14
20260302,779,222299,44,14
20260302,780,201585,43,4
20260302,781,266771,43,11
20260302,782,223402,43,9
20260302,783,260582,43,18
20260302,784,260638,42,8
20260302,785,263148,42,8
20260302,786,210158,42,8
20260302,787,263626,42,9
20260302,788,211541,42,12
20260302,789,220491,42,15
20260302,790,215966,42,17
20260302,791,216256,42,18
20260302,792,254748,41,4
20260302,793,222255,41,5
20260302,794,223373,41,7
20260302,795,259858,41,12
20260302,796,221773,41,14
20260302,797,216158,41,14
20260302,798,228910,41,14
20260302,799,211951,40,17
20260302,800,214535,40,12
20260302,801,206108,40,2
20260302,802,202693,40,9
20260302,803,222305,40,13
20260302,804,215879,39,14
20260302,805,215693,39,18
20260302,806,215134,39,22
20260302,807,267176,39,8
20260302,808,260003,39,15
20260302,809,263995,38,9
20260302,810,214696,38,9
20260302,811,220713,38,9
20260302,812,260167,38,8
20260302,813,264973,38,11
20260302,814,222262,38,11
20260302,815,216107,38,12
20260302,816,214934,38,13
20260302,817,221585,38,17
20260302,818,266381,37,8
20260302,819,230876,37,12
20260302,820,266851,37,7
20260302,821,215697,37,8
20260302,822,221195,37,10
20260302,823,203509,37,13
20260302,824,219979,37,16
20260302,825,202446,36,2
20260302,826,260845,36,8
20260302,827,221468,36,8
20260302,828,221219,36,12
20260302,829,264978,36,14
20260302,830,220642,36,16
20260302,831,264151,35,4
20260302,832,264961,35,9
20260302,833,222000,35,12
20260302,834,216078,35,13
20260302,835,259996,35,8
20260302,836,260226,35,12
20260302,837,266407,35,6
20260302,838,203537,35,6
20260302,839,223326,35,7
20260302,840,220591,35,8
20260302,841,260277,35,10
20260302,842,258192,35,10
20260302,843,223418,35,12
20260302,844,211864,34,11
20260302,845,270082,34,4
20260302,846,239446,34,5
20260302,847,269864,34,6
20260302,848,221509,34,6
20260302,849,264167,34,7
20260302,850,215015,34,10
20260302,851,234481,34,14
20260302,852,222668,34,17
20260302,853,260612,33,10
20260302,854,263974,33,4
20260302,855,260017,33,8
20260302,856,214771,33,8
20260302,857,220614,33,10
20260302,858,266529,33,11
20260302,859,221173,33,12
20260302,860,253681,32,11
20260302,861,213721,32,13
20260302,862,270195,32,5
20260302,863,264085,32,5
20260302,864,211511,32,5
20260302,865,267400,32,5
20260302,866,210672,32,7
20260302,867,223421,32,8
20260302,868,264131,32,10
20260302,869,260062,32,11
20260302,869,214605,32,11
20260302,871,206336,32,12
20260302,872,266758,32,13
20260302,873,266455,31,16
20260302,874,222367,31,8
20260302,875,221139,31,10
20260302,876,215440,31,10
20260302,877,222028,31,10
20260302,878,260860,31,11
20260302,879,270078,31,12
20260302,880,239453,31,16
20260302,881,220493,31,16
20260302,882,201540,30,4
20260302,883,201582,30,10
20260302,884,267104,30,5
20260302,885,269866,30,9
20260302,886,260767,30,7
20260302,887,221221,30,7
20260302,888,263801,30,12
20260302,889,222294,30,13
20260302,890,223146,30,14
20260302,891,221210,29,8
20260302,892,222856,29,11
20260302,893,268770,29,1
20260302,894,222223,29,5
20260302,895,202639,29,6
20260302,896,213976,29,7
20260302,897,225850,29,7
20260302,898,263980,29,9
20260302,899,260279,29,13
20260302,900,259965,29,15
20260302,901,214800,28,14
20260302,902,221862,28,4
20260302,903,259762,28,5
20260302,904,211921,28,6
20260302,905,266509,28,7
20260302,906,221741,28,8
20260302,907,214901,28,9
20260302,908,235160,28,10
20260302,909,215177,28,12
20260302,910,220825,27,12
20260302,911,263677,27,6
20260302,912,222421,27,9
20260302,913,210645,27,11
20260302,914,255662,27,11
20260302,915,221203,27,13
20260302,916,267115,26,14
20260302,917,261957,26,10
20260302,918,222137,26,4
20260302,919,220690,26,5
20260302,920,215795,26,5
20260302,921,256686,26,6
20260302,922,220695,26,7
20260302,923,260433,26,13
20260302,924,214519,26,14
20260302,925,210913,25,11
20260302,926,213830,25,8
20260302,927,260338,25,5
20260302,928,260374,25,5
20260302,929,213948,25,6
20260302,930,214405,24,3
20260302,931,213541,24,8
20260302,932,223163,24,10
20260302,933,215096,24,3
20260302,934,213775,24,5
20260302,935,223080,24,5
20260302,936,220470,24,6
20260302,937,220875,24,7
20260302,938,260528,24,9
20260302,938,264029,24,9
20260302,940,260100,24,9
20260302,941,267841,24,10
20260302,942,245079,24,10
20260302,943,241745,24,10
20260302,944,221542,24,13
20260302,945,202596,23,8
20260302,946,215970,23,6
20260302,947,263751,23,6
20260302,948,219983,23,7
20260302,949,267409,23,7
20260302,950,265040,23,8
20260302,951,220492,23,8
20260302,952,215492,23,10
20260302,953,246518,23,12
20260302,954,239102,22,3
20260302,955,221624,22,6
20260302,956,221150,22,7
20260302,957,266645,22,3
20260302,958,260150,22,3
20260302,959,263622,22,6
20260302,960,264069,22,7
20260302,961,270125,22,7
20260302,962,252586,22,8
20260302,963,270165,22,9
20260302,964,219331,22,10
20260302,965,220276,22,10
20260302,966,205815,21,2
20260302,967,212043,21,11
20260302,968,222225,21,7
20260302,969,260914,21,10
20260302,970,221410,21,11
20260302,971,222762,21,3
20260302,972,267422,21,4
20260302,973,223375,21,5
20260302,974,221440,21,5
20260302,975,267022,21,6
20260302,976,221413,21,6
20260302,977,270129,21,7
20260302,978,264150,21,7
20260302,979,264216,21,8
20260302,980,253679,21,9
20260302,981,239160,21,11
20260302,982,261098,21,11
20260302,983,204434,20,1
20260302,984,269253,20,5
20260302,985,269954,20,3
20260302,986,259989,20,5
20260302,987,202858,20,2
20260302,988,214182,20,3
20260302,989,266379,20,6
20260302,990,216311,20,6
20260302,991,221025,20,6
20260302,992,239478,20,7
20260302,993,267431,20,9
20260302,994,259907,20,9
20260302,995,259854,19,9
20260302,996,239390,19,9
20260302,997,260888,19,6
20260302,998,264180,19,9
20260302,999,221915,19,9
20260302,1000,215065,19,3
20260309,1,214544,10675,0
20260309,2,216347,7588,0
20260309,3,214981,7253,0
20260309,4,221103,6803,0
20260309,5,202468,6583,0
20260309,6,216153,6070,0
20260309,7,211148,4232,0
20260309,8,259799,4001,0
20260309,9,202494,3845,0
20260309,10,239475,3211,0
20260309,11,206420,2918,0
20260309,12,202505,2898,0
20260309,13,214096,2668,0
20260309,14,222328,2421,0
20260309,15,201619,2351,0
20260309,16,211768,2324,0
20260309,17,220704,2095,0
20260309,18,260300,2095,0
20260309,19,214643,2050,0
20260309,20,223670,1953,0
20260309,21,210722,1936,0
20260309,22,214939,1813,0
20260309,23,221012,1758,0
20260309,24,221054,1645,0
20260309,25,215613,1605,0
20260309,26,211533,1600,0
20260309,27,220367,1598,0
20260309,28,216146,1583,0
20260309,29,233741,1465,0
20260309,30,216133,1438,0
20260309,31,213710,1436,0
20260309,32,223253,1432,0
20260309,33,213631,1425,0
20260309,34,206289,1410,0
20260309,35,211713,1367,0
20260309,36,211684,1348,0
20260309,37,222391,1347,0
20260309,38,201514,1344,0
20260309,39,222145,1341,0
20260309,40,239383,1341,0
20260309,41,215983,1333,0
20260309,42,220714,1290,0
20260309,43,221024,1274,0
20260309,44,211701,1269,0
20260309,45,213550,1267,0
20260309,46,214954,1263,0
20260309,47,238184,1256,0
20260309,48,220548,1237,0
20260309,49,202663,1234,0
20260309,50,222601,1202,0
20260309,51,220520,1193,0
20260309,52,215035,1170,0
20260309,53,206252,1156,0
20260309,54,222661,1127,0
20260309,55,201696,1110,0
20260309,56,206368,1100,0
20260309,57,222045,1075,0
20260309,58,219875,1072,0
20260309,59,213583,1069,0
20260309,60,214082,1052,0
20260309,61,215785,1041,0
20260309,62,201533,1039,0
20260309,63,221039,1026,0
20260309,64,211107,1012,0
20260309,65,221333,980,0
20260309,66,214388,978,0
20260309,67,206242,942,0
20260309,68,216083,928,0
20260309,69,214040,925,0
20260309,70,220332,923,0
20260309,71,221407,917,0
20260309,72,238075,902,0
20260309,73,220716,894,0
20260309,74,211817,892,0
20260309,75,203530,881,0
20260309,76,201709,871,0
20260309,77,220416,869,0
20260309,78,203389,865,0
20260309,79,211814,859,0
20260309,80,220309,851,0
20260309,81,215899,850,0
20260309,82,221909,849,0
20260309,83,230870,847,0
20260309,84,213646,838,0
20260309,85,201548,837,0
20260309,86,220435,831,0
20260309,87,203501,829,0
20260309,88,215872,814,0
20260309,89,213887,814,0
20260309,90,215337,811,0
20260309,91,215713,810,0
20260309,92,215219,808,0
20260309,93,215936,806,0
20260309,94,215020,795,0
20260309,95,215910,792,0
20260309,96,219917,789,0
20260309,97,223286,788,0
20260309,98,220465,786,0
20260309,99,221985,781,0
20260309,100,215138,780,0
20260309,101,223360,775,0
20260309,102,220662,774,0
20260309,103,202499,768,0
20260309,104,210886,754,0
20260309,105,263857,751,0
20260309,106,211651,738,0
20260309,107,221257,738,0
20260309,108,215306,737,0
20260309,109,211337,734,0
20260309,110,214119,730,0
20260309,111,220348,724,0
20260309,112,221883,721,0
20260309,113,215480,719,0
20260309,114,201499,716,0
20260309,115,243420,702,0
20260309,116,205925,701,0
20260309,117,220750,690,0
20260309,118,211685,680,0
20260309,119,260172,673,0
20260309,120,206294,672,0
20260309,121,222258,668,0
20260309,122,221307,667,0
20260309,123,206417,665,0
20260309,124,222290,632,0
20260309,125,252499,628,0
20260309,126,211880,627,0
20260309,127,214452,621,0
20260309,128,220466,607,0
20260309,129,239456,602,0
20260309,130,222233,601,0
20260309,131,222966,599,0
20260309,132,213666,597,0
20260309,133,259733,597,0
20260309,134,216081,593,0
20260309,135,201551,560,0
20260309,136,221124,556,0
20260309,137,221406,555,0
20260309,138,214593,550,0
20260309,139,202684,549,0
20260309,140,223321,545,0
20260309,141,214459,540,0
20260309,142,236957,540,0
20260309,143,221626,537,0
20260309,144,220742,526,0
20260309,145,263644,517,0
20260309,146,203514,516,0
20260309,147,221236,514,0
20260309,148,214461,507,0
20260309,149,223194,497,0
20260309,150,201478,493,0
20260309,151,202600,490,0
20260309,152,215992,490,0
20260309,153,213889,487,0
20260309,154,222017,486,0
20260309,155,223325,477,0
20260309,156,221237,476,0
20260309,157,220722,470,0
20260309,158,215572,468,0
20260309,159,202604,464,0
20260309,160,213576,460,0
20260309,161,214604,457,0
20260309,162,211279,457,0
20260309,163,201593,455,0
20260309,164,267439,452,0
20260309,165,215370,444,0
20260309,166,221803,440,0
20260309,167,215250,439,0
20260309,168,202493,439,0
20260309,169,211316,438,0
20260309,170,216097,425,0
20260309,171,215571,423,0
20260309,172,266671,412,0
20260309,173,201458,410,0
20260309,174,211635,409,0
20260309,175,211702,408,0
20260309,176,236955,403,0
20260309,177,210622,403,0
20260309,178,223168,399,0
20260309,179,213525,396,0
20260309,180,216265,394,0
20260309,181,214181,393,0
20260309,182,220680,390,0
20260309,183,220733,388,0
20260309,184,211227,387,0
20260309,185,223331,386,0
20260309,186,215946,386,0
20260309,187,215037,386,0
20260309,188,201545,385,0
20260309,189,211843,385,0
20260309,190,223335,383,0
20260309,191,216055,383,0
20260309,192,220699,382,0
20260309,193,201621,382,0
20260309,194,239436,381,0
20260309,195,220454,380,0
20260309,196,211095,378,0
20260309,197,206292,378,0
20260309,198,221354,374,0
20260309,199,204419,373,0
20260309,200,214254,368,0
20260309,1001,270315,19,0
20260309,1002,270181,19,0
20260309,1003,210500,19,0
20260309,1004,260297,19,0
20260309,1005,222202,19,0
20260309,1006,221463,19,0
20260309,1007,211796,19,0
20260309,1008,266533,19,0
20260309,1009,259981,19,0
20260309,1010,260261,19,0
20260309,1011,259105,19,0
20260309,1012,266659,19,0
20260309,1013,221740,19,0
20260309,1014,265207,18,0
20260309,1015,215696,18,0
20260309,1016,264975,18,0
20260309,1017,223160,18,0
20260309,1018,211260,18,0
20260309,1019,260306,18,0
20260309,1020,221371,18,0
20260309,1021,259576,18,0
20260309,1022,270159,18,0
20260309,1023,264140,18,0
20260309,1023,220391,18,0
20260309,1025,261066,18,0
20260309,1026,266720,18,0
20260309,1027,266765,18,0
20260309,1028,252584,18,0
20260309,1029,223411,18,0
20260309,1030,221736,18,0
20260309,1031,221055,18,0
20260309,1032,222177,18,0
20260309,1033,223308,18,0
20260309,1034,211043,17,0
20260309,1035,266651,17,0
20260309,1036,221069,17,0
20260309,1037,211021,17,0
20260309,1037,269710,17,0
20260309,1039,269275,17,0
20260309,1040,270320,17,0
20260309,1041,223398,17,0
20260309,1042,201481,17,0
20260309,1043,263687,17,0
20260309,1044,202916,17,0
20260309,1045,223404,17,0
20260309,1046,214784,17,0
20260309,1047,224485,17,0
20260309,1048,266523,17,0
20260309,1049,260871,17,0
20260309,1050,215236,17,0
20260309,1051,215926,17,0
20260309,1052,215616,17,0
20260309,1053,215805,17,0
20260309,1053,221148,17,0
20260309,1055,214398,17,0
20260309,1056,249659,17,0
20260309,1057,215712,17,0
20260309,1057,260323,17,0
20260309,1059,260580,16,0
20260309,1060,266722,16,0
20260309,1061,246476,16,0
20260309,1062,259713,16,0
20260309,1063,270322,16,0
20260309,1063,260842,16,0
20260309,1065,239474,16,0
20260309,1066,260777,16,0
20260309,1067,260398,16,0
20260309,1068,259797,16,0
20260309,1069,220286,16,0
20260309,1070,223284,16,0
20260309,1071,202387,16,0
20260309,1072,270262,15,0
20260309,1073,221441,15,0
20260309,1074,261964,15,0
20260309,1075,270100,15,0
20260309,1076,220297,15,0
20260309,1077,205964,15,0
20260309,1078,202669,15,0
20260309,1079,267534,15,0
20260309,1080,223399,15,0
20260309,1081,213584,15,0
20260309,1082,270091,15,0
20260309,1083,269772,15,0
20260309,1084,252519,15,0
20260309,1085,220564,15,0
20260309,1086,220551,15,0
20260309,1087,222239,15,0
20260309,1088,260717,15,0
20260309,1089,221310,15,0
20260309,1089,220689,15,0
20260309,1091,214277,15,0
20260309,1092,211208,15,0
20260309,1093,269254,15,0
20260309,1094,259113,15,0
20260309,1094,222376,15,0
20260309,1096,219444,15,0
20260309,1097,260085,15,0
20260309,1098,260556,15,0
20260309,1099,201565,14,0
20260309,1100,211285,14,0
20260309,1101,269259,14,0
20260309,1102,260711,14,0
20260309,1103,216225,14,0
20260309,1104,263808,14,0
20260309,1105,270019,14,0
20260309,1106,214297,14,0
20260309,1107,216340,14,0
20260309,1108,262883,14,0
20260309,1109,241715,14,0
20260309,1109,220436,14,0
20260309,1111,261968,14,0
20260309,1112,264505,14,0
20260309,1113,267425,14,0
20260309,1113,215372,14,0
20260309,1113,237465,14,0
20260309,1113,239449,14,0
20260309,1117,222734,14,0
20260309,1117,244079,14,0
20260309,1119,220048,14,0
20260309,1120,260984,14,0
20260309,1121,266549,14,0
20260309,1121,216381,14,0
20260309,1123,201318,13,0
20260309,1124,201539,13,0
20260309,1125,264962,13,0
20260309,1126,215721,13,0
20260309,1127,220887,13,0
20260309,1128,211407,13,0
20260309,1129,267920,13,0
20260309,1129,261278,13,0
20260309,1131,261008,13,0
20260309,1132,214746,13,0
20260309,1133,267180,13,0
20260309,1134,264510,13,0
20260309,1135,266629,13,0
20260309,1136,264280,13,0
20260309,1137,269734,13,0
20260309,1138,222032,13,0
20260309,1139,269835,13,0
20260309,1140,259914,13,0
20260309,1141,203370,13,0
20260309,1142,269801,13,0
20260309,1143,260185,13,0
20260309,1144,270065,13,0
20260309,1145,222748,13,0
20260309,1146,221013,13,0
20260309,1147,263889,13,0
20260309,1148,264226,13,0
20260309,1149,260400,13,0
20260309,1150,215735,12,0
20260309,1151,221933,12,0
20260309,1152,202478,12,0
20260309,1153,259739,12,0
20260309,1154,261132,12,0
20260309,1155,221688,12,0
20260309,1156,223159,12,0
20260309,1157,210337,12,0
20260309,1157,269838,12,0
20260309,1159,216287,12,0
20260309,1160,270132,12,0
20260309,1160,260926,12,0
20260309,1160,260631,12,0
20260309,1163,201431,12,0
20260309,1164,214019,12,0
20260309,1164,222509,12,0
20260309,1164,260693,12,0
20260309,1167,259590,12,0
20260309,1168,215353,12,0
20260309,1168,264107,12,0
20260309,1170,266541,12,0
20260309,1170,214460,12,0
20260309,1172,221377,12,0
20260309,1173,246484,12,0
20260309,1174,216315,12,0
20260309,1175,266409,12,0
20260309,1176,263676,12,0
20260309,1177,211592,11,0
20260309,1178,263905,11,0
20260309,1179,260827,11,0
20260309,1180,222557,11,0
20260309,1181,265628,11,0
20260309,1182,214450,11,0
20260309,1183,215085,11,0
20260309,1184,270274,11,0
20260309,1185,215467,11,0
20260309,1185,221375,11,0
20260309,1185,221913,11,0
20260309,1188,265020,11,0
20260309,1189,266374,11,0
20260309,1190,260583,11,0
20260309,1190,268772,11,0
20260309,1190,223435,11,0
20260309,1193,259998,11,0
20260309,1193,221158,11,0
20260309,1193,267932,11,0
20260309,1193,268778,11,0
20260309,1193,260224,11,0
20260309,1198,206161,11,0
20260309,1199,236968,11,0
20260309,1199,239126,11,0
20260309,1201,220563,11,0
20260309,1202,266383,10,0
20260309,1203,205562,10,0
20260309,1204,212034,10,0
20260309,1205,206205,10,0
20260309,1206,234490,10,0
20260309,1207,266378,10,0
20260309,1207,260103,10,0
20260309,1209,238209,10,0
20260309,1210,214503,10,0
20260309,1210,266476,10,0
20260309,1210,264971,10,0
20260309,1210,263858,10,0
20260309,1214,214860,10,0
20260309,1214,253665,10,0
20260309,1216,233725,10,0
20260309,1216,266819,10,0
20260309,1218,210702,10,0
20260309,1219,260604,10,0
20260309,1220,263940,10,0
20260309,1221,257867,10,0
20260309,1222,219872,10,0
20260309,1223,252582,10,0
20260309,1223,222215,10,0
20260309,1223,265713,10,0
20260309,1223,267387,10,0
20260309,1227,215854,10,0
20260309,1228,201691,10,0
20260309,1229,214974,10,0
20260309,1229,220394,10,0
20260309,1229,222213,10,0
20260309,1229,223198,10,0
20260309,1229,261082,10,0
20260309,1234,266795,10,0
20260309,1235,211600,10,0
20260309,1236,223389,10,0
20260309,1237,222318,10,0
20260309,1238,221258,10,0
20260309,1238,260378,10,0
20260309,1240,216405,10,0
20260309,1241,260774,10,0
20260309,1242,263775,9,0
20260309,1243,211779,9,0
20260309,1244,270302,9,0
20260309,1245,270266,9,0
20260309,1246,267734,9,0
20260309,1246,263625,9,0
20260309,1246,266543,9,0
20260309,1246,260622,9,0
20260309,1246,219874,9,0
20260309,1246,238068,9,0
20260309,1252,260674,9,0
20260309,1252,270194,9,0
20260309,1254,267441,9,0
20260309,1255,259769,9,0
20260309,1256,215647,9,0
20260309,1256,205492,9,0
20260309,1258,223153,9,0
20260309,1258,221371,9,0
20260309,1258,261094,9,0
20260309,1261,220512,9,0
20260309,1262,239484,9,0
20260309,1262,266532,9,0
20260309,1262,267435,9,0
20260309,1265,260828,9,0
20260309,1265,222613,9,0
20260309,1265,225861,9,0
20260309,1265,221771,9,0
20260309,1265,221524,9,0
20260309,1270,221197,9,0
20260309,1271,267545,8,0
20260309,1272,259104,8,0
20260309,1273,261133,8,0
20260309,1274,270072,8,0
20260309,1274,259849,8,0
20260309,1274,269943,8,0
20260309,1274,222377,8,0
20260309,1274,221621,8,0
20260309,1279,260159,8,0
20260309,1279,263981,8,0
20260309,1281,264063,8,0
20260309,1282,266467,8,0
20260309,1282,239477,8,0
20260309,1282,222847,8,0
20260309,1285,223397,8,0
20260309,1285,219754,8,0
20260309,1285,260122,8,0
20260309,1288,215161,8,0
20260309,1289,220633,8,0
20260309,1289,267723,8,0
20260309,1289,267722,8,0
20260309,1292,261104,8,0
20260309,1292,264966,8,0
20260309,1292,269906,8,0
20260309,1292,267449,8,0
20260309,1292,237467,8,0
20260309,1292,257881,8,0
20260309,1298,216156,8,0
20260309,1299,221269,8,0
20260309,1299,241735,8,0
20260309,1301,202440,7,0
20260309,1302,256710,7,0
20260309,1303,263978,7,0
20260309,1304,202443,7,0
20260309,1304,215937,7,0
20260309,1306,215956,7,0
20260309,1306,221940,7,0
20260309,1306,259579,7,0
20260309,1306,254760,7,0
20260309,1306,221030,7,0
20260309,1306,221248,7,0
20260309,1306,263890,7,0
20260309,1306,264274,7,0
20260309,1306,264275,7,0
20260309,1306,266406,7,0
20260309,1306,266686,7,0
20260309,1306,267473,7,0
20260309,1318,270281,7,0
20260309,1319,264215,7,0
20260309,1319,260091,7,0
20260309,1319,267423,7,0
20260309,1319,221214,7,0
20260309,1319,222061,7,0
20260309,1319,222606,7,0
20260309,1319,221044,7,0
20260309,1319,220356,7,0
20260309,1327,260204,7,0
20260309,1327,264138,7,0
20260309,1329,270186,7,0
20260309,1329,220289,7,0
20260309,1331,260881,7,0
20260309,1331,221083,7,0
20260309,1331,246485,7,0
20260309,1331,230120,7,0
20260309,1331,270115,7,0
20260309,1331,267462,7,0
20260309,1331,264114,7,0
20260309,1331,263717,7,0
20260309,1331,263701,7,0
20260309,1331,260957,7,0
20260309,1331,261021,7,0
20260309,1331,260742,7,0
20260309,1343,260993,7,0
20260309,1343,259964,7,0
20260309,1343,222158,7,0
20260309,1343,221315,7,0
20260309,1347,252494,7,0
20260309,1347,238071,7,0
20260309,1347,260715,7,0
20260309,1347,267695,7,0
20260309,1347,265195,7,0
20260309,1352,202939,6,0
20260309,1353,264242,6,0
20260309,1354,264986,6,0
20260309,1354,220422,6,0
20260309,1356,215043,6,0
20260309,1357,269872,6,0
20260309,1358,270133,6,0
20260309,1358,215222,6,0
20260309,1360,270047,6,0
20260309,1360,260455,6,0
20260309,1362,263766,6,0
20260309,1362,222637,6,0
20260309,1362,223356,6,0
20260309,1362,259608,6,0
20260309,1366,256682,6,0
20260309,1366,260066,6,0
20260309,1366,266492,6,0
20260309,1366,222895,6,0
20260309,1366,222623,6,0
20260309,1366,220772,6,0
20260309,1366,221422,6,0
20260309,1366,221515,6,0
20260309,1366,222274,6,0
20260309,1366,222332,6,0
20260309,1366,222309,6,0
20260309,1366,205789,6,0
20260309,1366,216092,6,0
20260309,1366,216073,6,0
20260309,1366,266372,6,0
20260309,1366,260373,6,0
20260309,1366,260503,6,0
20260309,1366,260962,6,0
20260309,1366,260653,6,0
20260309,1366,260792,6,0
20260309,1366,267465,6,0
20260309,1366,267927,6,0
20260309,1388,266763,6,0
20260309,1389,222095,6,0
20260309,1389,223352,6,0
20260309,1391,237481,6,0
20260309,1391,222520,6,0
20260309,1391,220071,6,0
20260309,1391,216140,6,0
20260309,1391,267408,6,0
20260309,1396,201527,5,0
20260309,1397,201399,5,0
20260309,1397,269948,5,0
20260309,1399,270350,5,0
20260309,1400,270383,5,0
20260309,1400,270164,5,0
20260309,1400,267671,5,0
20260309,1400,267424,5,0
20260309,1400,267748,5,0
20260309,1400,266713,5,0
20260309,1400,266781,5,0
20260309,1400,267453,5,0
20260309,1400,264198,5,0
20260309,1400,264248,5,0
20260309,1400,263706,5,0
20260309,1400,263962,5,0
20260309,1400,260974,5,0
20260309,1400,201672,5,0
20260309,1400,215174,5,0
20260309,1400,223452,5,0
20260309,1400,231641,5,0
20260309,1400,221963,5,0
20260309,1400,239172,5,0
20260309,1400,233729,5,0
20260309,1400,246489,5,0
20260309,1400,245076,5,0
20260309,1400,259887,5,0
20260309,1400,258195,5,0
20260309,1424,230121,5,0
20260309,1424,223006,5,0
20260309,1424,221346,5,0
20260309,1424,222161,5,0
20260309,1424,264252,5,0
20260309,1424,260393,5,0
20260309,1424,260464,5,0
20260309,1424,263809,5,0
20260309,1432,264229,5,0
20260309,1432,269757,5,0
20260309,1432,220469,5,0
20260309,1432,215430,5,0
20260309,1432,260723,5,0
20260309,1432,222180,5,0
20260309,1432,238205,5,0
20260309,1432,259569,5,0
20260309,1432,259614,5,0
20260309,1432,252565,5,0
20260309,1442,221988,4,0
20260309,1442,265610,4,0
20260309,1444,270154,4,0
20260309,1444,267083,4,0
20260309,1444,260178,4,0
20260309,1444,260893,4,0
20260309,1444,261129,4,0
20260309,1444,220687,4,0
20260309,1444,221222,4,0
20260309,1444,254770,4,0
20260309,1444,259719,4,0
20260309,1444,222602,4,0
20260309,1444,223268,4,0
20260309,1455,260479,4,0
20260309,1455,223371,4,0
20260309,1455,255666,4,0
20260309,1455,252487,4,0
20260309,1455,241003,4,0
20260309,1455,241018,4,0
20260309,1455,242450,4,0
20260309,1455,221520,4,0
20260309,1455,260779,4,0
20260309,1455,260709,4,0
20260309,1455,264243,4,0
20260309,1455,264998,4,0
20260309,1455,263838,4,0
20260309,1455,266849,4,0
20260309,1455,266700,4,0
20260309,1455,266593,4,0
20260309,1455,267732,4,0
20260309,1455,269753,4,0
20260309,1455,269773,4,0
20260309,1455,270066,4,0
20260309,1475,202453,3,0
20260309,1475,213596,3,0
20260309,1477,264086,3,0
20260309,1479,266892,3,0
20260309,1479,260867,3,0
20260309,1479,240163,3,0
20260309,1479,256711,3,0
20260309,1483,259803,3,0
20260309,1483,259990,3,0
20260309,1483,244077,3,0
20260309,1483,246480,3,0
20260309,1483,249668,3,0
20260309,1483,223071,3,0
20260309,1483,238084,3,0
20260309,1483,239157,3,0
20260309,1483,221979,3,0
20260309,1483,235155,3,0
20260309,1483,236989,3,0
20260309,1483,223416,3,0
20260309,1483,234223,3,0
20260309,1483,234506,3,0
20260309,1483,222845,3,0
20260309,1483,221207,3,0
20260309,1483,213898,3,0
20260309,1483,213827,3,0
20260309,1483,219697,3,0
20260309,1483,216198,3,0
20260309,1483,220790,3,0
20260309,1483,214891,3,0
20260309,1483,220934,3,0
20260309,1483,261092,3,0
20260309,1483,260940,3,0
20260309,1483,260238,3,0
20260309,1483,260443,3,0
20260309,1483,264139,3,0
20260309,1483,264068,3,0
20260309,1483,263666,3,0
20260309,1483,264980,3,0
20260309,1483,264270,3,0
20260309,1483,266463,3,0
20260309,1483,266591,3,0
20260309,1483,270139,3,0
20260309,1483,270258,3,0
20260309,1483,270117,3,0
20260309,1483,270207,3,0
20260309,1483,270109,3,0
20260309,1483,269775,3,0
20260309,1483,269769,3,0
20260309,1483,269878,3,0
20260309,1483,269937,3,0
20260309,1483,269797,3,0
20260309,1483,267937,3,0
20260309,1483,269718,3,0
20260309,1483,269732,3,0
20260309,1483,269267,3,0
20260309,1483,266805,3,0
20260309,1483,267493,3,0
20260309,1483,266852,3,0
20260309,201,256684,361,0
20260309,202,216566,359,0
20260309,203,247669,359,0
20260309,204,204431,356,0
20260309,205,214906,355,0
20260309,206,239389,346,0
20260309,207,214480,346,0
20260309,208,222156,346,0
20260309,209,202662,346,0
20260309,210,215453,344,0
20260309,211,213544,340,0
20260309,212,206007,338,0
20260309,213,223333,337,0
20260309,214,215988,334,0
20260309,215,203564,334,0
20260309,216,211539,331,0
20260309,217,214149,331,0
20260309,218,220446,330,0
20260309,219,216367,328,0
20260309,220,211901,321,0
20260309,221,222919,318,0
20260309,222,223323,316,0
20260309,223,216016,315,0
20260309,224,213873,313,0
20260309,225,223087,311,0
20260309,226,201613,308,0
20260309,227,236972,308,0
20260309,228,232447,307,0
20260309,229,210303,306,0
20260309,230,214826,306,0
20260309,231,216074,305,0
20260309,232,211552,303,0
20260309,233,206430,302,0
20260309,234,204411,301,0
20260309,235,264149,298,0
20260309,236,221004,298,0
20260309,237,214684,297,0
20260309,238,211344,295,0
20260309,239,221164,295,0
20260309,240,222980,295,0
20260309,241,214262,294,0
20260309,242,221018,294,0
20260309,243,260170,291,0
20260309,244,259685,289,0
20260309,245,215062,287,0
20260309,246,212303,286,0
20260309,247,214646,286,0
20260309,248,213779,285,0
20260309,249,221911,285,0
20260309,250,213620,285,0
20260309,251,222080,279,0
20260309,252,213706,279,0
20260309,253,214937,279,0
20260309,254,211643,278,0
20260309,255,215996,276,0
20260309,256,221073,276,0
20260309,257,220770,274,0
20260309,258,260664,274,0
20260309,259,238064,271,0
20260309,260,201606,270,0
20260309,261,201662,267,0
20260309,262,261972,266,0
20260309,263,201586,265,0
20260309,264,214386,263,0
20260309,265,221885,263,0
20260309,266,202460,262,0
20260309,267,203463,262,0
20260309,268,215042,260,0
20260309,269,214236,260,0
20260309,270,222506,255,0
20260309,271,214919,254,0
20260309,272,239392,254,0
20260309,273,211878,252,0
20260309,274,213908,252,0
20260309,275,213767,251,0
20260309,276,215807,247,0
20260309,277,221243,247,0
20260309,278,260203,244,0
20260309,279,221209,243,0
20260309,280,215614,242,0
20260309,281,259871,242,0
20260309,282,216213,240,0
20260309,283,260598,240,0
20260309,284,261963,239,0
20260309,285,221512,239,0
20260309,286,221362,237,0
20260309,287,214081,235,0
20260309,288,222189,234,0
20260309,289,259883,232,0
20260309,290,206124,231,0
20260309,291,220757,230,0
20260309,292,256705,230,0
20260309,293,258199,228,0
20260309,294,215290,227,0
20260309,295,221905,224,0
20260309,296,201610,224,0
20260309,297,215898,219,0
20260309,298,201555,219,0
20260309,299,213789,218,0
20260309,300,221434,217,0
20260309,301,259758,217,0
20260309,302,211846,216,0
20260309,303,221099,216,0
20260309,304,215501,215,0
20260309,305,246493,215,0
20260309,306,216116,214,0
20260309,307,220489,213,0
20260309,308,220718,212,0
20260309,309,206194,210,0
20260309,310,211844,209,0
20260309,311,221411,209,0
20260309,312,220432,209,0
20260309,313,239438,209,0
20260309,314,222397,208,0
20260309,315,259857,207,0
20260309,316,214189,207,0
20260309,317,214521,206,0
20260309,318,260761,205,0
20260309,319,221395,205,0
20260309,320,215878,204,0
20260309,321,260581,204,0
20260309,322,215386,204,0
20260309,323,221191,201,0
20260309,324,221220,200,0
20260309,325,260765,199,0
20260309,326,222944,198,0
20260309,327,215314,197,0
20260309,328,220589,196,0
20260309,329,214219,196,0
20260309,330,264075,196,0
20260309,331,211342,196,0
20260309,332,215077,195,0
20260309,333,215726,194,0
20260309,334,260168,193,0
20260309,335,215820,192,0
20260309,336,222559,190,0
20260309,337,246478,190,0
20260309,338,221014,190,0
20260309,339,221382,189,0
20260309,340,220735,188,0
20260309,341,222675,188,0
20260309,342,206345,188,0
20260309,343,222965,186,0
20260309,344,221486,186,0
20260309,345,211411,185,0
20260309,346,239476,185,0
20260309,347,231639,184,0
20260309,348,266376,184,0
20260309,349,256673,183,0
20260309,350,221104,183,0
20260309,351,223410,182,0
20260309,352,262891,182,0
20260309,353,201483,181,0
20260309,354,201329,180,0
20260309,355,206374,180,0
20260309,356,221159,180,0
20260309,357,220781,177,0
20260309,358,236956,177,0
20260309,359,215840,176,0
20260309,360,210847,176,0
20260309,361,266622,176,0
20260309,362,223302,175,0
20260309,363,220808,174,0
20260309,364,213949,174,0
20260309,365,221768,174,0
20260309,366,259853,174,0
20260309,367,221213,173,0
20260309,368,211920,173,0
20260309,369,202688,173,0
20260309,370,211765,171,0
20260309,371,203475,171,0
20260309,372,213657,171,0
20260309,373,259794,170,0
20260309,374,213821,169,0
20260309,375,239397,167,0
20260309,376,221178,167,0
20260309,377,203435,167,0
20260309,378,215592,167,0
20260309,379,201666,167,0
20260309,380,216385,167,0
20260309,381,211529,167,0
20260309,382,222296,165,0
20260309,383,252495,165,0
20260309,384,214301,163,0
20260309,385,214546,162,0
20260309,386,221096,161,0
20260309,387,221000,161,0
20260309,388,214992,161,0
20260309,389,206362,161,0
20260309,390,219887,161,0
20260309,391,220364,161,0
20260309,392,221364,160,0
20260309,393,246481,159,0
20260309,394,221265,159,0
20260309,395,260541,159,0
20260309,396,214930,159,0
20260309,397,232881,158,0
20260309,398,215588,157,0
20260309,399,216139,157,0
20260309,400,235159,155,0
20260309,401,215550,155,0
20260309,402,215566,155,0
20260309,403,211820,153,0
20260309,404,221023,152,0
20260309,405,260510,152,0
20260309,406,221789,152,0
20260309,407,260006,151,0
20260309,408,211063,151,0
20260309,409,202410,151,0
20260309,410,213734,150,0
20260309,411,264187,149,0
20260309,412,206255,148,0
20260309,413,210705,148,0
20260309,414,260171,148,0
20260309,415,260913,147,0
20260309,416,211874,147,0
20260309,417,213974,147,0
20260309,418,252493,146,0
20260309,419,260206,146,0
20260309,420,220513,146,0
20260309,421,203281,145,0
20260309,422,214862,144,0
20260309,423,254733,143,0
20260309,424,216324,143,0
20260309,425,215468,142,0
20260309,426,252587,141,0
20260309,427,213849,141,0
20260309,428,220673,141,0
20260309,429,215166,141,0
20260309,430,222276,141,0
20260309,431,221187,140,0
20260309,432,220554,137,0
20260309,433,213837,137,0
20260309,434,211329,137,0
20260309,435,215431,136,0
20260309,436,221945,136,0
20260309,437,213753,136,0
20260309,438,223415,135,0
20260309,439,214653,135,0
20260309,440,216253,134,0
20260309,441,211756,132,0
20260309,442,220598,132,0
20260309,443,221031,130,0
20260309,444,216095,130,0
20260309,445,203288,129,0
20260309,446,264228,129,0
20260309,447,215064,128,0
20260309,448,214839,127,0
20260309,449,204427,127,0
20260309,450,221242,127,0
20260309,451,266450,126,0
20260309,452,201614,125,0
20260309,453,221247,125,0
20260309,454,221157,125,0
20260309,455,239156,125,0
20260309,456,220613,125,0
20260309,457,215018,124,0
20260309,458,216579,124,0
20260309,459,260951,124,0
20260309,460,222454,124,0
20260309,461,221229,124,0
20260309,462,239442,123,0
20260309,463,219625,123,0
20260309,464,222171,121,0
20260309,465,215459,121,0
20260309,466,201616,120,0
20260309,467,259591,120,0
20260309,468,261038,120,0
20260309,469,221369,120,0
20260309,470,220502,117,0
20260309,471,204394,117,0
20260309,472,264227,116,0
20260309,473,245077,116,0
20260309,474,221020,116,0
20260309,475,222891,116,0
20260309,476,247647,115,0
20260309,477,216162,115,0
20260309,478,220164,115,0
20260309,479,236967,114,0
20260309,480,259916,114,0
20260309,481,269714,114,0
20260309,482,214507,113,0
20260309,483,260763,113,0
20260309,484,221168,113,0
20260309,485,203578,113,0
20260309,486,203513,113,0
20260309,487,221443,112,0
20260309,488,216044,112,0
20260309,489,267420,112,0
20260309,490,213771,112,0
20260309,491,260667,111,0
20260309,492,260714,111,0
20260309,493,202619,111,0
20260309,494,223141,111,0
20260309,495,221181,110,0
20260309,496,240998,110,0
20260309,497,220447,109,0
20260309,498,222092,109,0
20260309,499,222458,109,0
20260309,500,223100,109,0
20260309,501,221086,108,0
20260309,502,260514,108,0
20260309,503,260539,108,0
20260309,504,221982,107,0
20260309,505,270058,107,0
20260309,506,221259,107,0
20260309,507,220827,107,0
20260309,508,244087,107,0
20260309,509,211646,107,0
20260309,510,220306,106,0
20260309,511,222273,106,0
20260309,512,231625,106,0
20260309,513,260647,106,0
20260309,514,213947,105,0
20260309,515,216268,105,0
20260309,516,211809,104,0
20260309,517,216173,103,0
20260309,518,222297,102,0
20260309,519,214741,102,0
20260309,520,220842,102,0
20260309,521,264967,102,0
20260309,522,216160,102,0
20260309,523,260565,102,0
20260309,524,222859,102,0
20260309,525,233742,101,0
20260309,526,215733,101,0
20260309,527,214600,101,0
20260309,528,214418,101,0
20260309,529,216075,101,0
20260309,530,221952,101,0
20260309,531,222986,101,0
20260309,532,222369,100,0
20260309,533,252488,100,0
20260309,534,265197,100,0
20260309,535,216331,100,0
20260309,536,215971,100,0
20260309,537,201611,99,0
20260309,538,263872,99,0
20260309,539,211328,99,0
20260309,540,201549,98,0
20260309,541,259967,98,0
20260309,542,261049,98,0
20260309,543,221109,98,0
20260309,544,214271,98,0
20260309,545,201520,96,0
20260309,546,211719,96,0
20260309,547,214779,96,0
20260309,548,256712,96,0
20260309,549,201554,95,0
20260309,550,220351,95,0
20260309,551,214505,95,0
20260309,552,220560,94,0
20260309,553,220946,94,0
20260309,554,200748,93,0
20260309,555,214319,93,0
20260309,556,216076,93,0
20260309,557,257874,93,0
20260309,558,221657,93,0
20260309,559,222837,92,0
20260309,560,215398,92,0
20260309,561,216007,92,0
20260309,562,269755,92,0
20260309,563,260296,91,0
20260309,564,213998,91,0
20260309,565,266864,91,0
20260309,566,260142,90,0
20260309,567,215802,90,0
20260309,568,202921,90,0
20260309,569,202454,90,0
20260309,570,214238,89,0
20260309,571,260847,89,0
20260309,572,261071,89,0
20260309,573,263881,88,0
20260309,574,201524,87,0
20260309,575,259690,87,0
20260309,576,259913,87,0
20260309,577,260446,87,0
20260309,578,219892,87,0
20260309,579,202434,86,0
20260309,580,211668,85,0
20260309,581,206219,84,0
20260309,582,221834,84,0
20260309,583,220429,84,0
20260309,584,260613,84,0
20260309,585,203591,83,0
20260309,586,211222,83,0
20260309,587,263853,83,0
20260309,588,260737,83,0
20260309,589,206248,83,0
20260309,590,221959,83,0
20260309,591,215259,82,0
20260309,592,210138,82,0
20260309,593,214091,82,0
20260309,594,215151,81,0
20260309,595,221116,81,0
20260309,596,264144,81,0
20260309,597,222347,81,0
20260309,598,230880,81,0
20260309,599,221914,81,0
20260309,600,260339,80,0
20260309,601,264064,79,0
20260309,602,215832,79,0
20260309,603,230882,79,0
20260309,604,260490,79,0
20260309,605,221454,79,0
20260309,606,260966,78,0
20260309,607,265701,78,0
20260309,608,216186,78,0
20260309,609,241717,78,0
20260309,610,214868,78,0
20260309,611,215778,78,0
20260309,612,260445,78,0
20260309,613,260708,78,0
20260309,614,239393,78,0
20260309,615,220550,77,0
20260309,616,220496,77,0
20260309,617,221497,77,0
20260309,618,223203,76,0
20260309,619,213772,76,0
20260309,620,261015,76,0
20260309,621,215472,76,0
20260309,622,214007,76,0
20260309,623,221473,75,0
20260309,624,215013,75,0
20260309,625,236980,75,0
20260309,626,225858,74,0
20260309,627,215163,74,0
20260309,628,214909,74,0
20260309,629,228909,74,0
20260309,630,214212,74,0
20260309,631,203354,73,0
20260309,632,216051,73,0
20260309,633,260787,73,0
20260309,634,216062,73,0
20260309,635,267882,73,0
20260309,636,266448,73,0
20260309,637,264192,72,0
20260309,638,266469,72,0
20260309,639,206406,72,0
20260309,640,202430,72,0
20260309,641,222878,72,0
20260309,642,222390,72,0
20260309,643,214540,72,0
20260309,644,220597,71,0
20260309,645,254765,71,0
20260309,646,221003,71,0
20260309,647,252535,71,0
20260309,648,266901,70,0
20260309,649,210526,70,0
20260309,650,222481,70,0
20260309,651,260141,70,0
20260309,652,252531,69,0
20260309,653,221141,69,0
20260309,654,215909,69,0
20260309,655,202536,68,0
20260309,656,266800,68,0
20260309,657,215806,68,0
20260309,658,263909,68,0
20260309,659,220672,68,0
20260309,660,259567,67,0
20260309,661,214872,67,0
20260309,662,259754,67,0
20260309,663,241714,67,0
20260309,664,210537,67,0
20260309,665,220891,67,0
20260309,666,267382,66,0
20260309,667,252571,66,0
20260309,668,222037,66,0
20260309,669,215921,65,0
20260309,670,215545,65,0
20260309,671,221165,65,0
20260309,672,266937,64,0
20260309,673,206075,64,0
20260309,674,263869,63,0
20260309,675,213672,63,0
20260309,676,214935,63,0
20260309,677,220392,63,0
20260309,678,202672,62,0
20260309,679,221886,62,0
20260309,680,211269,61,0
20260309,681,206102,61,0
20260309,682,233747,61,0
20260309,683,259575,61,0
20260309,684,221062,61,0
20260309,685,260254,61,0
20260309,686,204294,60,0
20260309,687,221465,60,0
20260309,688,245094,60,0
20260309,689,234474,60,0
20260309,690,239386,59,0
20260309,691,221994,59,0
20260309,692,266431,59,0
20260309,693,260694,59,0
20260309,694,213739,58,0
20260309,695,264130,58,0
20260309,696,260225,58,0
20260309,697,221370,58,0
20260309,698,220497,58,0
20260309,699,203500,57,0
20260309,700,213896,57,0
20260309,701,216038,57,0
20260309,702,223120,57,0
20260309,703,260368,57,0
20260309,704,266488,57,0
20260309,705,202580,56,0
20260309,706,259820,56,0
20260309,707,252509,56,0
20260309,708,260766,56,0
20260309,709,261097,56,0
20260309,710,258191,56,0
20260309,711,213551,55,0
20260309,712,225854,55,0
20260309,713,220740,55,0
20260309,714,269870,55,0
20260309,715,237454,55,0
20260309,716,222667,54,0
20260309,717,239422,54,0
20260309,718,263941,54,0
20260309,719,220645,54,0
20260309,720,204223,53,0
20260309,721,222184,53,0
20260309,722,221469,53,0
20260309,723,214713,53,0
20260309,724,221192,53,0
20260309,725,215707,53,0
20260309,726,222346,53,0
20260309,727,264207,53,0
20260309,728,216587,52,0
20260309,729,214020,52,0
20260309,730,215019,52,0
20260309,731,235161,52,0
20260309,732,270076,52,0
20260309,733,220494,52,0
20260309,734,220053,52,0
20260309,735,260101,51,0
20260309,736,202464,51,0
20260309,737,265688,51,0
20260309,738,220578,51,0
20260309,739,266642,51,0
20260309,740,265692,51,0
20260309,741,239158,51,0
20260309,742,260032,51,0
20260309,743,264205,50,0
20260309,744,270080,50,0
20260309,745,233718,50,0
20260309,746,216180,50,0
20260309,747,201506,49,0
20260309,748,216262,49,0
20260309,749,260762,49,0
20260309,750,260273,49,0
20260309,751,206335,48,0
20260309,752,260848,48,0
20260309,753,220453,48,0
20260309,754,221746,48,0
20260309,755,221864,48,0
20260309,756,260214,48,0
20260309,757,215505,48,0
20260309,758,221903,47,0
20260309,759,220997,47,0
20260309,760,269717,46,0
20260309,761,266682,46,0
20260309,762,220684,46,0
20260309,763,239454,46,0
20260309,764,267651,46,0
20260309,765,201518,45,0
20260309,766,260042,45,0
20260309,767,239387,45,0
20260309,768,216316,45,0
20260309,769,270061,45,0
20260309,770,221568,45,0
20260309,771,267428,44,0
20260309,772,214877,44,0
20260309,773,206060,44,0
20260309,774,204309,44,0
20260309,775,222330,44,0
20260309,776,216013,44,0
20260309,777,221474,44,0
20260309,778,211544,44,0
20260309,779,222299,44,0
20260309,780,201585,43,0
20260309,781,266771,43,0
20260309,782,223402,43,0
20260309,783,260582,43,0
20260309,784,260638,42,0
20260309,785,263148,42,0
20260309,786,210158,42,0
20260309,787,263626,42,0
20260309,788,211541,42,0
20260309,789,220491,42,0
20260309,790,215966,42,0
20260309,791,216256,42,0
20260309,792,254748,41,0
20260309,793,222255,41,0
20260309,794,223373,41,0
20260309,795,259858,41,0
20260309,796,221773,41,0
20260309,797,216158,41,0
20260309,798,228910,41,0
20260309,799,211951,40,0
20260309,800,214535,40,0
20260309,801,206108,40,0
20260309,802,202693,40,0
20260309,803,222305,40,0
20260309,804,215879,39,0
20260309,805,215693,39,0
20260309,806,215134,39,0
20260309,807,267176,39,0
20260309,808,260003,39,0
20260309,809,263995,38,0
20260309,810,214696,38,0
20260309,811,220713,38,0
20260309,812,260167,38,0
20260309,813,264973,38,0
20260309,814,222262,38,0
20260309,815,216107,38,0
20260309,816,214934,38,0
20260309,817,221585,38,0
20260309,818,266381,37,0
20260309,819,230876,37,0
20260309,820,266851,37,0
20260309,821,215697,37,0
20260309,822,221195,37,0
20260309,823,203509,37,0
20260309,824,219979,37,0
20260309,825,202446,36,0
20260309,826,260845,36,0
20260309,827,221468,36,0
20260309,828,221219,36,0
20260309,829,264978,36,0
20260309,830,220642,36,0
20260309,831,264151,35,0
20260309,832,264961,35,0
20260309,833,222000,35,0
20260309,834,216078,35,0
20260309,835,259996,35,0
20260309,836,260226,35,0
20260309,837,266407,35,0
20260309,838,203537,35,0
20260309,839,223326,35,0
20260309,840,220591,35,0
20260309,841,260277,35,0
20260309,842,258192,35,0
20260309,843,223418,35,0
20260309,844,211864,34,0
20260309,845,270082,34,0
20260309,846,239446,34,0
20260309,847,269864,34,0
20260309,848,221509,34,0
20260309,849,264167,34,0
20260309,850,215015,34,0
20260309,851,234481,34,0
20260309,852,222668,34,0
20260309,853,260612,33,0
20260309,854,263974,33,0
20260309,855,260017,33,0
20260309,856,214771,33,0
20260309,857,220614,33,0
20260309,858,266529,33,0
20260309,859,221173,33,0
20260309,860,253681,32,0
20260309,861,213721,32,0
20260309,862,270195,32,0
20260309,863,264085,32,0
20260309,864,211511,32,0
20260309,865,267400,32,0
20260309,866,210672,32,0
20260309,867,223421,32,0
20260309,868,264131,32,0
20260309,869,260062,32,0
20260309,869,214605,32,0
20260309,871,206336,32,0
20260309,872,266758,32,0
20260309,873,266455,31,0
20260309,874,222367,31,0
20260309,875,221139,31,0
20260309,876,215440,31,0
20260309,877,222028,31,0
20260309,878,260860,31,0
20260309,879,270078,31,0
20260309,880,239453,31,0
20260309,881,220493,31,0
20260309,882,201540,30,0
20260309,883,201582,30,0
20260309,884,267104,30,0
20260309,885,269866,30,0
20260309,886,260767,30,0
20260309,887,221221,30,0
20260309,888,263801,30,0
20260309,889,222294,30,0
20260309,890,223146,30,0
20260309,891,221210,29,0
20260309,892,222856,29,0
20260309,893,268770,29,0
20260309,894,222223,29,0
20260309,895,202639,29,0
20260309,896,213976,29,0
20260309,897,225850,29,0
20260309,898,263980,29,0
20260309,899,260279,29,0
20260309,900,259965,29,0
20260309,901,214800,28,0
20260309,902,221862,28,0
20260309,903,259762,28,0
20260309,904,211921,28,0
20260309,905,266509,28,0
20260309,906,221741,28,0
20260309,907,214901,28,0
20260309,908,235160,28,0
20260309,909,215177,28,0
20260309,910,220825,27,0
20260309,911,263677,27,0
20260309,912,222421,27,0
20260309,913,210645,27,0
20260309,914,255662,27,0
20260309,915,221203,27,0
20260309,916,267115,26,0
20260309,917,261957,26,0
20260309,918,222137,26,0
20260309,919,220690,26,0
20260309,920,215795,26,0
20260309,921,256686,26,0
20260309,922,220695,26,0
20260309,923,260433,26,0
20260309,924,214519,26,0
20260309,925,210913,25,0
20260309,926,213830,25,0
20260309,927,260338,25,0
20260309,928,260374,25,0
20260309,929,213948,25,0
20260309,930,214405,24,0
20260309,931,213541,24,0
20260309,932,223163,24,0
20260309,933,215096,24,0
20260309,934,213775,24,0
20260309,935,223080,24,0
20260309,936,220470,24,0
20260309,937,220875,24,0
20260309,938,260528,24,0
20260309,938,264029,24,0
20260309,940,260100,24,0
20260309,941,267841,24,0
20260309,942,245079,24,0
20260309,943,241745,24,0
20260309,944,221542,24,0
20260309,945,202596,23,0
20260309,946,215970,23,0
20260309,947,263751,23,0
20260309,948,219983,23,0
20260309,949,267409,23,0
20260309,950,265040,23,0
20260309,951,220492,23,0
20260309,952,215492,23,0
20260309,953,246518,23,0
20260309,954,239102,22,0
20260309,955,221624,22,0
20260309,956,221150,22,0
20260309,957,266645,22,0
20260309,958,260150,22,0
20260309,959,263622,22,0
20260309,960,264069,22,0
20260309,961,270125,22,0
20260309,962,252586,22,0
20260309,963,270165,22,0
20260309,964,219331,22,0
20260309,965,220276,22,0
20260309,966,205815,21,0
20260309,967,212043,21,0
20260309,968,222225,21,0
20260309,969,260914,21,0
20260309,970,221410,21,0
20260309,971,222762,21,0
20260309,972,267422,21,0
20260309,973,223375,21,0
20260309,974,221440,21,0
20260309,975,267022,21,0
20260309,976,221413,21,0
20260309,977,270129,21,0
20260309,978,264150,21,0
20260309,979,264216,21,0
20260309,980,253679,21,0
20260309,981,239160,21,0
20260309,982,261098,21,0
20260309,983,204434,20,0
20260309,984,269253,20,0
20260309,985,269954,20,0
20260309,986,259989,20,0
20260309,987,202858,20,0
20260309,988,214182,20,0
20260309,989,266379,20,0
20260309,990,216311,20,0
20260309,991,221025,20,0
20260309,992,239478,20,0
20260309,993,267431,20,0
20260309,994,259907,20,0
20260309,995,259854,19,0
20260309,996,239390,19,0
20260309,997,260888,19,0
20260309,998,264180,19,0
20260309,999,221915,19,0
20260309,1000,215065,19,0
20260316,1,214544,11025,20
20260316,2,214981,7783,22
20260316,3,216347,7413,20
20260316,4,221103,6748,20
20260316,5,202468,6678,22
20260316,6,216153,6180,21
20260316,7,211148,4232,20
20260316,8,202494,4020,16
20260316,9,239475,3351,21
20260316,10,259799,3066,20
20260316,11,206420,2918,26
20260316,12,202505,2803,19
20260316,13,222328,2801,23
20260316,14,214096,2668,16
20260316,15,211768,2434,21
20260316,16,220704,2095,24
20260316,17,260300,2070,21
20260316,18,201619,2026,19
20260316,19,210722,1936,22
20260316,20,223670,1898,25
20260316,21,214939,1868,22
20260316,22,214643,1845,23
20260316,23,221054,1680,23
20260316,24,211533,1655,21
20260316,25,220367,1598,27
20260316,26,221012,1553,15
20260316,27,215613,1550,27
20260316,28,216146,1528,18
20260316,29,223253,1525,28
20260316,30,213710,1446,27
20260316,31,233741,1445,29
20260316,32,213631,1425,24
20260316,33,206289,1410,25
20260316,34,216133,1383,25
20260316,35,201514,1374,23
20260316,36,211713,1367,26
20260316,37,211684,1348,24
20260316,38,222391,1345,21
20260316,39,215983,1333,27
20260316,40,222145,1330,27
20260316,41,239383,1326,20
20260316,42,211701,1324,23
20260316,43,214954,1263,14
20260316,44,220714,1255,28
20260316,45,221024,1244,25
20260316,46,213550,1242,26
20260316,47,220548,1237,20
20260316,48,222601,1227,24
20260316,49,238184,1217,18
20260316,50,202663,1209,24
20260316,51,220520,1168,26
20260316,52,206252,1156,18
20260316,53,201696,1143,20
20260316,54,215035,1140,24
20260316,55,222045,1111,27
20260316,56,222661,1107,22
20260316,57,206368,1090,18
20260316,58,215785,1071,26
20260316,59,213583,1069,35
20260316,60,219875,1047,26
20260316,61,201533,1036,24
20260316,62,221039,1021,30
20260316,63,221333,1000,24
20260316,64,214082,987,23
20260316,65,214388,986,28
20260316,66,220716,960,29
20260316,67,211107,957,23
20260316,68,221883,950,32
20260316,69,206242,942,25
20260316,70,214040,915,31
20260316,71,221407,912,27
20260316,72,216083,903,26
20260316,73,211817,900,23
20260316,74,220435,899,33
20260316,75,201709,896,26
20260316,76,238075,896,29
20260316,77,220332,893,23
20260316,78,220416,883,30
20260316,79,221909,879,24
20260316,80,203501,874,11
20260316,81,201548,872,26
20260316,82,215872,869,33
20260316,83,220309,866,27
20260316,84,203530,864,24
20260316,85,211814,864,32
20260316,86,230870,845,26
20260316,87,213646,842,27
20260316,88,215899,842,29
20260316,89,223286,841,30
20260316,90,213887,825,30
20260316,91,220662,821,29
20260316,92,215020,820,28
20260316,93,215936,815,22
20260316,94,215337,811,21
20260316,95,220465,811,27
20260316,96,215713,810,21
20260316,97,215910,804,35
20260316,98,215219,803,23
20260316,99,203389,800,14
20260316,100,211651,797,18
20260316,101,223360,794,21
20260316,102,220348,788,27
20260316,103,221985,786,30
20260316,104,243420,766,30
20260316,105,219917,764,33
20260316,106,222290,761,29
20260316,107,210886,759,29
20260316,108,263857,751,33
20260316,109,215306,746,29
20260316,110,220750,737,24
20260316,111,215138,735,24
20260316,112,211337,734,30
20260316,113,214119,730,23
20260316,114,201499,716,16
20260316,115,260172,708,16
20260316,116,205925,701,26
20260316,117,202499,697,23
20260316,118,221307,697,18
20260316,119,215480,694,29
20260316,120,221257,690,31
20260316,121,222258,685,23
20260316,122,211685,680,26
20260316,123,206417,665,33
20260316,124,206294,664,24
20260316,125,252499,643,24
20260316,126,222233,629,19
20260316,127,211843,625,16
20260316,128,216081,621,24
20260316,129,222966,613,27
20260316,130,214461,604,24
20260316,131,203514,602,32
20260316,132,239456,602,28
20260316,133,259733,591,27
20260316,134,221124,588,27
20260316,135,221406,579,28
20260316,136,220466,574,19
20260316,137,211880,572,23
20260316,138,214452,571,25
20260316,139,213666,569,25
20260316,140,201551,560,36
20260316,141,220742,552,31
20260316,142,202684,549,21
20260316,143,214593,540,27
20260316,144,236957,540,27
20260316,145,221626,537,19
20260316,146,215370,534,19
20260316,147,263644,532,18
20260316,148,223321,519,28
20260316,149,223194,497,27
20260316,150,221237,494,26
20260316,151,215572,493,27
20260316,152,214459,490,32
20260316,153,221236,490,26
20260316,154,220722,484,31
20260316,155,201478,478,36
20260316,156,213889,476,21
20260316,157,222017,473,27
20260316,158,223325,471,22
20260316,159,267439,464,25
20260316,160,215992,462,29
20260316,161,213576,461,28
20260316,162,202604,459,34
20260316,163,202600,457,25
20260316,164,215037,448,24
20260316,165,202493,446,34
20260316,166,221803,440,27
20260316,167,214604,436,31
20260316,168,215571,434,29
20260316,169,211316,431,28
20260316,170,210622,422,27
20260316,171,201593,420,8
20260316,172,220733,420,29
20260316,173,216097,416,27
20260316,174,266671,412,20
20260316,175,236955,410,25
20260316,176,211279,409,25
20260316,177,211702,408,27
20260316,178,215946,407,25
20260316,179,223168,400,21
20260316,180,220699,396,28
20260316,181,213525,394,14
20260316,182,216265,394,27
20260316,183,214181,393,25
20260316,184,201621,391,30
20260316,185,211227,387,24
20260316,186,201545,385,16
20260316,187,223331,384,13
20260316,188,215250,383,19
20260316,189,223335,383,23
20260316,190,216055,383,27
20260316,191,211635,382,31
20260316,192,206292,378,23
20260316,193,223333,378,34
20260316,194,216566,377,14
20260316,195,201458,375,7
20260316,196,220680,375,22
20260316,197,220454,370,25
20260316,198,211095,368,16
20260316,199,214254,368,30
20260316,200,221354,367,26
20260316,1001,270181,19,4
20260316,1002,260297,19,4
20260316,1003,222202,19,5
20260316,1004,221463,19,6
20260316,1005,261066,19,6
20260316,1006,266765,19,7
20260316,1007,266533,19,7
20260316,1008,259981,19,8
20260316,1009,260224,19,8
20260316,1010,260261,19,9
20260316,1011,259105,19,11
20260316,1012,221740,19,11
20260316,1013,259854,18,8
20260316,1014,212043,18,10
20260316,1015,266651,18,6
20260316,1016,215696,18,11
20260316,1017,264975,18,2
20260316,1018,223160,18,2
20260316,1019,260306,18,3
20260316,1020,221371,18,3
20260316,1021,259576,18,4
20260316,1021,269275,18,4
20260316,1023,270159,18,4
20260316,1024,220391,18,4
20260316,1025,252584,18,7
20260316,1026,267449,18,8
20260316,1027,221736,18,8
20260316,1028,215616,18,9
20260316,1029,222177,18,10
20260316,1030,265207,17,6
20260316,1031,221069,17,10
20260316,1032,211260,17,2
20260316,1033,269710,17,2
20260316,1033,211021,17,2
20260316,1035,270320,17,3
20260316,1036,223398,17,4
20260316,1037,201481,17,4
20260316,1038,264073,17,4
20260316,1039,266720,17,5
20260316,1040,214784,17,6
20260316,1041,224485,17,6
20260316,1041,219983,17,6
20260316,1043,266523,17,6
20260316,1044,260871,17,6
20260316,1045,215236,17,7
20260316,1046,215926,17,7
20260316,1047,221055,17,8
20260316,1048,239449,17,9
20260316,1049,221148,17,9
20260316,1050,249659,17,9
20260316,1051,260323,17,10
20260316,1051,215712,17,10
20260316,1053,211043,16,8
20260316,1054,261964,16,9
20260316,1055,266722,16,7
20260316,1056,220297,16,9
20260316,1057,246476,16,9
20260316,1058,259713,16,6
20260316,1059,260842,16,2
20260316,1059,270322,16,2
20260316,1061,202639,16,5
20260316,1062,239474,16,5
20260316,1063,260777,16,5
20260316,1064,260398,16,6
20260316,1065,259797,16,6
20260316,1066,223411,16,7
20260316,1067,223284,16,8
20260316,1068,261082,16,8
20260316,1069,202387,16,8
20260316,1070,214398,16,8
20260316,1071,267425,16,9
20260316,1072,267932,16,9
20260316,1073,270262,15,1
20260316,1074,221441,15,6
20260316,1075,270100,15,4
20260316,1076,213830,15,7
20260316,1077,205964,15,1
20260316,1078,202669,15,2
20260316,1079,267534,15,2
20260316,1080,223399,15,3
20260316,1081,222137,15,3
20260316,1082,270091,15,4
20260316,1083,269772,15,5
20260316,1084,262883,15,5
20260316,1085,252519,15,6
20260316,1086,220564,15,6
20260316,1087,220286,15,6
20260316,1088,220551,15,6
20260316,1089,252582,15,7
20260316,1090,260717,15,7
20260316,1091,221310,15,7
20260316,1091,220689,15,7
20260316,1093,214277,15,7
20260316,1094,237465,15,8
20260316,1095,269254,15,8
20260316,1096,222376,15,8
20260316,1096,259113,15,8
20260316,1098,219444,15,9
20260316,1099,260085,15,9
20260316,1100,260556,15,10
20260316,1101,260580,14,2
20260316,1102,201565,14,2
20260316,1103,211285,14,8
20260316,1104,269259,14,3
20260316,1105,260711,14,4
20260316,1106,216225,14,6
20260316,1107,263808,14,10
20260316,1108,213584,14,3
20260316,1109,270019,14,3
20260316,1110,216340,14,4
20260316,1111,267180,14,4
20260316,1112,241715,14,5
20260316,1112,220436,14,5
20260316,1112,215970,14,5
20260316,1115,219872,14,5
20260316,1116,261968,14,6
20260316,1117,264505,14,7
20260316,1118,220492,14,7
20260316,1118,215372,14,7
20260316,1120,215467,14,7
20260316,1121,244079,14,8
20260316,1122,220048,14,8
20260316,1123,260984,14,8
20260316,1123,221158,14,8
20260316,1125,239126,14,9
20260316,1125,210645,14,9
20260316,1127,263676,14,10
20260316,1128,260400,14,11
20260316,1129,266549,14,12
20260316,1130,201318,13,1
20260316,1131,201539,13,5
20260316,1132,264962,13,6
20260316,1133,215721,13,7
20260316,1134,211407,13,2
20260316,1135,261278,13,2
20260316,1135,267920,13,2
20260316,1137,261008,13,3
20260316,1138,214746,13,3
20260316,1139,266629,13,4
20260316,1140,222509,13,4
20260316,1141,264280,13,4
20260316,1142,269734,13,5
20260316,1143,269835,13,6
20260316,1144,266541,13,6
20260316,1145,203370,13,7
20260316,1145,222734,13,7
20260316,1147,261104,13,7
20260316,1147,269801,13,7
20260316,1149,260185,13,7
20260316,1150,270065,13,7
20260316,1151,266795,13,7
20260316,1152,222748,13,8
20260316,1153,225861,13,8
20260316,1154,221013,13,8
20260316,1155,215735,12,7
20260316,1156,221933,12,8
20260316,1157,202478,12,6
20260316,1158,259739,12,7
20260316,1159,261132,12,8
20260316,1160,221688,12,1
20260316,1161,223159,12,2
20260316,1162,269838,12,2
20260316,1163,270132,12,3
20260316,1163,260926,12,3
20260316,1163,260631,12,3
20260316,1163,264510,12,3
20260316,1167,201431,12,3
20260316,1168,260693,12,3
20260316,1168,214019,12,3
20260316,1170,259590,12,4
20260316,1171,264107,12,5
20260316,1172,214460,12,5
20260316,1173,216315,12,6
20260316,1174,263889,12,8
20260316,1175,264226,12,8
20260316,1176,266409,12,8
20260316,1177,269872,11,6
20260316,1178,211592,11,7
20260316,1179,263905,11,7
20260316,1180,260827,11,1
20260316,1181,222557,11,2
20260316,1182,265628,11,3
20260316,1183,214503,11,4
20260316,1184,215353,11,4
20260316,1185,214450,11,4
20260316,1186,270274,11,4
20260316,1187,221377,11,5
20260316,1188,265020,11,5
20260316,1189,266374,11,6
20260316,1190,268772,11,7
20260316,1190,223435,11,7
20260316,1190,260583,11,7
20260316,1193,268778,11,7
20260316,1193,259998,11,7
20260316,1195,206161,11,7
20260316,1196,236968,11,8
20260316,1197,220563,11,10
20260316,1198,216381,11,11
20260316,1199,266383,10,4
20260316,1200,205562,10,7
20260316,1201,206205,10,9
20260316,1202,234490,10,1
20260316,1203,266378,10,2
20260316,1204,238209,10,2
20260316,1205,266476,10,3
20260316,1205,263858,10,3
20260316,1207,253665,10,3
20260316,1207,214860,10,3
20260316,1209,233725,10,3
20260316,1209,266819,10,3
20260316,1211,210702,10,3
20260316,1212,221621,10,4
20260316,1212,260604,10,4
20260316,1214,221375,10,4
20260316,1214,221913,10,4
20260316,1216,263940,10,4
20260316,1217,222032,10,4
20260316,1217,257867,10,4
20260316,1219,222223,10,4
20260316,1220,222215,10,5
20260316,1220,265713,10,5
20260316,1220,267387,10,5
20260316,1223,259914,10,5
20260316,1224,215854,10,5
20260316,1225,201691,10,6
20260316,1226,214974,10,6
20260316,1226,223198,10,6
20260316,1226,220394,10,6
20260316,1226,222213,10,6
20260316,1230,211600,10,7
20260316,1231,223389,10,7
20260316,1232,222318,10,7
20260316,1233,221258,10,8
20260316,1233,260378,10,8
20260316,1235,216405,10,8
20260316,1236,260774,10,9
20260316,1237,263775,9,6
20260316,1238,211779,9,6
20260316,1239,270302,9,6
20260316,1240,215085,9,3
20260316,1241,270266,9,3
20260316,1242,267734,9,4
20260316,1242,266543,9,4
20260316,1242,263625,9,4
20260316,1242,260622,9,4
20260316,1242,219874,9,4
20260316,1242,238068,9,4
20260316,1248,260674,9,4
20260316,1248,270194,9,4
20260316,1250,267441,9,4
20260316,1251,259769,9,5
20260316,1252,246484,9,5
20260316,1252,215647,9,5
20260316,1254,223153,9,5
20260316,1254,221371,9,5
20260316,1254,261094,9,5
20260316,1257,220512,9,5
20260316,1258,239484,9,6
20260316,1258,267435,9,6
20260316,1260,260828,9,7
20260316,1260,221771,9,7
20260316,1260,221524,9,7
20260316,1260,222613,9,7
20260316,1264,221197,9,9
20260316,1265,267545,8,3
20260316,1266,259104,8,4
20260316,1267,261133,8,5
20260316,1268,202443,8,5
20260316,1269,259849,8,3
20260316,1269,222377,8,3
20260316,1269,269943,8,3
20260316,1269,270072,8,3
20260316,1269,260839,8,3
20260316,1274,263981,8,3
20260316,1274,260159,8,3
20260316,1276,264063,8,3
20260316,1277,266467,8,4
20260316,1277,222847,8,4
20260316,1277,221940,8,4
20260316,1280,205492,8,4
20260316,1281,219754,8,4
20260316,1281,223397,8,4
20260316,1281,260122,8,4
20260316,1284,215161,8,5
20260316,1285,220633,8,5
20260316,1285,211208,8,5
20260316,1285,264252,8,5
20260316,1285,267723,8,5
20260316,1285,267722,8,5
20260316,1290,260742,8,6
20260316,1290,264966,8,6
20260316,1290,269906,8,6
20260316,1290,230120,8,6
20260316,1290,237467,8,6
20260316,1290,257881,8,6
20260316,1296,222158,8,6
20260316,1296,221315,8,6
20260316,1298,216156,8,7
20260316,1299,221269,8,8
20260316,1299,241735,8,8
20260316,1301,202440,7,4
20260316,1302,256710,7,7
20260316,1303,263978,7,5
20260316,1304,212034,7,5
20260316,1305,263890,7,3
20260316,1305,221030,7,3
20260316,1305,264275,7,3
20260316,1305,267473,7,3
20260316,1305,221248,7,3
20260316,1305,254760,7,3
20260316,1305,259579,7,3
20260316,1305,264274,7,3
20260316,1305,266406,7,3
20260316,1305,266686,7,3
20260316,1305,257898,7,3
20260316,1305,215956,7,3
20260316,1317,270281,7,3
20260316,1318,264215,7,3
20260316,1318,221214,7,3
20260316,1318,267423,7,3
20260316,1318,222606,7,3
20260316,1318,260091,7,3
20260316,1318,222061,7,3
20260316,1324,264138,7,4
20260316,1324,260204,7,4
20260316,1326,220289,7,4
20260316,1326,270186,7,4
20260316,1328,221083,7,5
20260316,1328,246485,7,5
20260316,1328,263701,7,5
20260316,1328,270115,7,5
20260316,1328,266532,7,5
20260316,1328,261021,7,5
20260316,1328,256682,7,5
20260316,1328,263717,7,5
20260316,1328,260881,7,5
20260316,1328,267462,7,5
20260316,1328,264114,7,5
20260316,1339,259964,7,5
20260316,1340,237481,7,7
20260316,1340,238071,7,7
20260316,1340,260715,7,7
20260316,1340,267695,7,7
20260316,1344,202939,6,3
20260316,1345,220422,6,6
20260316,1346,215043,6,4
20260316,1347,215222,6,6
20260316,1347,270133,6,6
20260316,1349,270047,6,3
20260316,1349,260455,6,3
20260316,1351,263766,6,3
20260316,1351,259608,6,3
20260316,1351,222637,6,3
20260316,1351,223356,6,3
20260316,1355,222332,6,4
20260316,1355,222309,6,4
20260316,1355,260653,6,4
20260316,1355,260066,6,4
20260316,1355,267465,6,4
20260316,1355,266492,6,4
20260316,1355,260792,6,4
20260316,1355,221422,6,4
20260316,1355,260373,6,4
20260316,1355,216073,6,4
20260316,1355,267927,6,4
20260316,1355,260962,6,4
20260316,1355,222274,6,4
20260316,1355,260503,6,4
20260316,1355,221515,6,4
20260316,1355,220772,6,4
20260316,1355,216092,6,4
20260316,1372,260993,6,4
20260316,1372,266763,6,4
20260316,1374,223352,6,5
20260316,1375,220071,6,6
20260316,1375,267408,6,6
20260316,1375,265195,6,6
20260316,1375,222520,6,6
20260316,1375,216140,6,6
20260316,1375,252494,6,6
20260316,1381,201527,5,3
20260316,1382,201399,5,4
20260316,1383,264986,5,5
20260316,1384,270350,5,3
20260316,1385,260974,5,3
20260316,1385,264248,5,3
20260316,1385,270164,5,3
20260316,1385,201672,5,3
20260316,1385,233729,5,3
20260316,1385,259887,5,3
20260316,1385,270383,5,3
20260316,1385,267748,5,3
20260316,1385,263706,5,3
20260316,1385,258195,5,3
20260316,1385,222895,5,3
20260316,1385,270237,5,3
20260316,1385,239172,5,3
20260316,1385,223452,5,3
20260316,1385,266781,5,3
20260316,1385,267424,5,3
20260316,1385,223452,5,3
20260316,1385,231641,5,3
20260316,1385,221963,5,3
20260316,1385,222623,5,3
20260316,1385,246489,5,3
20260316,1385,245076,5,3
20260316,1385,259887,5,3
20260316,1385,258195,5,3
20260316,1385,222895,5,3
20260316,1385,239172,5,3
20260316,1385,233729,5,3
20260316,1412,230121,5,4
20260316,1412,259803,5,4
20260316,1412,221222,5,4
20260316,1412,221346,5,4
20260316,1412,222095,5,4
20260316,1412,222161,5,4
20260316,1412,260893,5,4
20260316,1412,260393,5,4
20260316,1412,260464,5,4
20260316,1412,263809,5,4
20260316,1422,264229,5,5
20260316,1422,269757,5,5
20260316,1422,215430,5,5
20260316,1422,222180,5,5
20260316,1422,260723,5,5
20260316,1422,259569,5,5
20260316,1422,259614,5,5
20260316,1422,252565,5,5
20260316,1430,221988,4,4
20260316,1430,265610,4,4
20260316,1432,270154,4,3
20260316,1432,267083,4,3
20260316,1432,260178,4,3
20260316,1432,261129,4,3
20260316,1432,222602,4,3
20260316,1432,220687,4,3
20260316,1432,254770,4,3
20260316,1432,223006,4,3
20260316,1432,223268,4,3
20260316,1441,260479,4,4
20260316,1441,223416,4,4
20260316,1441,223371,4,4
20260316,1441,238205,4,4
20260316,1441,252487,4,4
20260316,1441,242450,4,4
20260316,1441,241003,4,4
20260316,1441,241018,4,4
20260316,1441,221520,4,4
20260316,1441,220469,4,4
20260316,1441,260779,4,4
20260316,1441,260709,4,4
20260316,1441,263838,4,4
20260316,1441,266849,4,4
20260316,1441,266700,4,4
20260316,1441,266593,4,4
20260316,1441,264998,4,4
20260316,1441,267732,4,4
20260316,1441,269773,4,4
20260316,1441,269753,4,4
20260316,1441,270258,4,4
20260316,1441,270066,4,4
20260316,1441,269937,4,4
20260316,1464,202453,3,3
20260316,1464,213596,3,3
20260316,1466,269948,3,3
20260316,1466,264242,3,3
20260316,1466,264086,3,3
20260316,1470,266892,3,3
20260316,1470,260867,3,3
20260316,1470,240163,3,3
20260316,1470,256711,3,3
20260316,1474,259763,3,3
20260316,1474,259990,3,3
20260316,1474,246480,3,3
20260316,1474,244077,3,3
20260316,1474,249668,3,3
20260316,1474,255666,3,3
20260316,1474,239157,3,3
20260316,1474,238084,3,3
20260316,1474,239477,3,3
20260316,1474,221979,3,3
20260316,1474,234223,3,3
20260316,1474,234506,3,3
20260316,1474,236989,3,3
20260316,1474,235155,3,3
20260316,1474,235154,3,3
20260316,1474,223071,3,3
20260316,1474,221207,3,3
20260316,1474,222845,3,3
20260316,1474,213898,3,3
20260316,1474,213827,3,3
20260316,1474,205789,3,3
20260316,1474,219697,3,3
20260316,1474,216198,3,3
20260316,1474,220790,3,3
20260316,1474,214891,3,3
20260316,1474,220934,3,3
20260316,1474,260957,3,3
20260316,1474,260940,3,3
20260316,1474,261092,3,3
20260316,1474,260238,3,3
20260316,1474,260443,3,3
20260316,1474,263666,3,3
20260316,1474,264068,3,3
20260316,1474,264139,3,3
20260316,1474,264980,3,3
20260316,1474,264270,3,3
20260316,1474,266805,3,3
20260316,1474,266463,3,3
20260316,1474,266591,3,3
20260316,1474,270039,3,3
20260316,1474,270109,3,3
20260316,1474,270139,3,3
20260316,1474,270117,3,3
20260316,1474,270207,3,3
20260316,1474,269797,3,3
20260316,1474,269769,3,3
20260316,1474,269878,3,3
20260316,1474,267937,3,3
20260316,1474,269267,3,3
20260316,1474,269775,3,3
20260316,1474,269718,3,3
20260316,1474,269732,3,3
20260316,1474,267493,3,3
20260316,1474,266852,3,3
20260316,201,204411,366,14
20260316,202,204431,361,24
20260316,203,204419,356,23
20260316,204,239436,352,31
20260316,205,247669,349,23
20260316,206,239389,346,26
20260316,207,256684,345,16
20260316,208,215453,344,30
20260316,209,214262,341,25
20260316,210,206007,340,32
20260316,211,213544,338,16
20260316,212,216367,336,28
20260316,213,232447,335,23
20260316,214,222156,335,25
20260316,215,214906,334,20
20260316,216,214480,332,31
20260316,217,214149,331,29
20260316,218,213706,329,34
20260316,219,211901,326,30
20260316,220,215988,324,32
20260316,221,211539,323,13
20260316,222,236972,323,18
20260316,223,220446,321,26
20260316,224,202662,321,24
20260316,225,203564,320,33
20260316,226,216016,315,15
20260316,227,213873,313,30
20260316,228,211552,313,29
20260316,229,222919,313,22
20260316,230,222980,311,16
20260316,231,223087,309,20
20260316,232,223323,308,29
20260316,233,210303,306,35
20260316,234,214826,306,27
20260316,235,201613,298,25
20260316,236,264149,298,26
20260316,237,214684,297,31
20260316,238,214386,295,19
20260316,239,211344,295,29
20260316,240,216074,291,21
20260316,241,260664,290,16
20260316,242,211643,288,26
20260316,243,221911,287,36
20260316,244,221018,287,25
20260316,245,221164,287,28
20260316,246,214937,287,20
20260316,247,213779,285,32
20260316,248,211878,284,26
20260316,249,213620,283,27
20260316,250,215062,280,18
20260316,251,212303,280,32
20260316,252,259685,279,21
20260316,253,221073,276,32
20260316,254,220770,274,25
20260316,255,214236,270,34
20260316,256,222080,269,23
20260316,257,206430,269,27
20260316,258,201606,268,14
20260316,259,221885,268,21
20260316,260,201662,267,5
20260316,261,201586,266,15
20260316,262,203463,261,22
20260316,263,215042,260,20
20260316,264,259857,259,21
20260316,265,214919,258,26
20260316,266,214646,257,26
20260316,267,261972,255,18
20260316,268,202460,252,9
20260316,269,213767,251,20
20260316,270,239392,250,31
20260316,271,221411,248,24
20260316,272,215807,247,27
20260316,273,259871,247,17
20260316,274,221209,246,20
20260316,275,221434,243,22
20260316,276,260170,242,29
20260316,277,216213,242,23
20260316,278,238064,241,15
20260316,279,215614,241,31
20260316,280,260598,240,25
20260316,281,261963,239,16
20260316,282,221512,239,15
20260316,283,214081,238,16
20260316,284,260765,234,12
20260316,285,221362,234,19
20260316,286,221243,233,20
20260316,287,222506,232,30
20260316,288,259883,232,14
20260316,289,222189,232,33
20260316,290,206124,231,18
20260316,291,220757,231,34
20260316,292,215290,231,27
20260316,293,260203,231,17
20260316,294,256705,230,28
20260316,295,258199,229,30
20260316,296,215996,228,24
20260316,297,246493,228,25
20260316,298,260168,228,18
20260316,299,211844,222,27
20260316,300,221213,222,15
20260316,301,213908,221,23
20260316,302,216116,221,21
20260316,303,201555,219,12
20260316,304,213789,218,25
20260316,305,222965,217,22
20260316,306,259758,217,25
20260316,307,211846,216,27
20260316,308,221004,216,20
20260316,309,221099,216,28
20260316,310,220432,216,24
20260316,311,215501,215,21
20260316,312,201610,214,18
20260316,313,221220,211,26
20260316,314,206194,210,24
20260316,315,260171,209,21
20260316,316,239438,209,17
20260316,317,215878,208,24
20260316,318,222397,208,21
20260316,319,214521,206,28
20260316,320,214189,205,25
20260316,321,221395,205,19
20260316,322,215820,205,28
20260316,323,264075,204,12
20260316,324,215386,204,18
20260316,325,260581,203,25
20260316,326,246478,200,23
20260316,327,221191,199,24
20260316,328,222559,198,25
20260316,329,222944,198,18
20260316,330,215898,195,21
20260316,331,215726,194,31
20260316,332,266376,193,8
20260316,333,221382,193,26
20260316,334,215077,192,27
20260316,335,220589,191,16
20260316,336,220718,190,19
20260316,337,221905,189,6
20260316,338,260761,189,12
20260316,339,223410,189,26
20260316,340,221178,189,21
20260316,341,220735,188,22
20260316,342,222675,188,18
20260316,343,206345,188,20
20260316,344,239476,188,21
20260316,345,239397,187,26
20260316,346,215314,187,19
20260316,347,211342,185,19
20260316,348,231639,184,16
20260316,349,266622,184,17
20260316,350,214219,183,21
20260316,351,220781,183,27
20260316,352,221104,183,21
20260316,353,201483,182,21
20260316,354,215840,182,26
20260316,355,210847,182,21
20260316,356,256673,182,16
20260316,357,213949,181,30
20260316,358,201329,180,6
20260316,359,206374,180,10
20260316,360,221486,180,19
20260316,361,221159,180,19
20260316,362,216385,178,12
20260316,363,221768,177,23
20260316,364,236956,177,23
20260316,365,221014,177,23
20260316,366,262891,176,12
20260316,367,259853,175,21
20260316,368,213657,174,26
20260316,369,223302,174,19
20260316,370,211920,173,18
20260316,371,222296,168,4
20260316,372,215592,167,25
20260316,373,211529,167,21
20260316,374,211765,165,16
20260316,375,214301,165,21
20260316,376,252495,165,8
20260316,377,202688,165,23
20260316,378,213821,164,23
20260316,379,220364,163,37
20260316,380,203475,162,17
20260316,381,259794,162,19
20260316,382,203435,162,31
20260316,383,221000,161,29
20260316,384,206362,161,23
20260316,385,221096,160,22
20260316,386,214546,160,27
20260316,387,232881,160,30
20260316,388,221364,160,24
20260316,389,216139,159,25
20260316,390,260541,159,20
20260316,391,246481,158,20
20260316,392,215588,157,27
20260316,393,201666,157,24
20260316,394,211411,156,11
20260316,395,219887,156,18
20260316,396,235159,155,21
20260316,397,261038,155,13
20260316,398,215566,155,24
20260316,399,222276,155,22
20260316,400,221265,153,20
20260316,401,221023,152,26
20260316,402,221789,152,15
20260316,403,211820,151,18
20260316,404,260006,151,22
20260316,405,260206,151,21
20260316,406,264187,149,22
20260316,407,214930,149,16
20260316,408,206255,148,14
20260316,409,213734,148,10
20260316,410,214862,148,17
20260316,411,220489,147,26
20260316,412,211874,147,22
20260316,413,213974,147,25
20260316,414,254733,146,24
20260316,415,260510,146,21
20260316,416,220673,144,24
20260316,417,202410,144,24
20260316,418,260913,143,24
20260316,419,214992,143,18
20260316,420,203281,142,22
20260316,421,213849,141,29
20260316,422,216324,141,16
20260316,423,220598,141,17
20260316,424,221229,141,21
20260316,425,220554,140,14
20260316,426,221187,140,20
20260316,427,215468,140,14
20260316,428,223415,138,25
20260316,429,252587,138,32
20260316,430,215166,137,15
20260316,431,215550,137,18
20260316,432,221945,136,27
20260316,433,213753,136,17
20260316,434,203288,135,20
20260316,435,214653,134,20
20260316,436,216253,134,20
20260316,437,221242,133,16
20260316,438,220513,133,21
20260316,439,213837,132,19
20260316,440,211756,132,11
20260316,441,220502,131,20
20260316,442,216095,131,24
20260316,443,220808,128,13
20260316,444,269714,128,9
20260316,445,252493,127,19
20260316,446,231625,126,20
20260316,447,260514,126,20
20260316,448,214839,125,17
20260316,449,221157,125,20
20260316,450,239156,125,20
20260316,451,215018,124,18
20260316,452,210705,124,9
20260316,453,222171,124,22
20260316,454,221181,124,26
20260316,455,214418,124,16
20260316,456,260951,124,8
20260316,457,222454,124,9
20260316,458,221031,123,22
20260316,459,239442,123,23
20260316,460,219625,123,21
20260316,461,264228,123,20
20260316,462,215431,122,26
20260316,463,211329,122,26
20260316,464,215459,121,22
20260316,465,215064,120,16
20260316,466,221369,120,19
20260316,467,220613,120,18
20260316,468,214507,119,17
20260316,469,270058,118,11
20260316,470,220164,118,15
20260316,471,222986,118,23
20260316,472,266450,118,23
20260316,473,259591,117,21
20260316,474,245077,117,23
20260316,475,259913,117,16
20260316,476,264227,116,15
20260316,477,221020,116,20
20260316,478,222891,116,22
20260316,479,247647,115,22
20260316,480,216162,115,20
20260316,481,261049,114,22
20260316,482,236967,114,19
20260316,483,204394,114,18
20260316,484,202619,114,16
20260316,485,260763,113,19
20260316,486,221168,113,22
20260316,487,221443,113,18
20260316,488,216044,113,19
20260316,489,220306,112,19
20260316,490,203578,112,10
20260316,491,260565,112,17
20260316,492,267420,112,17
20260316,493,260667,111,16
20260316,494,222092,111,22
20260316,495,222273,111,21
20260316,496,260714,111,12
20260316,497,213771,111,18
20260316,498,223141,111,21
20260316,499,201616,110,10
20260316,500,240998,110,9
20260316,501,220447,109,17
20260316,502,221982,109,20
20260316,503,223100,109,19
20260316,504,221109,108,18
20260316,505,220827,108,20
20260316,506,204427,107,12
20260316,507,233742,107,27
20260316,508,260647,106,20
20260316,509,260539,106,18
20260316,510,211646,106,19
20260316,511,213998,105,26
20260316,512,244087,105,18
20260316,513,211809,104,16
20260316,514,221086,104,12
20260316,515,259916,104,12
20260316,516,216173,104,21
20260316,517,200748,103,8
20260316,518,222369,103,24
20260316,519,222297,102,16
20260316,520,220842,102,11
20260316,521,211063,102,28
20260316,522,216579,102,20
20260316,523,216268,102,14
20260316,524,203513,102,12
20260316,525,221247,101,14
20260316,526,215733,101,23
20260316,527,222859,101,19
20260316,528,221952,101,14
20260316,529,256712,101,20
20260316,530,214741,100,16
20260316,531,252488,100,20
20260316,532,216331,100,20
20260316,533,263872,99,13
20260316,534,215398,99,20
20260316,535,265197,99,17
20260316,536,214271,98,19
20260316,537,215971,98,21
20260316,538,214600,97,12
20260316,539,264967,97,15
20260316,540,201549,96,8
20260316,541,211328,96,18
20260316,542,211719,96,18
20260316,543,201554,95,11
20260316,544,214779,95,15
20260316,545,220351,95,19
20260316,546,216160,95,19
20260316,547,220560,94,22
20260316,548,260847,94,11
20260316,549,220946,94,17
20260316,550,221657,94,18
20260316,551,216076,93,14
20260316,552,257874,93,22
20260316,553,222458,93,17
20260316,554,213947,92,17
20260316,555,216075,92,15
20260316,556,221259,92,14
20260316,557,216007,92,15
20260316,558,214319,91,19
20260316,559,214238,91,22
20260316,560,201614,90,5
20260316,561,260142,90,10
20260316,562,214505,90,14
20260316,563,269755,89,14
20260316,564,261071,89,18
20260316,565,230880,89,19
20260316,566,260296,88,17
20260316,567,220597,88,16
20260316,568,263881,88,20
20260316,569,219892,88,21
20260316,570,201520,86,7
20260316,571,202434,85,11
20260316,572,211668,85,12
20260316,573,215163,85,16
20260316,574,206219,84,11
20260316,575,252531,84,14
20260316,576,221834,84,6
20260316,577,260446,84,17
20260316,578,260613,84,20
20260316,579,203591,83,13
20260316,580,222837,83,15
20260316,581,211222,83,13
20260316,582,266800,83,11
20260316,583,260737,83,13
20260316,584,202454,83,13
20260316,585,206248,83,16
20260316,586,221959,83,21
20260316,587,214007,83,23
20260316,588,215259,82,20
20260316,589,259690,82,24
20260316,590,214091,81,15
20260316,591,222347,81,16
20260316,592,221914,81,20
20260316,593,206102,80,18
20260316,594,221116,80,8
20260316,595,264144,80,11
20260316,596,260445,80,17
20260316,597,201611,79,8
20260316,598,215832,79,14
20260316,599,202921,79,12
20260316,600,221497,79,12
20260316,601,230882,79,13
20260316,602,239393,79,17
20260316,603,260490,79,20
20260316,604,221454,79,23
20260316,605,260966,78,12
20260316,606,263853,78,15
20260316,607,241717,78,9
20260316,608,214868,78,11
20260316,609,220429,78,16
20260316,610,260708,78,16
20260316,611,259967,77,11
20260316,612,210138,77,20
20260316,613,220550,77,12
20260316,614,265701,77,11
20260316,615,220496,77,23
20260316,616,215151,76,19
20260316,617,201524,76,20
20260316,618,254765,76,12
20260316,619,215472,76,18
20260316,620,220672,76,22
20260316,621,203354,75,15
20260316,622,216186,75,13
20260316,623,221473,75,8
20260316,624,261015,75,13
20260316,625,215013,75,16
20260316,626,264064,74,19
20260316,627,214909,74,11
20260316,628,216013,74,12
20260316,629,222390,74,13
20260316,630,210537,74,17
20260316,631,228909,74,18
20260316,632,214212,74,21
20260316,633,216051,73,20
20260316,634,225858,73,14
20260316,635,267882,73,15
20260316,636,259575,73,18
20260316,637,266448,73,17
20260316,638,264192,72,6
20260316,639,206406,72,14
20260316,640,260339,72,11
20260316,641,202430,72,13
20260316,642,222878,72,13
20260316,643,221003,72,18
20260316,644,266469,71,12
20260316,645,215802,71,10
20260316,646,215778,71,10
20260316,647,214540,71,14
20260316,648,221141,71,16
20260316,649,222481,71,17
20260316,650,252535,71,21
20260316,651,223203,70,9
20260316,652,213772,70,16
20260316,653,216062,70,12
20260316,654,233747,70,18
20260316,655,241714,70,15
20260316,656,220891,70,19
20260316,657,260141,70,22
20260316,658,215909,70,23
20260316,659,263869,69,13
20260316,660,263909,69,11
20260316,661,236980,69,17
20260316,662,202536,68,8
20260316,663,260787,68,10
20260316,664,215134,68,21
20260316,665,215545,68,16
20260316,666,202672,67,26
20260316,667,259567,67,16
20260316,668,214872,67,19
20260316,669,266901,67,14
20260316,670,267382,66,6
20260316,671,252571,66,20
20260316,672,222037,66,6
20260316,673,266864,66,8
20260316,674,204294,65,13
20260316,675,254748,65,5
20260316,676,221165,65,15
20260316,677,206075,64,17
20260316,678,215921,64,12
20260316,679,210526,64,14
20260316,680,213672,63,10
20260316,681,266937,63,13
20260316,682,259754,63,11
20260316,683,221370,63,17
20260316,684,221469,62,14
20260316,685,234474,62,20
20260316,686,266431,62,14
20260316,687,220497,62,19
20260316,688,211269,61,8
20260316,689,213896,61,15
20260316,690,221062,61,13
20260316,691,260254,61,12
20260316,692,258191,61,19
20260316,693,221465,60,15
20260316,694,245094,60,12
20260316,695,220392,60,9
20260316,696,239386,59,12
20260316,697,221994,59,22
20260316,698,260694,59,16
20260316,699,215806,58,17
20260316,700,223120,58,18
20260316,701,266488,58,11
20260316,702,260225,58,12
20260316,703,203500,57,8
20260316,704,216038,57,22
20260316,705,264130,57,13
20260316,706,260368,57,7
20260316,707,261097,57,17
20260316,708,225854,56,17
20260316,709,263626,56,11
20260316,710,252509,56,12
20260316,711,215707,56,13
20260316,712,260766,56,15
20260316,713,239158,56,19
20260316,714,220740,55,13
20260316,715,269870,55,14
20260316,716,237454,55,15
20260316,717,201585,54,6
20260316,718,213551,54,14
20260316,719,239422,54,9
20260316,720,263941,54,12
20260316,721,220645,54,17
20260316,722,204223,53,16
20260316,723,222184,53,11
20260316,724,214713,53,18
20260316,725,221192,53,8
20260316,726,220453,53,11
20260316,727,222346,53,14
20260316,728,265692,53,16
20260316,729,264207,53,16
20260316,730,264205,52,14
20260316,731,215019,52,14
20260316,732,235161,52,6
20260316,733,270076,52,9
20260316,734,220997,52,14
20260316,735,216587,51,12
20260316,736,265688,51,21
20260316,737,220578,51,19
20260316,738,213739,51,15
20260316,739,259820,51,9
20260316,740,221886,51,11
20260316,741,220053,51,12
20260316,742,266642,51,15
20260316,743,260032,51,17
20260316,744,206108,50,3
20260316,745,202464,50,10
20260316,746,222667,50,15
20260316,747,270080,50,7
20260316,748,233718,50,7
20260316,749,220494,50,12
20260316,750,260273,50,12
20260316,751,216180,50,15
20260316,752,216262,49,1
20260316,753,214020,49,13
20260316,754,214935,49,15
20260316,755,260762,49,13
20260316,756,221746,49,13
20260316,757,259858,49,14
20260316,758,221773,49,15
20260316,759,206335,48,5
20260316,760,260848,48,14
20260316,761,270082,48,5
20260316,762,221864,48,12
20260316,763,215505,48,14
20260316,764,201506,47,5
20260316,765,221903,47,13
20260316,766,260214,47,11
20260316,767,260101,46,9
20260316,768,202580,46,10
20260316,769,269717,46,10
20260316,770,266682,46,8
20260316,771,220684,46,13
20260316,772,239454,46,18
20260316,773,267651,46,20
20260316,774,206060,45,8
20260316,775,260042,45,6
20260316,776,216316,45,10
20260316,777,270061,45,11
20260316,778,220491,45,16
20260316,779,221568,45,22
20260316,780,214877,44,11
20260316,781,222330,44,10
20260316,782,221474,44,13
20260316,783,211544,44,14
20260316,784,222299,44,14
20260316,785,201518,43,6
20260316,786,267428,43,5
20260316,787,266771,43,11
20260316,788,223402,43,9
20260316,789,228910,43,14
20260316,790,260582,43,18
20260316,791,260638,42,8
20260316,792,264140,42,5
20260316,793,263148,42,8
20260316,794,204309,42,8
20260316,795,222421,42,10
20260316,796,202693,42,10
20260316,797,211541,42,12
20260316,798,215693,41,19
20260316,799,222255,41,5
20260316,800,223373,41,7
20260316,801,215966,41,16
20260316,802,214535,40,12
20260316,803,216107,40,12
20260316,804,216158,40,13
20260316,805,222305,40,13
20260316,806,216256,40,18
20260316,807,211951,39,16
20260316,808,210158,39,7
20260316,809,222262,39,12
20260316,810,260003,39,15
20260316,811,263995,38,9
20260316,812,220713,38,9
20260316,813,216078,38,13
20260316,814,239387,38,5
20260316,815,267176,38,7
20260316,816,264973,38,11
20260316,817,221585,38,17
20260316,818,267115,37,16
20260316,819,214696,37,8
20260316,820,211864,37,12
20260316,821,260167,37,7
20260316,822,266851,37,7
20260316,823,215697,37,8
20260316,824,221195,37,10
20260316,825,214934,37,12
20260316,826,203509,37,13
20260316,827,220642,37,17
20260316,828,202446,36,2
20260316,829,266407,36,7
20260316,830,260845,36,8
20260316,831,221468,36,8
20260316,832,221219,36,12
20260316,833,266381,35,7
20260316,834,264151,35,4
20260316,835,215879,35,13
20260316,836,259996,35,8
20260316,837,260226,35,12
20260316,838,203537,35,6
20260316,839,223326,35,7
20260316,840,264167,35,8
20260316,841,220591,35,8
20260316,842,221221,35,8
20260316,843,260277,35,10
20260316,844,258192,35,10
20260316,845,223418,35,12
20260316,846,264978,35,13
20260316,847,260279,35,14
20260316,848,219979,35,15
20260316,849,234481,35,15
20260316,850,239446,34,5
20260316,851,269864,34,6
20260316,852,221509,34,6
20260316,853,263980,34,9
20260316,854,214771,34,9
20260316,855,215015,34,10
20260316,856,222668,34,17
20260316,857,253681,33,12
20260316,858,230876,33,11
20260316,859,263974,33,4
20260316,860,260017,33,8
20260316,861,223421,33,9
20260316,862,266529,33,11
20260316,863,260062,33,12
20260316,864,264961,32,8
20260316,865,213721,32,13
20260316,866,270195,32,5
20260316,867,260612,32,9
20260316,868,264085,32,5
20260316,869,211511,32,5
20260316,870,267400,32,5
20260316,871,210672,32,7
20260316,872,225850,32,8
20260316,873,264131,32,10
20260316,874,214605,32,11
20260316,875,206336,32,12
20260316,876,266758,32,13
20260316,877,222367,31,8
20260316,878,215440,31,10
20260316,879,222028,31,10
20260316,880,260860,31,11
20260316,881,270078,31,12
20260316,882,201540,30,4
20260316,883,266455,30,15
20260316,884,267104,30,5
20260316,885,269866,30,9
20260316,886,260767,30,7
20260316,887,221139,30,9
20260316,888,220276,30,11
20260316,889,263801,30,12
20260316,890,222294,30,13
20260316,891,223146,30,14
20260316,892,220493,30,15
20260316,893,222856,29,11
20260316,894,201582,29,9
20260316,895,222000,29,13
20260316,896,268770,29,1
20260316,897,221862,29,5
20260316,898,223080,29,6
20260316,899,215795,29,6
20260316,900,259965,29,15
20260316,901,220825,28,13
20260316,902,211921,28,6
20260316,903,213976,28,6
20260316,904,266509,28,7
20260316,905,221741,28,8
20260316,906,222239,28,9
20260316,907,214901,28,9
20260316,908,235160,28,10
20260316,909,215177,28,12
20260316,910,223308,28,13
20260316,911,214800,27,13
20260316,912,259762,27,4
20260316,913,263677,27,6
20260316,914,221413,27,8
20260316,915,220614,27,9
20260316,916,255662,27,11
20260316,917,221173,27,11
20260316,918,239453,27,14
20260316,919,260433,27,14
20260316,920,261957,26,10
20260316,921,220690,26,5
20260316,922,256686,26,6
20260316,923,221440,26,6
20260316,924,220695,26,7
20260316,925,223404,26,8
20260316,926,264029,26,9
20260316,927,266659,26,13
20260316,928,214519,26,14
20260316,929,210913,25,11
20260316,930,260338,25,5
20260316,931,210500,25,5
20260316,932,260374,25,5
20260316,933,213948,25,6
20260316,934,245079,25,11
20260316,935,221210,24,6
20260316,936,213541,24,8
20260316,937,223163,24,10
20260316,938,213775,24,5
20260316,939,220470,24,6
20260316,940,220875,24,7
20260316,941,260528,24,9
20260316,942,260100,24,9
20260316,943,241745,24,11
20260316,944,221203,24,12
20260316,945,221542,24,13
20260316,946,202596,23,8
20260316,947,221624,23,7
20260316,948,221410,23,12
20260316,949,263751,23,6
20260316,950,267409,23,7
20260316,951,265040,23,8
20260316,952,264069,23,8
20260316,953,202916,23,8
20260316,954,267841,23,9
20260316,955,219331,23,11
20260316,956,239102,22,3
20260316,957,221150,22,7
20260316,958,266645,22,3
20260316,959,260150,22,3
20260316,960,263622,22,6
20260316,961,270125,22,7
20260316,962,270165,22,9
20260316,963,215492,22,9
20260316,964,246518,22,11
20260316,965,205815,21,2
20260316,966,259989,21,6
20260316,967,222225,21,7
20260316,968,260914,21,10
20260316,969,222762,21,3
20260316,970,267422,21,4
20260316,971,223375,21,5
20260316,972,216311,21,6
20260316,973,267022,21,6
20260316,974,270129,21,7
20260316,975,264150,21,7
20260316,976,252586,21,7
20260316,977,263687,21,8
20260316,978,264216,21,8
20260316,979,253679,21,9
20260316,980,261098,21,11
20260316,981,204434,20,1
20260316,982,269253,20,5
20260316,983,269954,20,3
20260316,984,264180,20,10
20260316,985,202858,20,2
20260316,986,215096,20,2
20260316,987,214182,20,3
20260316,988,270315,20,4
20260316,989,266379,20,6
20260316,990,221025,20,6
20260316,991,239478,20,7
20260316,992,211796,20,7
20260316,993,267431,20,9
20260316,994,259907,20,9
20260316,995,239160,20,10
20260316,996,215805,20,10
20260316,997,239390,19,9
20260316,998,260888,19,6
20260316,999,220887,19,9
20260316,1000,221915,19,9
20260323,1,214544,11025,0
20260323,2,214981,7783,0
20260323,3,216347,7413,0
20260323,4,221103,6748,0
20260323,5,202468,6678,0
20260323,6,216153,6180,0
20260323,7,211148,4232,0
20260323,8,202494,4020,0
20260323,9,239475,3351,0
20260323,10,259799,3066,0
20260323,11,206420,2918,0
20260323,12,202505,2803,0
20260323,13,222328,2801,0
20260323,14,214096,2668,0
20260323,15,211768,2434,0
20260323,16,220704,2095,0
20260323,17,260300,2070,0
20260323,18,201619,2026,0
20260323,19,210722,1936,0
20260323,20,223670,1898,0
20260323,21,214939,1868,0
20260323,22,214643,1845,0
20260323,23,221054,1680,0
20260323,24,211533,1655,0
20260323,25,220367,1598,0
20260323,26,221012,1553,0
20260323,27,215613,1550,0
20260323,28,216146,1528,0
20260323,29,223253,1525,0
20260323,30,213710,1446,0
20260323,31,233741,1445,0
20260323,32,213631,1425,0
20260323,33,206289,1410,0
20260323,34,216133,1383,0
20260323,35,201514,1374,0
20260323,36,211713,1367,0
20260323,37,211684,1348,0
20260323,38,222391,1345,0
20260323,39,215983,1333,0
20260323,40,222145,1330,0
20260323,41,239383,1326,0
20260323,42,211701,1324,0
20260323,43,214954,1263,0
20260323,44,220714,1255,0
20260323,45,221024,1244,0
20260323,46,213550,1242,0
20260323,47,220548,1237,0
20260323,48,222601,1227,0
20260323,49,238184,1217,0
20260323,50,202663,1209,0
20260323,51,220520,1168,0
20260323,52,206252,1156,0
20260323,53,201696,1143,0
20260323,54,215035,1140,0
20260323,55,222045,1111,0
20260323,56,222661,1107,0
20260323,57,206368,1090,0
20260323,58,215785,1071,0
20260323,59,213583,1069,0
20260323,60,219875,1047,0
20260323,61,201533,1036,0
20260323,62,221039,1021,0
20260323,63,221333,1000,0
20260323,64,214082,987,0
20260323,65,214388,986,0
20260323,66,220716,960,0
20260323,67,211107,957,0
20260323,68,221883,950,0
20260323,69,206242,942,0
20260323,70,214040,915,0
20260323,71,221407,912,0
20260323,72,216083,903,0
20260323,73,211817,900,0
20260323,74,220435,899,0
20260323,75,201709,896,0
20260323,76,238075,896,0
20260323,77,220332,893,0
20260323,78,220416,883,0
20260323,79,221909,879,0
20260323,80,203501,874,0
20260323,81,201548,872,0
20260323,82,215872,869,0
20260323,83,220309,866,0
20260323,84,203530,864,0
20260323,85,211814,864,0
20260323,86,230870,845,0
20260323,87,213646,842,0
20260323,88,215899,842,0
20260323,89,223286,841,0
20260323,90,213887,825,0
20260323,91,220662,821,0
20260323,92,215020,820,0
20260323,93,215936,815,0
20260323,94,215337,811,0
20260323,95,220465,811,0
20260323,96,215713,810,0
20260323,97,215910,804,0
20260323,98,215219,803,0
20260323,99,203389,800,0
20260323,100,211651,797,0
20260323,101,223360,794,0
20260323,102,220348,788,0
20260323,103,221985,786,0
20260323,104,243420,766,0
20260323,105,219917,764,0
20260323,106,222290,761,0
20260323,107,210886,759,0
20260323,108,263857,751,0
20260323,109,215306,746,0
20260323,110,220750,737,0
20260323,111,215138,735,0
20260323,112,211337,734,0
20260323,113,214119,730,0
20260323,114,201499,716,0
20260323,115,260172,708,0
20260323,116,205925,701,0
20260323,117,202499,697,0
20260323,118,221307,697,0
20260323,119,215480,694,0
20260323,120,221257,690,0
20260323,121,222258,685,0
20260323,122,211685,680,0
20260323,123,206417,665,0
20260323,124,206294,664,0
20260323,125,252499,643,0
20260323,126,222233,629,0
20260323,127,211843,625,0
20260323,128,216081,621,0
20260323,129,222966,613,0
20260323,130,214461,604,0
20260323,131,203514,602,0
20260323,132,239456,602,0
20260323,133,259733,591,0
20260323,134,221124,588,0
20260323,135,221406,579,0
20260323,136,220466,574,0
20260323,137,211880,572,0
20260323,138,214452,571,0
20260323,139,213666,569,0
20260323,140,201551,560,0
20260323,141,220742,552,0
20260323,142,202684,549,0
20260323,143,214593,540,0
20260323,144,236957,540,0
20260323,145,221626,537,0
20260323,146,215370,534,0
20260323,147,263644,532,0
20260323,148,223321,519,0
20260323,149,223194,497,0
20260323,150,221237,494,0
20260323,151,215572,493,0
20260323,152,214459,490,0
20260323,153,221236,490,0
20260323,154,220722,484,0
20260323,155,201478,478,0
20260323,156,213889,476,0
20260323,157,222017,473,0
20260323,158,223325,471,0
20260323,159,267439,464,0
20260323,160,215992,462,0
20260323,161,213576,461,0
20260323,162,202604,459,0
20260323,163,202600,457,0
20260323,164,215037,448,0
20260323,165,202493,446,0
20260323,166,221803,440,0
20260323,167,214604,436,0
20260323,168,215571,434,0
20260323,169,211316,431,0
20260323,170,210622,422,0
20260323,171,201593,420,0
20260323,172,220733,420,0
20260323,173,216097,416,0
20260323,174,266671,412,0
20260323,175,236955,410,0
20260323,176,211279,409,0
20260323,177,211702,408,0
20260323,178,215946,407,0
20260323,179,223168,400,0
20260323,180,220699,396,0
20260323,181,213525,394,0
20260323,182,216265,394,0
20260323,183,214181,393,0
20260323,184,201621,391,0
20260323,185,211227,387,0
20260323,186,201545,385,0
20260323,187,223331,384,0
20260323,188,215250,383,0
20260323,189,223335,383,0
20260323,190,216055,383,0
20260323,191,211635,382,0
20260323,192,206292,378,0
20260323,193,223333,378,0
20260323,194,216566,377,0
20260323,195,201458,375,0
20260323,196,220680,375,0
20260323,197,220454,370,0
20260323,198,211095,368,0
20260323,199,214254,368,0
20260323,200,221354,367,0
20260323,1001,270181,19,0
20260323,1002,260297,19,0
20260323,1003,222202,19,0
20260323,1004,221463,19,0
20260323,1005,261066,19,0
20260323,1006,266765,19,0
20260323,1007,266533,19,0
20260323,1008,259981,19,0
20260323,1009,260224,19,0
20260323,1010,260261,19,0
20260323,1011,259105,19,0
20260323,1012,221740,19,0
20260323,1013,259854,18,0
20260323,1014,212043,18,0
20260323,1015,266651,18,0
20260323,1016,215696,18,0
20260323,1017,264975,18,0
20260323,1018,223160,18,0
20260323,1019,260306,18,0
20260323,1020,221371,18,0
20260323,1021,259576,18,0
20260323,1021,269275,18,0
20260323,1023,270159,18,0
20260323,1024,220391,18,0
20260323,1025,252584,18,0
20260323,1026,267449,18,0
20260323,1027,221736,18,0
20260323,1028,215616,18,0
20260323,1029,222177,18,0
20260323,1030,265207,17,0
20260323,1031,221069,17,0
20260323,1032,211260,17,0
20260323,1033,211021,17,0
20260323,1033,269710,17,0
20260323,1035,270320,17,0
20260323,1036,223398,17,0
20260323,1037,201481,17,0
20260323,1038,264073,17,0
20260323,1039,266720,17,0
20260323,1040,214784,17,0
20260323,1041,219983,17,0
20260323,1041,224485,17,0
20260323,1043,266523,17,0
20260323,1044,260871,17,0
20260323,1045,215236,17,0
20260323,1046,215926,17,0
20260323,1047,221055,17,0
20260323,1048,239449,17,0
20260323,1049,221148,17,0
20260323,1050,249659,17,0
20260323,1051,215712,17,0
20260323,1051,260323,17,0
20260323,1053,211043,16,0
20260323,1054,261964,16,0
20260323,1055,266722,16,0
20260323,1056,220297,16,0
20260323,1057,246476,16,0
20260323,1058,259713,16,0
20260323,1059,260842,16,0
20260323,1059,270322,16,0
20260323,1061,202639,16,0
20260323,1062,239474,16,0
20260323,1063,260777,16,0
20260323,1064,260398,16,0
20260323,1065,259797,16,0
20260323,1066,223411,16,0
20260323,1067,223284,16,0
20260323,1068,261082,16,0
20260323,1069,202387,16,0
20260323,1070,214398,16,0
20260323,1071,267425,16,0
20260323,1072,269254,16,0
20260323,1072,267932,16,0
20260323,1074,270262,15,0
20260323,1075,221441,15,0
20260323,1076,270100,15,0
20260323,1077,213830,15,0
20260323,1078,205964,15,0
20260323,1079,202669,15,0
20260323,1080,267534,15,0
20260323,1081,223399,15,0
20260323,1082,222137,15,0
20260323,1083,270091,15,0
20260323,1084,269772,15,0
20260323,1085,262883,15,0
20260323,1086,252519,15,0
20260323,1087,220564,15,0
20260323,1088,220286,15,0
20260323,1089,220551,15,0
20260323,1090,252582,15,0
20260323,1091,260717,15,0
20260323,1092,220689,15,0
20260323,1092,221310,15,0
20260323,1094,214277,15,0
20260323,1095,215372,15,0
20260323,1095,237465,15,0
20260323,1097,259113,15,0
20260323,1097,222376,15,0
20260323,1099,219444,15,0
20260323,1100,260085,15,0
20260323,1100,260984,15,0
20260323,1102,260556,15,0
20260323,1103,260580,14,0
20260323,1104,201565,14,0
20260323,1105,211285,14,0
20260323,1106,269259,14,0
20260323,1107,260711,14,0
20260323,1108,216225,14,0
20260323,1109,263808,14,0
20260323,1110,213584,14,0
20260323,1111,270019,14,0
20260323,1112,216340,14,0
20260323,1113,267180,14,0
20260323,1114,241715,14,0
20260323,1114,220436,14,0
20260323,1114,215970,14,0
20260323,1117,219872,14,0
20260323,1118,261968,14,0
20260323,1119,264505,14,0
20260323,1120,220492,14,0
20260323,1121,215467,14,0
20260323,1122,244079,14,0
20260323,1123,220048,14,0
20260323,1124,221158,14,0
20260323,1125,239126,14,0
20260323,1125,210645,14,0
20260323,1127,263676,14,0
20260323,1128,260400,14,0
20260323,1129,266549,14,0
20260323,1130,201318,13,0
20260323,1131,201539,13,0
20260323,1132,264962,13,0
20260323,1133,215721,13,0
20260323,1134,211407,13,0
20260323,1135,267920,13,0
20260323,1135,261278,13,0
20260323,1137,261008,13,0
20260323,1138,214746,13,0
20260323,1139,266629,13,0
20260323,1140,222509,13,0
20260323,1141,264280,13,0
20260323,1142,269734,13,0
20260323,1143,269835,13,0
20260323,1144,266541,13,0
20260323,1145,222734,13,0
20260323,1145,203370,13,0
20260323,1147,261104,13,0
20260323,1147,269801,13,0
20260323,1149,260185,13,0
20260323,1150,270065,13,0
20260323,1151,266795,13,0
20260323,1152,222748,13,0
20260323,1153,225861,13,0
20260323,1154,221013,13,0
20260323,1155,215735,12,0
20260323,1156,221933,12,0
20260323,1157,202478,12,0
20260323,1158,259739,12,0
20260323,1159,261132,12,0
20260323,1160,221688,12,0
20260323,1161,223159,12,0
20260323,1162,269838,12,0
20260323,1163,270132,12,0
20260323,1163,260926,12,0
20260323,1163,260631,12,0
20260323,1163,264510,12,0
20260323,1167,201431,12,0
20260323,1168,214019,12,0
20260323,1168,260693,12,0
20260323,1170,259590,12,0
20260323,1171,264107,12,0
20260323,1172,214460,12,0
20260323,1173,216315,12,0
20260323,1174,263889,12,0
20260323,1175,264226,12,0
20260323,1176,266409,12,0
20260323,1177,269872,11,0
20260323,1178,211592,11,0
20260323,1179,263905,11,0
20260323,1180,260827,11,0
20260323,1181,222557,11,0
20260323,1182,265628,11,0
20260323,1183,214503,11,0
20260323,1184,215353,11,0
20260323,1185,214450,11,0
20260323,1186,270274,11,0
20260323,1187,221377,11,0
20260323,1188,265020,11,0
20260323,1189,266374,11,0
20260323,1190,260583,11,0
20260323,1190,268772,11,0
20260323,1190,223435,11,0
20260323,1193,259998,11,0
20260323,1193,268778,11,0
20260323,1195,206161,11,0
20260323,1196,236968,11,0
20260323,1197,220563,11,0
20260323,1198,216381,11,0
20260323,1199,266383,10,0
20260323,1200,205562,10,0
20260323,1201,206205,10,0
20260323,1202,234490,10,0
20260323,1203,266378,10,0
20260323,1204,238209,10,0
20260323,1205,266476,10,0
20260323,1205,263858,10,0
20260323,1207,253665,10,0
20260323,1207,214860,10,0
20260323,1209,233725,10,0
20260323,1209,266819,10,0
20260323,1211,210702,10,0
20260323,1212,221621,10,0
20260323,1212,260604,10,0
20260323,1214,221375,10,0
20260323,1214,221913,10,0
20260323,1216,263940,10,0
20260323,1217,222032,10,0
20260323,1217,257867,10,0
20260323,1219,222223,10,0
20260323,1220,222215,10,0
20260323,1220,265713,10,0
20260323,1220,267387,10,0
20260323,1223,259914,10,0
20260323,1224,215854,10,0
20260323,1225,201691,10,0
20260323,1226,214974,10,0
20260323,1226,223198,10,0
20260323,1226,220394,10,0
20260323,1226,222213,10,0
20260323,1230,211600,10,0
20260323,1231,223389,10,0
20260323,1232,222318,10,0
20260323,1233,221258,10,0
20260323,1233,260378,10,0
20260323,1235,216405,10,0
20260323,1236,260774,10,0
20260323,1237,263775,9,0
20260323,1238,211779,9,0
20260323,1239,270302,9,0
20260323,1240,215085,9,0
20260323,1241,270266,9,0
20260323,1242,267734,9,0
20260323,1242,266543,9,0
20260323,1242,263625,9,0
20260323,1242,260622,9,0
20260323,1242,219874,9,0
20260323,1242,238068,9,0
20260323,1248,260674,9,0
20260323,1248,270194,9,0
20260323,1250,267441,9,0
20260323,1251,259769,9,0
20260323,1252,246484,9,0
20260323,1252,215647,9,0
20260323,1254,223153,9,0
20260323,1254,221371,9,0
20260323,1254,261094,9,0
20260323,1257,220512,9,0
20260323,1258,239484,9,0
20260323,1258,267435,9,0
20260323,1260,260828,9,0
20260323,1260,221771,9,0
20260323,1260,221524,9,0
20260323,1260,222613,9,0
20260323,1264,221197,9,0
20260323,1265,267545,8,0
20260323,1266,259104,8,0
20260323,1267,261133,8,0
20260323,1268,202443,8,0
20260323,1269,259849,8,0
20260323,1269,222377,8,0
20260323,1269,269943,8,0
20260323,1269,270072,8,0
20260323,1269,260839,8,0
20260323,1274,263981,8,0
20260323,1274,260159,8,0
20260323,1276,264063,8,0
20260323,1277,266467,8,0
20260323,1277,222847,8,0
20260323,1277,221940,8,0
20260323,1280,205492,8,0
20260323,1281,219754,8,0
20260323,1281,223397,8,0
20260323,1281,260122,8,0
20260323,1284,215161,8,0
20260323,1285,220633,8,0
20260323,1285,211208,8,0
20260323,1285,264252,8,0
20260323,1285,267723,8,0
20260323,1285,267722,8,0
20260323,1290,260742,8,0
20260323,1290,264966,8,0
20260323,1290,269906,8,0
20260323,1290,230120,8,0
20260323,1290,237467,8,0
20260323,1290,257881,8,0
20260323,1296,222158,8,0
20260323,1296,221315,8,0
20260323,1298,216156,8,0
20260323,1299,221269,8,0
20260323,1299,241735,8,0
20260323,1301,202440,7,0
20260323,1302,256710,7,0
20260323,1303,263978,7,0
20260323,1304,212034,7,0
20260323,1305,215956,7,0
20260323,1305,257898,7,0
20260323,1305,259579,7,0
20260323,1305,254760,7,0
20260323,1305,221248,7,0
20260323,1305,221030,7,0
20260323,1305,263890,7,0
20260323,1305,264274,7,0
20260323,1305,264275,7,0
20260323,1305,266686,7,0
20260323,1305,266406,7,0
20260323,1305,267473,7,0
20260323,1317,270281,7,0
20260323,1318,264215,7,0
20260323,1318,260091,7,0
20260323,1318,267423,7,0
20260323,1318,222606,7,0
20260323,1318,221214,7,0
20260323,1318,222061,7,0
20260323,1324,260204,7,0
20260323,1324,264138,7,0
20260323,1326,270186,7,0
20260323,1326,220289,7,0
20260323,1328,260881,7,0
20260323,1328,221083,7,0
20260323,1328,256682,7,0
20260323,1328,246485,7,0
20260323,1328,270115,7,0
20260323,1328,267462,7,0
20260323,1328,264114,7,0
20260323,1328,263717,7,0
20260323,1328,263701,7,0
20260323,1328,266532,7,0
20260323,1328,261021,7,0
20260323,1339,259964,7,0
20260323,1340,237481,7,0
20260323,1340,238071,7,0
20260323,1340,260715,7,0
20260323,1340,267695,7,0
20260323,1344,202939,6,0
20260323,1345,220422,6,0
20260323,1346,215043,6,0
20260323,1347,215222,6,0
20260323,1347,270133,6,0
20260323,1349,270047,6,0
20260323,1349,260455,6,0
20260323,1351,263766,6,0
20260323,1351,223356,6,0
20260323,1351,222637,6,0
20260323,1351,259608,6,0
20260323,1355,260066,6,0
20260323,1355,266492,6,0
20260323,1355,221422,6,0
20260323,1355,222309,6,0
20260323,1355,222332,6,0
20260323,1355,222274,6,0
20260323,1355,221515,6,0
20260323,1355,216092,6,0
20260323,1355,216073,6,0
20260323,1355,220772,6,0
20260323,1355,260503,6,0
20260323,1355,260653,6,0
20260323,1355,260373,6,0
20260323,1355,260792,6,0
20260323,1355,260962,6,0
20260323,1355,267465,6,0
20260323,1355,267927,6,0
20260323,1372,260993,6,0
20260323,1372,266763,6,0
20260323,1374,223352,6,0
20260323,1375,252494,6,0
20260323,1375,222520,6,0
20260323,1375,220071,6,0
20260323,1375,216140,6,0
20260323,1375,265195,6,0
20260323,1375,267408,6,0
20260323,1381,201527,5,0
20260323,1382,201399,5,0
20260323,1383,264986,5,0
20260323,1384,270350,5,0
20260323,1385,270237,5,0
20260323,1385,270164,5,0
20260323,1385,270383,5,0
20260323,1385,267671,5,0
20260323,1385,267748,5,0
20260323,1385,267424,5,0
20260323,1385,266372,5,0
20260323,1385,266713,5,0
20260323,1385,266781,5,0
20260323,1385,263706,5,0
20260323,1385,263962,5,0
20260323,1385,264248,5,0
20260323,1385,264198,5,0
20260323,1385,260974,5,0
20260323,1385,201672,5,0
20260323,1385,215174,5,0
20260323,1385,223452,5,0
20260323,1385,231641,5,0
20260323,1385,221963,5,0
20260323,1385,222623,5,0
20260323,1385,246489,5,0
20260323,1385,245076,5,0
20260323,1385,259887,5,0
20260323,1385,258195,5,0
20260323,1385,222895,5,0
20260323,1385,239172,5,0
20260323,1385,233729,5,0
20260323,1412,230121,5,0
20260323,1412,259803,5,0
20260323,1412,221222,5,0
20260323,1412,221346,5,0
20260323,1412,222095,5,0
20260323,1412,222161,5,0
20260323,1412,260893,5,0
20260323,1412,260393,5,0
20260323,1412,260464,5,0
20260323,1412,263809,5,0
20260323,1422,264229,5,0
20260323,1422,269757,5,0
20260323,1422,215430,5,0
20260323,1422,222180,5,0
20260323,1422,260723,5,0
20260323,1422,259569,5,0
20260323,1422,259614,5,0
20260323,1422,252565,5,0
20260323,1430,221988,4,0
20260323,1430,265610,4,0
20260323,1432,270154,4,0
20260323,1432,267083,4,0
20260323,1432,260178,4,0
20260323,1432,261129,4,0
20260323,1432,222602,4,0
20260323,1432,220687,4,0
20260323,1432,254770,4,0
20260323,1432,223006,4,0
20260323,1432,223268,4,0
20260323,1441,260479,4,0
20260323,1441,223416,4,0
20260323,1441,223371,4,0
20260323,1441,238205,4,0
20260323,1441,252487,4,0
20260323,1441,242450,4,0
20260323,1441,241003,4,0
20260323,1441,241018,4,0
20260323,1441,221520,4,0
20260323,1441,220469,4,0
20260323,1441,260779,4,0
20260323,1441,260709,4,0
20260323,1441,263838,4,0
20260323,1441,266849,4,0
20260323,1441,266700,4,0
20260323,1441,266593,4,0
20260323,1441,264998,4,0
20260323,1441,267732,4,0
20260323,1441,269773,4,0
20260323,1441,269753,4,0
20260323,1441,270258,4,0
20260323,1441,270066,4,0
20260323,1441,269937,4,0
20260323,1464,202453,3,0
20260323,1464,213596,3,0
20260323,1466,269948,3,0
20260323,1466,264242,3,0
20260323,1466,264086,3,0
20260323,1470,266892,3,0
20260323,1470,260867,3,0
20260323,1470,240163,3,0
20260323,1470,256711,3,0
20260323,1474,259763,3,0
20260323,1474,259990,3,0
20260323,1474,246480,3,0
20260323,1474,244077,3,0
20260323,1474,249668,3,0
20260323,1474,255666,3,0
20260323,1474,239157,3,0
20260323,1474,238084,3,0
20260323,1474,239477,3,0
20260323,1474,221979,3,0
20260323,1474,234223,3,0
20260323,1474,234506,3,0
20260323,1474,236989,3,0
20260323,1474,235155,3,0
20260323,1474,235154,3,0
20260323,1474,223071,3,0
20260323,1474,221207,3,0
20260323,1474,222845,3,0
20260323,1474,213898,3,0
20260323,1474,213827,3,0
20260323,1474,205789,3,0
20260323,1474,219697,3,0
20260323,1474,216198,3,0
20260323,1474,220790,3,0
20260323,1474,214891,3,0
20260323,1474,220934,3,0
20260323,1474,260957,3,0
20260323,1474,260940,3,0
20260323,1474,261092,3,0
20260323,1474,260238,3,0
20260323,1474,260443,3,0
20260323,1474,263666,3,0
20260323,1474,264068,3,0
20260323,1474,264139,3,0
20260323,1474,264980,3,0
20260323,1474,264270,3,0
20260323,1474,266805,3,0
20260323,1474,266463,3,0
20260323,1474,266591,3,0
20260323,1474,270039,3,0
20260323,1474,270109,3,0
20260323,1474,270139,3,0
20260323,1474,270117,3,0
20260323,1474,270207,3,0
20260323,1474,269797,3,0
20260323,1474,269769,3,0
20260323,1474,269878,3,0
20260323,1474,267937,3,0
20260323,1474,269267,3,0
20260323,1474,269775,3,0
20260323,1474,269718,3,0
20260323,1474,269732,3,0
20260323,1474,267493,3,0
20260323,1474,266852,3,0
20260323,201,204411,366,0
20260323,202,204431,361,0
20260323,203,204419,356,0
20260323,204,239436,352,0
20260323,205,247669,349,0
20260323,206,239389,346,0
20260323,207,256684,345,0
20260323,208,215453,344,0
20260323,209,214262,341,0
20260323,210,206007,340,0
20260323,211,213544,338,0
20260323,212,216367,336,0
20260323,213,232447,335,0
20260323,214,222156,335,0
20260323,215,214906,334,0
20260323,216,214480,332,0
20260323,217,214149,331,0
20260323,218,213706,329,0
20260323,219,211901,326,0
20260323,220,215988,324,0
20260323,221,211539,323,0
20260323,222,236972,323,0
20260323,223,220446,321,0
20260323,224,202662,321,0
20260323,225,203564,320,0
20260323,226,216016,315,0
20260323,227,213873,313,0
20260323,228,211552,313,0
20260323,229,222919,313,0
20260323,230,222980,311,0
20260323,231,223087,309,0
20260323,232,223323,308,0
20260323,233,210303,306,0
20260323,234,214826,306,0
20260323,235,201613,298,0
20260323,236,264149,298,0
20260323,237,214684,297,0
20260323,238,214386,295,0
20260323,239,211344,295,0
20260323,240,216074,291,0
20260323,241,260664,290,0
20260323,242,211643,288,0
20260323,243,221911,287,0
20260323,244,221018,287,0
20260323,245,221164,287,0
20260323,246,214937,287,0
20260323,247,213779,285,0
20260323,248,211878,284,0
20260323,249,213620,283,0
20260323,250,215062,280,0
20260323,251,212303,280,0
20260323,252,259685,279,0
20260323,253,221073,276,0
20260323,254,220770,274,0
20260323,255,214236,270,0
20260323,256,222080,269,0
20260323,257,206430,269,0
20260323,258,201606,268,0
20260323,259,221885,268,0
20260323,260,201662,267,0
20260323,261,201586,266,0
20260323,262,203463,261,0
20260323,263,215042,260,0
20260323,264,259857,259,0
20260323,265,214919,258,0
20260323,266,214646,257,0
20260323,267,261972,255,0
20260323,268,202460,252,0
20260323,269,213767,251,0
20260323,270,239392,250,0
20260323,271,221411,248,0
20260323,272,215807,247,0
20260323,273,259871,247,0
20260323,274,221209,246,0
20260323,275,221434,243,0
20260323,276,260170,242,0
20260323,277,216213,242,0
20260323,278,238064,241,0
20260323,279,215614,241,0
20260323,280,260598,240,0
20260323,281,261963,239,0
20260323,282,221512,239,0
20260323,283,214081,238,0
20260323,284,260765,234,0
20260323,285,221362,234,0
20260323,286,221243,233,0
20260323,287,222506,232,0
20260323,288,259883,232,0
20260323,289,222189,232,0
20260323,290,206124,231,0
20260323,291,220757,231,0
20260323,292,215290,231,0
20260323,293,260203,231,0
20260323,294,256705,230,0
20260323,295,258199,229,0
20260323,296,215996,228,0
20260323,297,246493,228,0
20260323,298,260168,228,0
20260323,299,211844,222,0
20260323,300,221213,222,0
20260323,301,213908,221,0
20260323,302,216116,221,0
20260323,303,201555,219,0
20260323,304,213789,218,0
20260323,305,222965,217,0
20260323,306,259758,217,0
20260323,307,211846,216,0
20260323,308,221004,216,0
20260323,309,221099,216,0
20260323,310,220432,216,0
20260323,311,215501,215,0
20260323,312,201610,214,0
20260323,313,221220,211,0
20260323,314,206194,210,0
20260323,315,260171,209,0
20260323,316,239438,209,0
20260323,317,215878,208,0
20260323,318,222397,208,0
20260323,319,214521,206,0
20260323,320,214189,205,0
20260323,321,221395,205,0
20260323,322,215820,205,0
20260323,323,264075,204,0
20260323,324,215386,204,0
20260323,325,260581,203,0
20260323,326,246478,200,0
20260323,327,221191,199,0
20260323,328,222559,198,0
20260323,329,222944,198,0
20260323,330,215898,195,0
20260323,331,215726,194,0
20260323,332,266376,193,0
20260323,333,221382,193,0
20260323,334,215077,192,0
20260323,335,220589,191,0
20260323,336,220718,190,0
20260323,337,221905,189,0
20260323,338,260761,189,0
20260323,339,223410,189,0
20260323,340,221178,189,0
20260323,341,220735,188,0
20260323,342,222675,188,0
20260323,343,206345,188,0
20260323,344,239476,188,0
20260323,345,239397,187,0
20260323,346,215314,187,0
20260323,347,211342,185,0
20260323,348,231639,184,0
20260323,349,266622,184,0
20260323,350,214219,183,0
20260323,351,220781,183,0
20260323,352,221104,183,0
20260323,353,201483,182,0
20260323,354,215840,182,0
20260323,355,210847,182,0
20260323,356,256673,182,0
20260323,357,213949,181,0
20260323,358,201329,180,0
20260323,359,206374,180,0
20260323,360,221486,180,0
20260323,361,221159,180,0
20260323,362,216385,178,0
20260323,363,221768,177,0
20260323,364,236956,177,0
20260323,365,221014,177,0
20260323,366,262891,176,0
20260323,367,259853,175,0
20260323,368,213657,174,0
20260323,369,223302,174,0
20260323,370,211920,173,0
20260323,371,222296,168,0
20260323,372,215592,167,0
20260323,373,211529,167,0
20260323,374,211765,165,0
20260323,375,214301,165,0
20260323,376,252495,165,0
20260323,377,202688,165,0
20260323,378,213821,164,0
20260323,379,220364,163,0
20260323,380,203475,162,0
20260323,381,259794,162,0
20260323,382,203435,162,0
20260323,383,221000,161,0
20260323,384,206362,161,0
20260323,385,221096,160,0
20260323,386,214546,160,0
20260323,387,232881,160,0
20260323,388,221364,160,0
20260323,389,216139,159,0
20260323,390,260541,159,0
20260323,391,246481,158,0
20260323,392,215588,157,0
20260323,393,201666,157,0
20260323,394,211411,156,0
20260323,395,219887,156,0
20260323,396,235159,155,0
20260323,397,261038,155,0
20260323,398,215566,155,0
20260323,399,222276,155,0
20260323,400,221265,153,0
20260323,401,221023,152,0
20260323,402,221789,152,0
20260323,403,211820,151,0
20260323,404,260006,151,0
20260323,405,260206,151,0
20260323,406,264187,149,0
20260323,407,214930,149,0
20260323,408,206255,148,0
20260323,409,213734,148,0
20260323,410,214862,148,0
20260323,411,220489,147,0
20260323,412,211874,147,0
20260323,413,213974,147,0
20260323,414,254733,146,0
20260323,415,260510,146,0
20260323,416,220673,144,0
20260323,417,202410,144,0
20260323,418,260913,143,0
20260323,419,214992,143,0
20260323,420,203281,142,0
20260323,421,213849,141,0
20260323,422,216324,141,0
20260323,423,220598,141,0
20260323,424,221229,141,0
20260323,425,220554,140,0
20260323,426,221187,140,0
20260323,427,215468,140,0
20260323,428,223415,138,0
20260323,429,252587,138,0
20260323,430,215166,137,0
20260323,431,215550,137,0
20260323,432,221945,136,0
20260323,433,213753,136,0
20260323,434,203288,135,0
20260323,435,214653,134,0
20260323,436,216253,134,0
20260323,437,221242,133,0
20260323,438,220513,133,0
20260323,439,213837,132,0
20260323,440,211756,132,0
20260323,441,220502,131,0
20260323,442,216095,131,0
20260323,443,220808,128,0
20260323,444,269714,128,0
20260323,445,252493,127,0
20260323,446,231625,126,0
20260323,447,260514,126,0
20260323,448,214839,125,0
20260323,449,221157,125,0
20260323,450,239156,125,0
20260323,451,215018,124,0
20260323,452,210705,124,0
20260323,453,222171,124,0
20260323,454,221181,124,0
20260323,455,214418,124,0
20260323,456,260951,124,0
20260323,457,222454,124,0
20260323,458,221031,123,0
20260323,459,239442,123,0
20260323,460,219625,123,0
20260323,461,264228,123,0
20260323,462,215431,122,0
20260323,463,211329,122,0
20260323,464,215459,121,0
20260323,465,215064,120,0
20260323,466,221369,120,0
20260323,467,220613,120,0
20260323,468,214507,119,0
20260323,469,270058,118,0
20260323,470,220164,118,0
20260323,471,222986,118,0
20260323,472,266450,118,0
20260323,473,259591,117,0
20260323,474,245077,117,0
20260323,475,259913,117,0
20260323,476,264227,116,0
20260323,477,221020,116,0
20260323,478,222891,116,0
20260323,479,247647,115,0
20260323,480,216162,115,0
20260323,481,261049,114,0
20260323,482,236967,114,0
20260323,483,204394,114,0
20260323,484,202619,114,0
20260323,485,260763,113,0
20260323,486,221168,113,0
20260323,487,221443,113,0
20260323,488,216044,113,0
20260323,489,220306,112,0
20260323,490,203578,112,0
20260323,491,260565,112,0
20260323,492,267420,112,0
20260323,493,260667,111,0
20260323,494,222092,111,0
20260323,495,222273,111,0
20260323,496,260714,111,0
20260323,497,213771,111,0
20260323,498,223141,111,0
20260323,499,201616,110,0
20260323,500,240998,110,0
20260323,501,220447,109,0
20260323,502,221982,109,0
20260323,503,223100,109,0
20260323,504,221109,108,0
20260323,505,220827,108,0
20260323,506,204427,107,0
20260323,507,233742,107,0
20260323,508,260647,106,0
20260323,509,260539,106,0
20260323,510,211646,106,0
20260323,511,213998,105,0
20260323,512,244087,105,0
20260323,513,211809,104,0
20260323,514,221086,104,0
20260323,515,259916,104,0
20260323,516,216173,104,0
20260323,517,200748,103,0
20260323,518,222369,103,0
20260323,519,222297,102,0
20260323,520,220842,102,0
20260323,521,211063,102,0
20260323,522,216579,102,0
20260323,523,216268,102,0
20260323,524,203513,102,0
20260323,525,221247,101,0
20260323,526,215733,101,0
20260323,527,222859,101,0
20260323,528,221952,101,0
20260323,529,256712,101,0
20260323,530,214741,100,0
20260323,531,252488,100,0
20260323,532,216331,100,0
20260323,533,263872,99,0
20260323,534,215398,99,0
20260323,535,265197,99,0
20260323,536,214271,98,0
20260323,537,215971,98,0
20260323,538,214600,97,0
20260323,539,264967,97,0
20260323,540,201549,96,0
20260323,541,211328,96,0
20260323,542,211719,96,0
20260323,543,201554,95,0
20260323,544,214779,95,0
20260323,545,220351,95,0
20260323,546,216160,95,0
20260323,547,220560,94,0
20260323,548,260847,94,0
20260323,549,220946,94,0
20260323,550,221657,94,0
20260323,551,216076,93,0
20260323,552,257874,93,0
20260323,553,222458,93,0
20260323,554,221259,93,0
20260323,555,213947,92,0
20260323,556,216075,92,0
20260323,557,216007,92,0
20260323,558,214319,91,0
20260323,559,214238,91,0
20260323,560,201614,90,0
20260323,561,260142,90,0
20260323,562,214505,90,0
20260323,563,269755,89,0
20260323,564,261071,89,0
20260323,565,230880,89,0
20260323,566,260296,88,0
20260323,567,220597,88,0
20260323,568,263881,88,0
20260323,569,219892,88,0
20260323,570,201520,86,0
20260323,571,202434,85,0
20260323,572,211668,85,0
20260323,573,215163,85,0
20260323,574,206219,84,0
20260323,575,252531,84,0
20260323,576,221834,84,0
20260323,577,260446,84,0
20260323,578,260613,84,0
20260323,579,203591,83,0
20260323,580,222837,83,0
20260323,581,211222,83,0
20260323,582,266800,83,0
20260323,583,260737,83,0
20260323,584,202454,83,0
20260323,585,206248,83,0
20260323,586,221959,83,0
20260323,587,214007,83,0
20260323,588,215259,82,0
20260323,589,259690,82,0
20260323,590,214091,81,0
20260323,591,222347,81,0
20260323,592,221914,81,0
20260323,593,206102,80,0
20260323,594,221116,80,0
20260323,595,264144,80,0
20260323,596,260445,80,0
20260323,597,201611,79,0
20260323,598,215832,79,0
20260323,599,202921,79,0
20260323,600,221497,79,0
20260323,601,230882,79,0
20260323,602,239393,79,0
20260323,603,260490,79,0
20260323,604,221454,79,0
20260323,605,260966,78,0
20260323,606,263853,78,0
20260323,607,241717,78,0
20260323,608,214868,78,0
20260323,609,220429,78,0
20260323,610,260708,78,0
20260323,611,259967,77,0
20260323,612,210138,77,0
20260323,613,220550,77,0
20260323,614,265701,77,0
20260323,615,220496,77,0
20260323,616,215151,76,0
20260323,617,201524,76,0
20260323,618,254765,76,0
20260323,619,215472,76,0
20260323,620,220672,76,0
20260323,621,203354,75,0
20260323,622,216186,75,0
20260323,623,221473,75,0
20260323,624,261015,75,0
20260323,625,215013,75,0
20260323,626,264064,74,0
20260323,627,214909,74,0
20260323,628,216013,74,0
20260323,629,222390,74,0
20260323,630,210537,74,0
20260323,631,228909,74,0
20260323,632,214212,74,0
20260323,633,216051,73,0
20260323,634,225858,73,0
20260323,635,267882,73,0
20260323,636,259575,73,0
20260323,637,266448,73,0
20260323,638,264192,72,0
20260323,639,206406,72,0
20260323,640,260339,72,0
20260323,641,202430,72,0
20260323,642,222878,72,0
20260323,643,221003,72,0
20260323,644,266469,71,0
20260323,645,215802,71,0
20260323,646,215778,71,0
20260323,647,214540,71,0
20260323,648,221141,71,0
20260323,649,222481,71,0
20260323,650,252535,71,0
20260323,651,223203,70,0
20260323,652,213772,70,0
20260323,653,216062,70,0
20260323,654,233747,70,0
20260323,655,241714,70,0
20260323,656,220891,70,0
20260323,657,260141,70,0
20260323,658,215909,70,0
20260323,659,263869,69,0
20260323,660,263909,69,0
20260323,661,236980,69,0
20260323,662,202536,68,0
20260323,663,260787,68,0
20260323,664,215134,68,0
20260323,665,215545,68,0
20260323,666,202672,67,0
20260323,667,259567,67,0
20260323,668,214872,67,0
20260323,669,266901,67,0
20260323,670,267382,66,0
20260323,671,252571,66,0
20260323,672,222037,66,0
20260323,673,266864,66,0
20260323,674,204294,65,0
20260323,675,254748,65,0
20260323,676,221165,65,0
20260323,677,206075,64,0
20260323,678,215921,64,0
20260323,679,210526,64,0
20260323,680,213672,63,0
20260323,681,266937,63,0
20260323,682,259754,63,0
20260323,683,221370,63,0
20260323,684,221062,62,0
20260323,685,221469,62,0
20260323,686,234474,62,0
20260323,687,266431,62,0
20260323,688,220497,62,0
20260323,689,211269,61,0
20260323,690,213896,61,0
20260323,691,260254,61,0
20260323,692,258191,61,0
20260323,693,221465,60,0
20260323,694,245094,60,0
20260323,695,220392,60,0
20260323,696,239386,59,0
20260323,697,221994,59,0
20260323,698,260694,59,0
20260323,699,264130,58,0
20260323,700,215806,58,0
20260323,701,223120,58,0
20260323,702,266488,58,0
20260323,703,260225,58,0
20260323,704,203500,57,0
20260323,705,216038,57,0
20260323,706,260368,57,0
20260323,707,261097,57,0
20260323,708,225854,56,0
20260323,709,263626,56,0
20260323,710,252509,56,0
20260323,711,215707,56,0
20260323,712,260766,56,0
20260323,713,239158,56,0
20260323,714,220740,55,0
20260323,715,269870,55,0
20260323,716,237454,55,0
20260323,717,201585,54,0
20260323,718,213551,54,0
20260323,719,239422,54,0
20260323,720,263941,54,0
20260323,721,220645,54,0
20260323,722,204223,53,0
20260323,723,222184,53,0
20260323,724,214713,53,0
20260323,725,221192,53,0
20260323,726,220453,53,0
20260323,727,222346,53,0
20260323,728,265692,53,0
20260323,729,264207,53,0
20260323,730,264205,52,0
20260323,731,215019,52,0
20260323,732,235161,52,0
20260323,733,270076,52,0
20260323,734,220997,52,0
20260323,735,216587,51,0
20260323,736,265688,51,0
20260323,737,220578,51,0
20260323,738,213739,51,0
20260323,739,259820,51,0
20260323,740,221886,51,0
20260323,741,220053,51,0
20260323,742,266642,51,0
20260323,743,260032,51,0
20260323,744,206108,50,0
20260323,745,202464,50,0
20260323,746,222667,50,0
20260323,747,270080,50,0
20260323,748,233718,50,0
20260323,749,220494,50,0
20260323,750,260273,50,0
20260323,751,216180,50,0
20260323,752,216262,49,0
20260323,753,214020,49,0
20260323,754,214935,49,0
20260323,755,260762,49,0
20260323,756,221746,49,0
20260323,757,259858,49,0
20260323,758,221773,49,0
20260323,759,206335,48,0
20260323,760,260848,48,0
20260323,761,270082,48,0
20260323,762,221864,48,0
20260323,763,215505,48,0
20260323,764,201506,47,0
20260323,765,221903,47,0
20260323,766,260214,47,0
20260323,767,260101,46,0
20260323,768,202580,46,0
20260323,769,269717,46,0
20260323,770,266682,46,0
20260323,771,220684,46,0
20260323,772,239454,46,0
20260323,773,267651,46,0
20260323,774,206060,45,0
20260323,775,260042,45,0
20260323,776,216316,45,0
20260323,777,270061,45,0
20260323,778,220491,45,0
20260323,779,221568,45,0
20260323,780,214877,44,0
20260323,781,222330,44,0
20260323,782,221474,44,0
20260323,783,211544,44,0
20260323,784,222299,44,0
20260323,785,201518,43,0
20260323,786,267428,43,0
20260323,787,266771,43,0
20260323,788,263148,43,0
20260323,789,223402,43,0
20260323,790,228910,43,0
20260323,791,260582,43,0
20260323,792,260638,42,0
20260323,793,264140,42,0
20260323,794,204309,42,0
20260323,795,222421,42,0
20260323,796,202693,42,0
20260323,797,211541,42,0
20260323,798,215693,41,0
20260323,799,222255,41,0
20260323,800,223373,41,0
20260323,801,215966,41,0
20260323,802,214535,40,0
20260323,803,216107,40,0
20260323,804,216158,40,0
20260323,805,222305,40,0
20260323,806,216256,40,0
20260323,807,211951,39,0
20260323,808,210158,39,0
20260323,809,222262,39,0
20260323,810,260003,39,0
20260323,811,263995,38,0
20260323,812,220713,38,0
20260323,813,216078,38,0
20260323,814,239387,38,0
20260323,815,267176,38,0
20260323,816,264973,38,0
20260323,817,221585,38,0
20260323,818,267115,37,0
20260323,819,214696,37,0
20260323,820,211864,37,0
20260323,821,260167,37,0
20260323,822,266851,37,0
20260323,823,215697,37,0
20260323,824,221195,37,0
20260323,825,214934,37,0
20260323,826,203509,37,0
20260323,827,220642,37,0
20260323,828,202446,36,0
20260323,829,215879,36,0
20260323,830,266407,36,0
20260323,831,260845,36,0
20260323,832,221468,36,0
20260323,833,221219,36,0
20260323,834,266381,35,0
20260323,835,264151,35,0
20260323,836,259996,35,0
20260323,837,260226,35,0
20260323,838,203537,35,0
20260323,839,223326,35,0
20260323,840,264167,35,0
20260323,841,220591,35,0
20260323,842,221221,35,0
20260323,843,260277,35,0
20260323,844,258192,35,0
20260323,845,223418,35,0
20260323,846,264978,35,0
20260323,847,260279,35,0
20260323,848,219979,35,0
20260323,849,234481,35,0
20260323,850,239446,34,0
20260323,851,269864,34,0
20260323,852,221509,34,0
20260323,853,263980,34,0
20260323,854,214771,34,0
20260323,855,215015,34,0
20260323,856,222668,34,0
20260323,857,253681,33,0
20260323,858,230876,33,0
20260323,859,263974,33,0
20260323,860,260017,33,0
20260323,861,223421,33,0
20260323,862,266529,33,0
20260323,863,260062,33,0
20260323,864,264961,32,0
20260323,865,213721,32,0
20260323,866,270195,32,0
20260323,867,260612,32,0
20260323,868,264085,32,0
20260323,869,211511,32,0
20260323,870,267400,32,0
20260323,871,210672,32,0
20260323,872,225850,32,0
20260323,873,264131,32,0
20260323,874,214605,32,0
20260323,875,206336,32,0
20260323,876,266758,32,0
20260323,877,222367,31,0
20260323,878,215440,31,0
20260323,879,222028,31,0
20260323,880,260860,31,0
20260323,881,270078,31,0
20260323,882,201540,30,0
20260323,883,266455,30,0
20260323,884,267104,30,0
20260323,885,269866,30,0
20260323,886,260767,30,0
20260323,887,221139,30,0
20260323,888,220276,30,0
20260323,889,263801,30,0
20260323,890,222294,30,0
20260323,891,223146,30,0
20260323,892,220493,30,0
20260323,893,222856,29,0
20260323,894,201582,29,0
20260323,895,222000,29,0
20260323,896,268770,29,0
20260323,897,221862,29,0
20260323,898,223080,29,0
20260323,899,215795,29,0
20260323,900,259965,29,0
20260323,901,220825,28,0
20260323,902,211921,28,0
20260323,903,213976,28,0
20260323,904,266509,28,0
20260323,905,221741,28,0
20260323,906,222239,28,0
20260323,907,214901,28,0
20260323,908,235160,28,0
20260323,909,215177,28,0
20260323,910,223308,28,0
20260323,911,214800,27,0
20260323,912,259762,27,0
20260323,913,263677,27,0
20260323,914,221413,27,0
20260323,915,220614,27,0
20260323,916,255662,27,0
20260323,917,221173,27,0
20260323,918,239453,27,0
20260323,919,260433,27,0
20260323,920,261957,26,0
20260323,921,220690,26,0
20260323,922,256686,26,0
20260323,923,221440,26,0
20260323,924,220695,26,0
20260323,925,223404,26,0
20260323,926,264029,26,0
20260323,927,266659,26,0
20260323,928,214519,26,0
20260323,929,210913,25,0
20260323,930,260338,25,0
20260323,931,210500,25,0
20260323,932,260374,25,0
20260323,933,213948,25,0
20260323,934,245079,25,0
20260323,935,221210,24,0
20260323,936,213541,24,0
20260323,937,223163,24,0
20260323,938,213775,24,0
20260323,939,220470,24,0
20260323,940,220875,24,0
20260323,941,260528,24,0
20260323,942,260100,24,0
20260323,943,241745,24,0
20260323,944,221203,24,0
20260323,945,221542,24,0
20260323,946,202596,23,0
20260323,947,221624,23,0
20260323,948,221410,23,0
20260323,949,263751,23,0
20260323,950,267409,23,0
20260323,951,265040,23,0
20260323,952,264069,23,0
20260323,953,202916,23,0
20260323,954,267841,23,0
20260323,955,270165,23,0
20260323,956,219331,23,0
20260323,957,239102,22,0
20260323,958,221150,22,0
20260323,959,266645,22,0
20260323,960,260150,22,0
20260323,961,263622,22,0
20260323,962,270125,22,0
20260323,963,215492,22,0
20260323,964,246518,22,0
20260323,965,205815,21,0
20260323,966,259989,21,0
20260323,967,222225,21,0
20260323,968,260914,21,0
20260323,969,222762,21,0
20260323,970,267422,21,0
20260323,971,223375,21,0
20260323,972,216311,21,0
20260323,973,267022,21,0
20260323,974,270129,21,0
20260323,975,264150,21,0
20260323,976,252586,21,0
20260323,977,263687,21,0
20260323,978,264216,21,0
20260323,979,253679,21,0
20260323,980,261098,21,0
20260323,981,204434,20,0
20260323,982,269253,20,0
20260323,983,269954,20,0
20260323,984,264180,20,0
20260323,985,202858,20,0
20260323,986,215096,20,0
20260323,987,214182,20,0
20260323,988,270315,20,0
20260323,989,266379,20,0
20260323,990,221025,20,0
20260323,991,239478,20,0
20260323,992,211796,20,0
20260323,993,267431,20,0
20260323,994,259907,20,0
20260323,995,239160,20,0
20260323,996,215805,20,0
20260323,997,239390,19,0
20260323,998,260888,19,0
20260323,999,220887,19,0
20260323,1000,221915,19,0
20260330,1,214544,11025,20
20260330,2,214981,8108,22
20260330,3,221103,7278,20
20260330,4,216347,7263,20
20260330,5,202468,6243,22
20260330,6,216153,6180,21
20260330,7,202494,3965,16
20260330,8,211148,3907,20
20260330,9,239475,3531,21
20260330,10,259799,3121,20
20260330,11,214096,2993,16
20260330,12,202505,2983,19
20260330,13,206420,2973,26
20260330,14,222328,2801,23
20260330,15,211768,2324,21
20260330,16,260300,2105,22
20260330,17,220704,2040,24
20260330,18,201619,2026,19
20260330,19,223670,1953,25
20260330,20,210722,1936,22
20260330,21,214643,1845,23
20260330,22,214939,1813,22
20260330,23,211533,1765,21
20260330,24,220367,1598,27
20260330,25,215613,1540,27
20260330,26,213631,1480,24
20260330,27,216146,1473,18
20260330,28,221054,1465,23
20260330,29,201514,1459,23
20260330,30,221012,1458,15
20260330,31,233741,1435,28
20260330,32,213710,1431,27
20260330,33,221024,1394,25
20260330,34,216133,1383,25
20260330,35,211713,1382,26
20260330,36,206289,1370,25
20260330,37,215983,1358,27
20260330,38,211684,1348,24
20260330,39,222391,1339,20
20260330,40,239383,1321,19
20260330,41,222145,1317,28
20260330,42,211701,1299,23
20260330,43,220714,1280,27
20260330,44,214954,1263,14
20260330,45,223253,1255,28
20260330,46,220548,1237,20
20260330,47,213550,1217,26
20260330,48,222601,1210,23
20260330,49,215035,1165,24
20260330,50,238184,1161,17
20260330,51,201696,1158,20
20260330,52,206252,1155,19
20260330,53,220520,1138,26
20260330,54,215785,1096,26
20260330,55,222661,1092,22
20260330,56,221883,1080,31
20260330,57,202663,1059,24
20260330,58,206368,1055,17
20260330,59,219875,1047,26
20260330,60,213583,1047,34
20260330,61,222045,1046,26
20260330,62,201533,1031,25
20260330,63,221039,1029,29
20260330,64,211107,1012,23
20260330,65,221333,989,25
20260330,66,220435,978,33
20260330,67,214082,977,23
20260330,68,214388,966,28
20260330,69,216083,958,26
20260330,70,206242,942,25
20260330,71,220716,931,28
20260330,72,201709,921,26
20260330,73,215872,914,32
20260330,74,221407,898,26
20260330,75,201548,897,26
20260330,76,220332,893,23
20260330,77,220309,891,27
20260330,78,238075,890,29
20260330,79,203530,881,25
20260330,80,214040,880,31
20260330,81,220416,863,29
20260330,82,230870,850,25
20260330,83,211817,840,23
20260330,84,213646,837,26
20260330,85,213887,835,30
20260330,86,220465,831,27
20260330,87,211814,829,32
20260330,88,215899,825,29
20260330,89,263857,816,33
20260330,90,203501,814,11
20260330,91,220348,806,27
20260330,92,215910,804,33
20260330,93,220750,803,25
20260330,94,215713,800,21
20260330,95,223360,800,20
20260330,96,243420,795,29
20260330,97,219917,794,33
20260330,98,221985,791,29
20260330,99,215020,790,28
20260330,100,220662,786,28
20260330,101,215936,775,22
20260330,102,210886,773,29
20260330,103,221909,769,24
20260330,104,215219,762,22
20260330,105,215138,755,24
20260330,106,215306,755,29
20260330,107,223286,747,29
20260330,108,260172,741,16
20260330,109,211337,737,32
20260330,110,215337,731,19
20260330,111,205925,729,26
20260330,112,222290,724,28
20260330,113,211651,712,18
20260330,114,201499,707,16
20260330,115,202499,707,23
20260330,116,221307,706,19
20260330,117,215480,699,30
20260330,118,221257,699,31
20260330,119,211843,696,16
20260330,120,203389,680,13
20260330,121,206294,674,24
20260330,122,211685,655,26
20260330,123,252499,643,24
20260330,124,206417,631,32
20260330,125,214119,618,22
20260330,126,222966,613,28
20260330,127,214461,610,23
20260330,128,222233,603,18
20260330,129,221406,603,29
20260330,130,259733,600,27
20260330,131,239456,597,28
20260330,132,203514,588,30
20260330,133,216081,584,23
20260330,134,223321,580,28
20260330,135,214452,571,25
20260330,136,263644,566,18
20260330,137,202684,564,22
20260330,138,211880,559,23
20260330,139,221124,559,27
20260330,140,215370,553,20
20260330,141,201551,548,35
20260330,142,213666,543,24
20260330,143,220722,543,30
20260330,144,222258,541,22
20260330,145,220466,540,18
20260330,146,236957,540,28
20260330,147,210622,533,27
20260330,148,214593,526,27
20260330,149,213889,510,22
20260330,150,215572,506,28
20260330,151,220742,498,30
20260330,152,223194,497,28
20260330,153,221237,494,27
20260330,154,221626,490,19
20260330,155,201478,483,35
20260330,156,221236,481,25
20260330,157,236955,479,25
20260330,158,222017,464,25
20260330,159,267439,459,25
20260330,160,223325,458,23
20260330,161,214459,456,32
20260330,162,215037,448,24
20260330,163,202604,448,33
20260330,164,202493,446,34
20260330,165,215946,445,25
20260330,166,213576,442,27
20260330,167,221803,431,26
20260330,168,211316,431,28
20260330,169,202600,424,25
20260330,170,211702,420,27
20260330,171,220733,420,29
20260330,172,266671,420,22
20260330,173,223168,419,22
20260330,174,216097,416,26
20260330,175,215250,415,19
20260330,176,215992,414,28
20260330,177,214604,402,29
20260330,178,215571,401,29
20260330,179,216016,400,17
20260330,180,201593,400,7
20260330,181,211279,400,25
20260330,182,214181,395,26
20260330,183,216265,394,25
20260330,184,201621,391,30
20260330,185,216055,389,27
20260330,186,220699,387,27
20260330,187,221354,387,26
20260330,188,201545,385,16
20260330,189,211635,382,31
20260330,190,216566,380,13
20260330,191,213525,378,12
20260330,192,223335,378,22
20260330,193,223333,378,33
20260330,194,220680,375,22
20260330,195,204431,369,26
20260330,196,204411,368,15
20260330,197,214254,368,29
20260330,198,220454,366,25
20260330,199,239436,365,31
20260330,200,211227,364,23
20260330,1001,239390,19,9
20260330,1002,220887,19,9
20260330,1003,260297,19,4
20260330,1004,222202,19,5
20260330,1005,221463,19,6
20260330,1006,239478,19,6
20260330,1007,252586,19,6
20260330,1008,261066,19,6
20260330,1009,259981,19,8
20260330,1010,259907,19,8
20260330,1011,239160,19,9
20260330,1012,260261,19,9
20260330,1013,221740,19,11
20260330,1014,212043,18,10
20260330,1015,266651,18,6
20260330,1016,215696,18,11
20260330,1017,264975,18,2
20260330,1018,223160,18,2
20260330,1019,260306,18,3
20260330,1020,221371,18,3
20260330,1021,259576,18,4
20260330,1021,269275,18,4
20260330,1023,270159,18,4
20260330,1024,266765,18,6
20260330,1025,266533,18,6
20260330,1026,260224,18,7
20260330,1027,267449,18,8
20260330,1028,259854,18,9
20260330,1029,222177,18,10
20260330,1030,215712,18,11
20260330,1031,265207,17,6
20260330,1032,211260,17,2
20260330,1033,269710,17,2
20260330,1033,211021,17,2
20260330,1035,268787,17,3
20260330,1036,270320,17,3
20260330,1037,223398,17,4
20260330,1038,201481,17,4
20260330,1039,264073,17,4
20260330,1040,266720,17,5
20260330,1041,222602,17,5
20260330,1042,224485,17,6
20260330,1043,266523,17,6
20260330,1044,260871,17,6
20260330,1045,221736,17,7
20260330,1046,221055,17,8
20260330,1047,239449,17,9
20260330,1048,221148,17,9
20260330,1049,249659,17,9
20260330,1050,260323,17,10
20260330,1051,211043,16,8
20260330,1052,266722,16,7
20260330,1053,220297,16,9
20260330,1054,246476,16,9
20260330,1055,269954,16,2
20260330,1056,270449,16,2
20260330,1056,270322,16,2
20260330,1056,260842,16,2
20260330,1059,239474,16,5
20260330,1060,260777,16,5
20260330,1061,260398,16,6
20260330,1062,259797,16,6
20260330,1063,223411,16,7
20260330,1064,223284,16,8
20260330,1065,261082,16,8
20260330,1066,214398,16,8
20260330,1067,267425,16,9
20260330,1068,269254,16,9
20260330,1068,267932,16,9
20260330,1070,270262,15,1
20260330,1071,201565,15,3
20260330,1072,221441,15,6
20260330,1073,261964,15,8
20260330,1074,270100,15,4
20260330,1075,259713,15,5
20260330,1076,213830,15,7
20260330,1077,205964,15,1
20260330,1078,267534,15,2
20260330,1079,223399,15,3
20260330,1080,222137,15,3
20260330,1081,270091,15,4
20260330,1082,214784,15,4
20260330,1083,269772,15,5
20260330,1084,262883,15,5
20260330,1085,252519,15,6
20260330,1086,220564,15,6
20260330,1086,222213,15,6
20260330,1088,220551,15,6
20260330,1089,252582,15,7
20260330,1090,260717,15,7
20260330,1091,221310,15,7
20260330,1091,220689,15,7
20260330,1093,202387,15,7
20260330,1094,215372,15,8
20260330,1094,237465,15,8
20260330,1096,215467,15,8
20260330,1097,259113,15,8
20260330,1098,219444,15,9
20260330,1099,260984,15,9
20260330,1100,260400,15,12
20260330,1101,260580,14,2
20260330,1102,211285,14,8
20260330,1103,269259,14,3
20260330,1104,260711,14,4
20260330,1105,216225,14,6
20260330,1106,221069,14,9
20260330,1107,202669,14,1
20260330,1108,270019,14,3
20260330,1109,267180,14,4
20260330,1110,219983,14,5
20260330,1111,215970,14,5
20260330,1111,241715,14,5
20260330,1113,219872,14,5
20260330,1114,214503,14,6
20260330,1115,261968,14,6
20260330,1116,222376,14,7
20260330,1117,244079,14,8
20260330,1118,220048,14,8
20260330,1119,260085,14,8
20260330,1120,239126,14,9
20260330,1120,260556,14,9
20260330,1122,263676,14,10
20260330,1123,201318,13,1
20260330,1124,215721,13,7
20260330,1125,259739,13,8
20260330,1126,213584,13,2
20260330,1126,267616,13,2
20260330,1126,211407,13,2
20260330,1129,261278,13,2
20260330,1129,267920,13,2
20260330,1131,261008,13,3
20260330,1132,216340,13,3
20260330,1132,214746,13,3
20260330,1134,266629,13,4
20260330,1135,264280,13,4
20260330,1136,215236,13,5
20260330,1137,269734,13,5
20260330,1138,264505,13,6
20260330,1139,269835,13,6
20260330,1140,222734,13,7
20260330,1140,203370,13,7
20260330,1142,269801,13,7
20260330,1142,261104,13,7
20260330,1144,260185,13,7
20260330,1145,221158,13,7
20260330,1146,266795,13,7
20260330,1147,225861,13,8
20260330,1148,266549,13,11
20260330,1149,215735,12,7
20260330,1150,221933,12,8
20260330,1151,261133,12,6
20260330,1152,269872,12,7
20260330,1153,261132,12,8
20260330,1154,221688,12,1
20260330,1155,223159,12,2
20260330,1156,269838,12,2
20260330,1157,270132,12,3
20260330,1157,260926,12,3
20260330,1157,221929,12,3
20260330,1157,264510,12,3
20260330,1157,260631,12,3
20260330,1162,201431,12,3
20260330,1162,220391,12,3
20260330,1164,260693,12,3
20260330,1164,214019,12,3
20260330,1166,259590,12,4
20260330,1167,264107,12,5
20260330,1167,221025,12,5
20260330,1169,214460,12,5
20260330,1170,216315,12,6
20260330,1171,222748,12,7
20260330,1172,268772,12,8
20260330,1172,263889,12,8
20260330,1174,264226,12,8
20260330,1175,211592,11,7
20260330,1176,263905,11,7
20260330,1177,260827,11,1
20260330,1178,222557,11,2
20260330,1179,265628,11,3
20260330,1180,267540,11,4
20260330,1180,220436,11,4
20260330,1182,214450,11,4
20260330,1183,270274,11,4
20260330,1184,221913,11,5
20260330,1185,265020,11,5
20260330,1186,202478,11,5
20260330,1187,266374,11,6
20260330,1187,214277,11,6
20260330,1187,215854,11,6
20260330,1190,223435,11,7
20260330,1190,260583,11,7
20260330,1192,259998,11,7
20260330,1192,268778,11,7
20260330,1194,206161,11,7
20260330,1195,236968,11,8
20260330,1196,241735,11,9
20260330,1196,260378,11,9
20260330,1198,220563,11,10
20260330,1199,216381,11,11
20260330,1200,266383,10,4
20260330,1201,206205,10,9
20260330,1202,266378,10,2
20260330,1203,238209,10,2
20260330,1204,266476,10,3
20260330,1204,263858,10,3
20260330,1206,253665,10,3
20260330,1207,233725,10,3
20260330,1207,266819,10,3
20260330,1209,260604,10,4
20260330,1209,221377,10,4
20260330,1209,221621,10,4
20260330,1212,263940,10,4
20260330,1213,257867,10,4
20260330,1214,265713,10,5
20260330,1214,267387,10,5
20260330,1214,222215,10,5
20260330,1217,259914,10,5
20260330,1218,215926,10,5
20260330,1219,219754,10,5
20260330,1220,201691,10,6
20260330,1221,214974,10,6
20260330,1221,223198,10,6
20260330,1221,220394,10,6
20260330,1224,259964,10,6
20260330,1224,266409,10,6
20260330,1226,211600,10,7
20260330,1227,223389,10,7
20260330,1228,222318,10,7
20260330,1229,222613,10,8
20260330,1229,221258,10,8
20260330,1231,216405,10,8
20260330,1232,263775,9,6
20260330,1233,211779,9,6
20260330,1234,205562,9,6
20260330,1235,270302,9,6
20260330,1236,215085,9,3
20260330,1237,270266,9,3
20260330,1238,221396,9,3
20260330,1239,219874,9,4
20260330,1239,266543,9,4
20260330,1239,267734,9,4
20260330,1239,238068,9,4
20260330,1239,263625,9,4
20260330,1244,270194,9,4
20260330,1245,267441,9,4
20260330,1246,221940,9,5
20260330,1246,259769,9,5
20260330,1248,246484,9,5
20260330,1249,223153,9,5
20260330,1249,221371,9,5
20260330,1249,261094,9,5
20260330,1252,220286,9,5
20260330,1252,220512,9,5
20260330,1254,221013,9,6
20260330,1254,239484,9,6
20260330,1254,267435,9,6
20260330,1257,260828,9,7
20260330,1258,260774,9,8
20260330,1259,221197,9,9
20260330,1260,267545,8,3
20260330,1261,259104,8,4
20260330,1262,270072,8,3
20260330,1262,260839,8,3
20260330,1262,222377,8,3
20260330,1262,269943,8,3
20260330,1262,260622,8,3
20260330,1262,259849,8,3
20260330,1268,263981,8,3
20260330,1268,260159,8,3
20260330,1270,264063,8,3
20260330,1271,202639,8,4
20260330,1271,266467,8,4
20260330,1273,205492,8,4
20260330,1273,270281,8,4
20260330,1275,260122,8,4
20260330,1275,223397,8,4
20260330,1277,215161,8,5
20260330,1277,220469,8,5
20260330,1279,267722,8,5
20260330,1279,220633,8,5
20260330,1279,267723,8,5
20260330,1279,264252,8,5
20260330,1283,220492,8,6
20260330,1283,257881,8,6
20260330,1283,237467,8,6
20260330,1283,230120,8,6
20260330,1283,221524,8,6
20260330,1283,269906,8,6
20260330,1283,221771,8,6
20260330,1283,260742,8,6
20260330,1283,264966,8,6
20260330,1292,221315,8,6
20260330,1292,222158,8,6
20260330,1294,216156,8,7
20260330,1295,202440,7,4
20260330,1296,256710,7,7
20260330,1297,201539,7,4
20260330,1297,260888,7,4
20260330,1299,266686,7,3
20260330,1299,222847,7,3
20260330,1299,215956,7,3
20260330,1299,257898,7,3
20260330,1299,263890,7,3
20260330,1299,264275,7,3
20260330,1299,221030,7,3
20260330,1299,267473,7,3
20260330,1299,254760,7,3
20260330,1308,260091,7,3
20260330,1308,222606,7,3
20260330,1308,267423,7,3
20260330,1308,222061,7,3
20260330,1308,259623,7,3
20260330,1308,221214,7,3
20260330,1308,264215,7,3
20260330,1315,259719,7,4
20260330,1315,215647,7,4
20260330,1315,260204,7,4
20260330,1315,264138,7,4
20260330,1319,220289,7,4
20260330,1319,270186,7,4
20260330,1321,221083,7,5
20260330,1321,246485,7,5
20260330,1321,263701,7,5
20260330,1321,270115,7,5
20260330,1321,261021,7,5
20260330,1321,260881,7,5
20260330,1321,256682,7,5
20260330,1321,263717,7,5
20260330,1321,264114,7,5
20260330,1330,260993,7,5
20260330,1331,221269,7,7
20260330,1331,238071,7,7
20260330,1331,260715,7,7
20260330,1331,216140,7,7
20260330,1331,267695,7,7
20260330,1336,263978,6,4
20260330,1337,220422,6,6
20260330,1338,215043,6,4
20260330,1339,215222,6,6
20260330,1339,270133,6,6
20260330,1341,270047,6,3
20260330,1341,260455,6,3
20260330,1341,222035,6,3
20260330,1344,222637,6,3
20260330,1344,259608,6,3
20260330,1344,223356,6,3
20260330,1347,222332,6,4
20260330,1347,222309,6,4
20260330,1347,266805,6,4
20260330,1347,267462,6,4
20260330,1347,260653,6,4
20260330,1347,260066,6,4
20260330,1347,267465,6,4
20260330,1347,266781,6,4
20260330,1347,266492,6,4
20260330,1347,260792,6,4
20260330,1347,221422,6,4
20260330,1347,216092,6,4
20260330,1347,266532,6,4
20260330,1347,211208,6,4
20260330,1347,220772,6,4
20260330,1347,260962,6,4
20260330,1347,260373,6,4
20260330,1347,267927,6,4
20260330,1347,216073,6,4
20260330,1347,260503,6,4
20260330,1347,221515,6,4
20260330,1368,223352,6,5
20260330,1369,269757,6,6
20260330,1369,237481,6,6
20260330,1369,220071,6,6
20260330,1369,267408,6,6
20260330,1369,222520,6,6
20260330,1369,252494,6,6
20260330,1375,201527,5,3
20260330,1376,201399,5,4
20260330,1377,264986,5,5
20260330,1378,267525,5,3
20260330,1378,270350,5,3
20260330,1380,248660,5,4
20260330,1381,201672,5,3
20260330,1381,263766,5,3
20260330,1381,270164,5,3
20260330,1381,264248,5,3
20260330,1381,222274,5,3
20260330,1381,260974,5,3
20260330,1381,263706,5,3
20260330,1381,270237,5,3
20260330,1381,258195,5,3
20260330,1381,259887,5,3
20260330,1381,233729,5,3
20260330,1381,267748,5,3
20260330,1381,270383,5,3
20260330,1381,245076,5,3
20260330,1381,246489,5,3
20260330,1381,221963,5,3
20260330,1381,264198,5,3
20260330,1381,239172,5,3
20260330,1381,223452,5,3
20260330,1381,221923,5,3
20260330,1381,267424,5,3
20260330,1381,215174,5,3
20260330,1381,266372,5,3
20260330,1381,263962,5,3
20260330,1381,264243,5,3
20260330,1381,267671,5,3
20260330,1381,231641,5,3
20260330,1381,222623,5,3
20260330,1381,266713,5,3
20260330,1410,222161,5,4
20260330,1410,259803,5,4
20260330,1410,263809,5,4
20260330,1410,221346,5,4
20260330,1410,230121,5,4
20260330,1410,260464,5,4
20260330,1410,260893,5,4
20260330,1417,215430,5,5
20260330,1417,266593,5,5
20260330,1417,265195,5,5
20260330,1417,260723,5,5
20260330,1417,264229,5,5
20260330,1417,252565,5,5
20260330,1417,259569,5,5
20260330,1417,259614,5,5
20260330,1425,221988,4,4
20260330,1425,212034,4,4
20260330,1425,265610,4,4
20260330,1428,254770,4,3
20260330,1428,261129,4,3
20260330,1428,260674,4,3
20260330,1428,260178,4,3
20260330,1428,270154,4,3
20260330,1428,260393,4,3
20260330,1428,222095,4,3
20260330,1428,221222,4,3
20260330,1428,223006,4,3
20260330,1428,220687,4,3
20260330,1428,223268,4,3
20260330,1428,267083,4,3
20260330,1440,260479,4,4
20260330,1440,266700,4,4
20260330,1440,269773,4,4
20260330,1440,242450,4,4
20260330,1440,260709,4,4
20260330,1440,260779,4,4
20260330,1440,241018,4,4
20260330,1440,269753,4,4
20260330,1440,264998,4,4
20260330,1440,270258,4,4
20260330,1440,266849,4,4
20260330,1440,223371,4,4
20260330,1440,263838,4,4
20260330,1440,223416,4,4
20260330,1440,270066,4,4
20260330,1440,252487,4,4
20260330,1440,241003,4,4
20260330,1440,269937,4,4
20260330,1440,221520,4,4
20260330,1440,238205,4,4
20260330,1440,222180,4,4
20260330,1440,267732,4,4
20260330,1462,213596,3,3
20260330,1462,202453,3,3
20260330,1464,264086,3,3
20260330,1464,269948,3,3
20260330,1464,264242,3,3
20260330,1468,260867,3,3
20260330,1468,270463,3,3
20260330,1468,266892,3,3
20260330,1468,256711,3,3
20260330,1468,264079,3,3
20260330,1468,240163,3,3
20260330,1474,234223,3,3
20260330,1474,249668,3,3
20260330,1474,270117,3,3
20260330,1474,239477,3,3
20260330,1474,260957,3,3
20260330,1474,213898,3,3
20260330,1474,259763,3,3
20260330,1474,239157,3,3
20260330,1474,263666,3,3
20260330,1474,269732,3,3
20260330,1474,236989,3,3
20260330,1474,270109,3,3
20260330,1474,269267,3,3
20260330,1474,270207,3,3
20260330,1474,266591,3,3
20260330,1474,270039,3,3
20260330,1474,269775,3,3
20260330,1474,263866,3,3
20260330,1474,220934,3,3
20260330,1474,266463,3,3
20260330,1474,222866,3,3
20260330,1474,259990,3,3
20260330,1474,234506,3,3
20260330,1474,269797,3,3
20260330,1474,205789,3,3
20260330,1474,222845,3,3
20260330,1474,235154,3,3
20260330,1474,264139,3,3
20260330,1474,213827,3,3
20260330,1474,267937,3,3
20260330,1474,221207,3,3
20260330,1474,269769,3,3
20260330,1474,266772,3,3
20260330,1474,244077,3,3
20260330,1474,255666,3,3
20260330,1474,216198,3,3
20260330,1474,221979,3,3
20260330,1474,270139,3,3
20260330,1474,267493,3,3
20260330,1474,260443,3,3
20260330,1474,223071,3,3
20260330,1474,269878,3,3
20260330,1474,214891,3,3
20260330,1474,235155,3,3
20260330,1474,264270,3,3
20260330,1474,220790,3,3
20260330,1474,238084,3,3
20260330,1474,269718,3,3
20260330,1474,264068,3,3
20260330,1474,266852,3,3
20260330,1474,264980,3,3
20260330,1474,261092,3,3
20260330,1474,246480,3,3
20260330,201,206292,356,22
20260330,202,211552,352,28
20260330,203,215453,344,30
20260330,204,201458,340,6
20260330,205,247669,340,23
20260330,206,220446,339,27
20260330,207,232447,335,23
20260330,208,222156,335,25
20260330,209,239389,334,26
20260330,210,214480,332,30
20260330,211,213706,329,33
20260330,212,206007,328,31
20260330,213,211901,326,30
20260330,214,216074,325,22
20260330,215,214149,324,30
20260330,216,211539,323,13
20260330,217,236972,323,18
20260330,218,222980,323,18
20260330,219,256684,319,16
20260330,220,215988,319,31
20260330,221,210303,315,36
20260330,222,214826,315,29
20260330,223,214906,313,20
20260330,224,213873,313,30
20260330,225,223087,312,20
20260330,226,202662,310,25
20260330,227,213544,308,14
20260330,228,214262,308,25
20260330,229,223323,308,30
20260330,230,214684,305,32
20260330,231,204419,304,23
20260330,232,214386,300,19
20260330,233,221018,298,26
20260330,234,211344,298,30
20260330,235,222919,298,22
20260330,236,260664,296,17
20260330,237,203564,295,32
20260330,238,221434,293,23
20260330,239,214937,293,20
20260330,240,213779,291,32
20260330,241,211095,288,14
20260330,242,216367,288,28
20260330,243,221164,288,28
20260330,244,211643,288,26
20260330,245,221911,287,36
20260330,246,264149,286,24
20260330,247,214646,283,27
20260330,248,213620,276,27
20260330,249,259685,274,20
20260330,250,206430,274,26
20260330,251,221073,274,30
20260330,252,214236,270,34
20260330,253,222080,269,22
20260330,254,212303,268,31
20260330,255,221885,268,23
20260330,256,260203,268,18
20260330,257,201662,267,5
20260330,258,220770,267,24
20260330,259,201606,265,12
20260330,260,259871,265,17
20260330,261,215290,263,28
20260330,262,206124,262,19
20260330,263,203463,261,23
20260330,264,215042,260,21
20260330,265,223331,259,12
20260330,266,239392,259,31
20260330,267,221411,259,23
20260330,268,213767,257,20
20260330,269,264075,254,13
20260330,270,201555,252,13
20260330,271,214919,247,25
20260330,272,261972,245,17
20260330,273,259857,245,19
20260330,274,221209,244,20
20260330,275,215614,244,31
20260330,276,261963,243,15
20260330,277,216213,242,24
20260330,278,260598,240,27
20260330,279,222506,239,31
20260330,280,221512,239,15
20260330,281,258199,239,30
20260330,282,214081,238,16
20260330,283,221243,236,21
20260330,284,260765,234,12
20260330,285,260168,234,19
20260330,286,222189,232,32
20260330,287,260170,231,29
20260330,288,220757,231,34
20260330,289,201586,230,16
20260330,290,211878,229,26
20260330,291,215062,228,16
20260330,292,246493,228,25
20260330,293,201613,224,24
20260330,294,259883,224,12
20260330,295,213908,221,21
20260330,296,221004,221,21
20260330,297,221213,221,14
20260330,298,216116,221,22
20260330,299,215996,220,22
20260330,300,260581,220,27
20260330,301,238064,219,13
20260330,302,213789,218,25
20260330,303,260171,217,21
20260330,304,221099,216,29
20260330,305,221362,216,18
20260330,306,201610,213,17
20260330,307,256705,212,28
20260330,308,215807,211,27
20260330,309,239438,209,17
20260330,310,215077,208,28
20260330,311,221220,208,24
20260330,312,215820,208,29
20260330,313,222397,208,20
20260330,314,211846,206,26
20260330,315,221104,205,21
20260330,316,259758,204,25
20260330,317,215386,203,19
20260330,318,214521,202,27
20260330,319,206194,202,23
20260330,320,211844,201,27
20260330,321,214189,201,24
20260330,322,266376,201,9
20260330,323,221486,201,18
20260330,324,215898,200,22
20260330,325,215726,199,32
20260330,326,206345,199,19
20260330,327,221382,199,28
20260330,328,222944,198,18
20260330,329,221395,197,18
20260330,330,222965,195,22
20260330,331,221191,194,23
20260330,332,246478,193,22
20260330,333,216385,193,13
20260330,334,215840,192,27
20260330,335,210847,190,21
20260330,336,260761,189,12
20260330,337,221178,189,21
20260330,338,215501,189,21
20260330,339,201329,188,7
20260330,340,220735,188,22
20260330,341,223410,188,25
20260330,342,220432,188,23
20260330,343,213657,188,26
20260330,344,266622,188,18
20260330,345,202460,187,8
20260330,346,215314,187,18
20260330,347,222559,186,26
20260330,348,221014,186,23
20260330,349,211342,185,19
20260330,350,231639,184,16
20260330,351,214219,183,20
20260330,352,201483,183,22
20260330,353,206374,180,10
20260330,354,236956,179,25
20260330,355,262891,178,13
20260330,356,221159,178,19
20260330,357,256673,177,15
20260330,358,213949,176,28
20260330,359,222675,176,16
20260330,360,220781,176,26
20260330,361,221768,175,23
20260330,362,211920,173,18
20260330,363,260006,172,23
20260330,364,223302,172,19
20260330,365,239397,170,25
20260330,366,239476,170,20
20260330,367,211529,170,20
20260330,368,221905,169,5
20260330,369,222296,169,5
20260330,370,215592,166,25
20260330,371,214301,165,21
20260330,372,259794,165,20
20260330,373,252495,165,8
20260330,374,216139,165,26
20260330,375,260206,165,22
20260330,376,220554,164,15
20260330,377,221000,164,30
20260330,378,259853,163,20
20260330,379,203435,162,30
20260330,380,206362,161,23
20260330,381,221096,160,20
20260330,382,220364,160,35
20260330,383,260541,159,20
20260330,384,221364,159,22
20260330,385,246481,157,19
20260330,386,220718,157,18
20260330,387,201666,157,22
20260330,388,220589,156,15
20260330,389,215588,156,27
20260330,390,215566,156,26
20260330,391,261038,155,13
20260330,392,232881,155,28
20260330,393,219887,155,17
20260330,394,214862,154,18
20260330,395,213821,152,22
20260330,396,221789,152,15
20260330,397,215878,151,22
20260330,398,220489,150,27
20260330,399,211820,150,17
20260330,400,211874,150,21
20260330,401,221023,150,24
20260330,402,222276,149,20
20260330,403,211411,147,10
20260330,404,213974,147,25
20260330,405,202688,146,21
20260330,406,260510,146,20
20260330,407,203475,145,15
20260330,408,220673,145,25
20260330,409,235159,145,20
20260330,410,254733,145,23
20260330,411,214546,144,28
20260330,412,264187,144,20
20260330,413,260913,143,24
20260330,414,216095,143,26
20260330,415,216324,143,17
20260330,416,214930,143,15
20260330,417,206255,142,13
20260330,418,223415,140,26
20260330,419,221187,139,21
20260330,420,203281,139,23
20260330,421,252587,138,32
20260330,422,214992,137,17
20260330,423,221242,137,17
20260330,424,215166,137,15
20260330,425,214653,137,20
20260330,426,211765,136,15
20260330,427,213849,136,27
20260330,428,261049,136,23
20260330,429,215550,136,17
20260330,430,215468,136,14
20260330,431,211329,136,28
20260330,432,221945,135,25
20260330,433,203288,135,19
20260330,434,202410,135,25
20260330,435,221265,134,19
20260330,436,221229,134,20
20260330,437,216253,132,19
20260330,438,211756,131,10
20260330,439,219625,130,20
20260330,440,213837,129,18
20260330,441,231625,129,21
20260330,442,220598,129,17
20260330,443,221369,128,20
20260330,444,269714,128,9
20260330,445,220808,127,12
20260330,446,221157,127,22
20260330,447,260514,127,19
20260330,448,213753,126,15
20260330,449,221181,126,27
20260330,450,239156,125,21
20260330,451,221109,125,20
20260330,452,215018,124,18
20260330,453,220502,124,19
20260330,454,222171,124,21
20260330,455,214418,124,16
20260330,456,260951,124,8
20260330,457,222454,124,9
20260330,458,211063,123,28
20260330,459,221031,122,21
20260330,460,259591,122,20
20260330,461,222092,122,23
20260330,462,264228,121,19
20260330,463,210705,120,8
20260330,464,215459,120,20
20260330,465,220613,120,18
20260330,466,220513,120,20
20260330,467,214507,119,17
20260330,468,239442,119,21
20260330,469,220306,119,18
20260330,470,220164,117,14
20260330,471,222986,117,22
20260330,472,221982,116,22
20260330,473,222891,116,22
20260330,474,236967,115,18
20260330,475,216162,115,21
20260330,476,270058,114,9
20260330,477,204394,114,18
20260330,478,200748,113,9
20260330,479,215431,113,25
20260330,480,260763,113,19
20260330,481,221168,113,20
20260330,482,215398,113,22
20260330,483,245077,113,23
20260330,484,267420,113,18
20260330,485,223141,113,22
20260330,486,220447,112,18
20260330,487,221020,112,18
20260330,488,260565,112,17
20260330,489,260667,111,16
20260330,490,222273,111,21
20260330,491,260714,111,12
20260330,492,260539,111,19
20260330,493,223100,111,20
20260330,494,240998,110,9
20260330,495,214839,108,15
20260330,496,247647,108,20
20260330,497,216044,108,18
20260330,498,211646,108,19
20260330,499,233742,107,25
20260330,500,221443,107,18
20260330,501,264227,106,14
20260330,502,260647,106,20
20260330,503,222369,105,25
20260330,504,213998,105,24
20260330,505,213734,104,10
20260330,506,202619,104,14
20260330,507,213771,103,18
20260330,508,220827,103,19
20260330,509,252493,102,19
20260330,510,211809,102,14
20260330,511,259913,102,15
20260330,512,221247,101,14
20260330,513,222859,101,20
20260330,514,221952,101,14
20260330,515,244087,101,16
20260330,516,263881,101,20
20260330,517,222297,100,14
20260330,518,214741,100,16
20260330,519,203578,100,9
20260330,520,265197,100,17
20260330,521,216331,100,20
20260330,522,263872,99,13
20260330,523,215064,99,14
20260330,524,204427,98,12
20260330,525,220842,98,10
20260330,526,216268,98,12
20260330,527,214271,98,18
20260330,528,215971,98,21
20260330,529,252488,97,19
20260330,530,214600,97,12
20260330,531,216173,97,19
20260330,532,266450,97,21
20260330,533,215733,96,22
20260330,534,211328,96,18
20260330,535,211719,96,18
20260330,536,260847,96,11
20260330,537,201554,95,11
20260330,538,216160,95,18
20260330,539,220351,94,17
20260330,540,201549,93,6
20260330,541,216076,93,14
20260330,542,220946,93,16
20260330,543,221657,93,18
20260330,544,216579,92,19
20260330,545,213947,92,17
20260330,546,221259,92,14
20260330,547,216007,92,15
20260330,548,221959,92,21
20260330,549,214091,91,17
20260330,550,214238,91,20
20260330,551,256712,91,20
20260330,552,219892,91,21
20260330,553,260142,90,10
20260330,554,201585,89,7
20260330,555,259916,89,11
20260330,556,214505,89,13
20260330,557,214319,88,18
20260330,558,260296,87,16
20260330,559,203513,87,10
20260330,560,230880,87,18
20260330,561,215163,85,16
20260330,562,203591,84,14
20260330,563,220560,84,21
20260330,564,206219,84,11
20260330,565,211668,84,11
20260330,566,252531,84,14
20260330,567,264967,84,13
20260330,568,220496,84,24
20260330,569,221834,84,6
20260330,570,260446,84,17
20260330,571,266800,83,11
20260330,572,269755,83,12
20260330,573,260737,83,13
20260330,574,261071,83,17
20260330,575,260613,83,19
20260330,576,214007,83,23
20260330,577,222837,82,14
20260330,578,259575,82,19
20260330,579,216075,82,14
20260330,580,266448,82,18
20260330,581,221914,81,19
20260330,582,259690,80,23
20260330,583,222458,80,18
20260330,584,221116,80,8
20260330,585,206248,80,15
20260330,586,260445,80,17
20260330,587,220597,79,14
20260330,588,206102,79,17
20260330,589,264144,79,10
20260330,590,230882,79,13
20260330,591,260708,79,17
20260330,592,260490,79,19
20260330,593,260966,78,12
20260330,594,221086,78,10
20260330,595,216186,78,14
20260330,596,241717,78,9
20260330,597,202921,78,11
20260330,598,221497,78,11
20260330,599,214868,78,11
20260330,600,215545,78,17
20260330,601,239393,78,17
20260330,602,215259,77,19
20260330,603,203354,77,16
20260330,604,220550,77,12
20260330,605,214779,77,12
20260330,606,265701,77,11
20260330,607,220672,77,22
20260330,608,201520,76,6
20260330,609,210138,76,19
20260330,610,216062,76,12
20260330,611,263853,76,13
20260330,612,254765,76,12
20260330,613,261015,76,14
20260330,614,215472,76,18
20260330,615,201616,75,9
20260330,616,215151,75,17
20260330,617,225858,75,14
20260330,618,221473,75,8
20260330,619,257874,74,21
20260330,620,260339,74,12
20260330,621,222390,74,13
20260330,622,220429,74,14
20260330,623,264064,73,18
20260330,624,216051,73,18
20260330,625,211222,73,11
20260330,626,201524,73,18
20260330,627,216013,73,11
20260330,628,221003,73,19
20260330,629,264192,72,6
20260330,630,206406,72,14
20260330,631,214909,72,11
20260330,632,222878,72,13
20260330,633,214212,72,20
20260330,634,202454,71,12
20260330,635,233747,70,18
20260330,636,222347,70,14
20260330,637,241714,70,15
20260330,638,215013,70,16
20260330,639,220891,70,19
20260330,640,260141,70,22
20260330,641,221454,70,23
20260330,642,202434,69,10
20260330,643,266469,69,11
20260330,644,223203,69,8
20260330,645,215778,69,8
20260330,646,263909,69,11
20260330,647,202430,69,12
20260330,648,252535,69,22
20260330,649,215909,69,23
20260330,650,260787,68,10
20260330,651,215134,68,22
20260330,652,222481,68,16
20260330,653,210537,68,17
20260330,654,228909,68,17
20260330,655,258191,68,20
20260330,656,259967,67,10
20260330,657,202672,67,26
20260330,658,214872,67,19
20260330,659,213772,67,15
20260330,660,236980,67,17
20260330,661,267382,66,6
20260330,662,252571,66,20
20260330,663,213739,66,17
20260330,664,266901,66,13
20260330,665,222037,66,6
20260330,666,266864,66,8
20260330,667,252509,66,13
20260330,668,221141,66,15
20260330,669,267882,65,14
20260330,670,215832,65,13
20260330,671,254748,65,5
20260330,672,206075,64,17
20260330,673,213672,63,10
20260330,674,215921,63,11
20260330,675,210526,63,13
20260330,676,221165,63,13
20260330,677,221370,63,17
20260330,678,201611,62,6
20260330,679,259567,62,15
20260330,680,221469,62,14
20260330,681,234474,62,20
20260330,682,221773,62,15
20260330,683,220497,62,19
20260330,684,263869,61,13
20260330,685,211269,61,8
20260330,686,213896,61,15
20260330,687,260254,61,12
20260330,688,237454,61,16
20260330,689,206108,60,4
20260330,690,221465,60,15
20260330,691,239386,59,12
20260330,692,245094,59,11
20260330,693,220392,59,8
20260330,694,260694,59,16
20260330,695,261097,59,17
20260330,696,265692,59,17
20260330,697,223120,58,18
20260330,698,266488,58,11
20260330,699,260225,58,12
20260330,700,220453,58,12
20260330,701,266642,58,18
20260330,702,203500,57,8
20260330,703,260368,57,7
20260330,704,263626,57,12
20260330,705,204294,56,12
20260330,706,225854,56,17
20260330,707,215707,56,13
20260330,708,263941,56,14
20260330,709,222346,56,15
20260330,710,260766,56,15
20260330,711,239158,56,19
20260330,712,201614,55,4
20260330,713,221994,55,20
20260330,714,215806,55,15
20260330,715,225850,55,10
20260330,716,220740,55,13
20260330,717,269870,55,14
20260330,718,269717,54,11
20260330,719,216038,54,22
20260330,720,213551,54,14
20260330,721,239422,54,9
20260330,722,266431,54,12
20260330,723,220645,54,17
20260330,724,202536,53,7
20260330,725,222184,53,11
20260330,726,221192,53,8
20260330,727,215616,53,10
20260330,728,259754,53,10
20260330,729,220997,53,14
20260330,730,264207,53,16
20260330,731,235161,52,6
20260330,732,270076,52,9
20260330,733,265688,51,21
20260330,734,204223,51,15
20260330,735,220053,51,12
20260330,736,221746,51,15
20260330,737,260032,51,17
20260330,738,202464,50,10
20260330,739,216587,50,11
20260330,740,215019,50,12
20260330,741,264130,50,14
20260330,742,214713,50,16
20260330,743,270080,50,7
20260330,744,233718,50,7
20260330,745,259820,50,8
20260330,746,260273,50,12
20260330,747,221864,50,12
20260330,748,214020,49,13
20260330,749,266937,49,13
20260330,750,220494,49,11
20260330,751,221886,49,11
20260330,752,220578,48,17
20260330,753,260848,48,14
20260330,754,270082,48,5
20260330,755,215505,48,14
20260330,756,216180,48,15
20260330,757,206335,47,4
20260330,758,221903,47,13
20260330,759,260214,47,11
20260330,760,260101,46,9
20260330,761,266682,46,8
20260330,762,221062,46,12
20260330,763,239454,46,17
20260330,764,260582,46,18
20260330,765,267651,46,18
20260330,766,201506,45,4
20260330,767,206060,45,8
20260330,768,260042,45,6
20260330,769,270061,45,11
20260330,770,221474,45,14
20260330,771,221568,45,21
20260330,772,264140,44,6
20260330,773,264205,44,15
20260330,774,222330,44,10
20260330,775,211544,44,14
20260330,776,220491,44,15
20260330,777,201518,43,6
20260330,778,267428,43,5
20260330,779,211864,43,14
20260330,780,223402,43,9
20260330,781,228910,43,14
20260330,782,214935,42,13
20260330,783,260638,42,8
20260330,784,266771,42,10
20260330,785,220684,42,11
20260330,786,222667,42,14
20260330,787,204309,42,8
20260330,788,222421,42,10
20260330,789,202693,42,10
20260330,790,221468,42,10
20260330,791,211541,42,12
20260330,792,222255,41,5
20260330,793,223373,41,7
20260330,794,222299,41,12
20260330,795,259858,41,12
20260330,796,214877,40,10
20260330,797,263148,40,8
20260330,798,216107,40,12
20260330,799,214540,40,12
20260330,800,216158,40,13
20260330,801,215966,40,15
20260330,802,216256,40,18
20260330,803,220713,39,10
20260330,804,269866,39,10
20260330,805,222262,39,12
20260330,806,260003,39,15
20260330,807,263995,38,9
20260330,808,215802,38,9
20260330,809,214535,38,11
20260330,810,239387,38,5
20260330,811,210158,38,6
20260330,812,267176,38,7
20260330,813,260017,38,9
20260330,814,264973,38,11
20260330,815,214934,38,13
20260330,816,221585,38,17
20260330,817,267115,37,16
20260330,818,211951,37,15
20260330,819,215693,37,17
20260330,820,221509,37,7
20260330,821,266509,37,7
20260330,822,221195,37,10
20260330,823,203509,37,13
20260330,824,202446,36,2
20260330,825,260167,36,6
20260330,826,260762,36,13
20260330,827,266851,36,6
20260330,828,266407,36,7
20260330,829,260845,36,8
20260330,830,223421,36,10
20260330,831,221219,36,12
20260330,832,266381,35,7
20260330,833,264151,35,4
20260330,834,259996,35,8
20260330,835,203537,35,6
20260330,836,223326,35,7
20260330,837,264167,35,7
20260330,838,220591,35,8
20260330,839,221221,35,8
20260330,840,260277,35,10
20260330,841,258192,35,10
20260330,842,260279,35,14
20260330,843,234481,35,15
20260330,844,222668,35,18
20260330,845,230876,34,12
20260330,846,239446,34,5
20260330,847,269864,34,6
20260330,848,263980,34,9
20260330,849,214771,34,9
20260330,850,215015,34,10
20260330,851,223418,34,11
20260330,852,223146,34,15
20260330,853,214696,33,6
20260330,854,263974,33,4
20260330,855,264085,33,6
20260330,856,216316,33,8
20260330,857,221413,33,8
20260330,858,260062,33,12
20260330,859,202580,32,9
20260330,860,264961,32,8
20260330,861,270195,32,5
20260330,862,260612,32,9
20260330,863,211511,32,5
20260330,864,267400,32,5
20260330,865,221862,32,6
20260330,866,210672,32,7
20260330,867,266529,32,10
20260330,868,264131,32,10
20260330,869,214605,32,11
20260330,870,206336,32,12
20260330,871,219979,32,13
20260330,872,253681,31,10
20260330,873,222367,31,8
20260330,874,222028,31,10
20260330,875,264978,31,11
20260330,876,260860,31,11
20260330,877,270078,31,12
20260330,878,201540,30,4
20260330,879,216078,30,12
20260330,880,222000,30,12
20260330,881,267104,30,5
20260330,882,260767,30,7
20260330,883,211796,30,8
20260330,884,220875,30,8
20260330,885,221139,30,9
20260330,886,263801,30,12
20260330,887,220493,30,15
20260330,888,259965,30,15
20260330,889,222856,29,11
20260330,890,268770,29,1
20260330,891,223080,29,6
20260330,892,215795,29,6
20260330,893,222305,29,11
20260330,894,220642,29,16
20260330,895,202443,28,7
20260330,896,260226,28,10
20260330,897,220825,28,13
20260330,898,260338,28,6
20260330,899,270065,28,8
20260330,900,221741,28,8
20260330,901,222239,28,9
20260330,902,235160,28,10
20260330,903,222294,28,12
20260330,904,239453,28,15
20260330,905,201582,27,8
20260330,906,266455,27,13
20260330,907,259762,27,4
20260330,908,263677,27,6
20260330,909,220614,27,9
20260330,910,264029,27,10
20260330,911,220276,27,10
20260330,912,221173,27,11
20260330,913,223308,27,12
20260330,914,266758,27,12
20260330,915,261957,26,10
20260330,916,213721,26,11
20260330,917,215879,26,13
20260330,918,264180,26,11
20260330,919,211921,26,4
20260330,920,220690,26,5
20260330,921,256686,26,6
20260330,922,221440,26,6
20260330,923,220695,26,7
20260330,924,223404,26,8
20260330,925,266659,26,13
20260330,926,214519,26,14
20260330,927,210913,25,11
20260330,928,213976,25,5
20260330,929,210500,25,5
20260330,930,260374,25,5
20260330,931,213948,25,6
20260330,932,214901,25,8
20260330,933,245079,25,11
20260330,934,215177,25,11
20260330,935,213541,24,8
20260330,936,223163,24,10
20260330,937,213775,24,5
20260330,938,220470,24,6
20260330,939,215697,24,7
20260330,940,266541,24,8
20260330,941,260528,24,9
20260330,942,260100,24,9
20260330,943,260433,24,13
20260330,944,202596,23,8
20260330,945,221624,23,7
20260330,946,263808,23,11
20260330,947,221410,23,12
20260330,948,263751,23,6
20260330,949,267409,23,7
20260330,950,265040,23,8
20260330,951,264069,23,8
20260330,952,202916,23,8
20260330,953,267841,23,9
20260330,954,253679,23,9
20260330,955,270165,23,10
20260330,956,219331,23,11
20260330,957,221542,23,12
20260330,958,221210,22,5
20260330,959,239102,22,3
20260330,960,264962,22,7
20260330,961,214800,22,11
20260330,962,221150,22,7
20260330,963,266645,22,3
20260330,964,260150,22,3
20260330,965,222509,22,5
20260330,966,263622,22,6
20260330,967,216311,22,7
20260330,968,270125,22,7
20260330,969,264216,22,9
20260330,970,261098,22,12
20260330,971,259105,22,12
20260330,972,205815,21,2
20260330,973,269253,21,6
20260330,974,259989,21,6
20260330,975,222225,21,7
20260330,976,260914,21,10
20260330,977,221915,21,10
20260330,978,222762,21,3
20260330,979,267422,21,4
20260330,980,223375,21,5
20260330,981,267022,21,6
20260330,982,270129,21,7
20260330,983,263687,21,8
20260330,984,252584,21,8
20260330,985,255662,21,9
20260330,986,246518,21,10
20260330,987,241745,21,10
20260330,988,221203,21,11
20260330,989,202858,20,2
20260330,990,215096,20,2
20260330,991,214182,20,3
20260330,992,270315,20,4
20260330,993,270181,20,5
20260330,994,266379,20,6
20260330,995,264150,20,6
20260330,996,215492,20,8
20260330,997,267431,20,9
20260330,998,215440,20,9
20260330,999,210645,20,10
20260330,1000,215805,20,10
20260406,1,214544,11025,0
20260406,2,214981,8108,0
20260406,3,221103,7278,0
20260406,4,216347,7263,0
20260406,5,202468,6243,0
20260406,6,216153,5995,0
20260406,7,202494,3965,0
20260406,8,211148,3907,0
20260406,9,239475,3531,0
20260406,10,259799,3121,0
20260406,11,202505,3090,0
20260406,12,214096,2993,0
20260406,13,206420,2886,0
20260406,14,222328,2801,0
20260406,15,211768,2324,0
20260406,16,260300,2270,0
20260406,17,201619,2161,0
20260406,18,220704,2040,0
20260406,19,223670,2001,0
20260406,20,210722,1906,0
20260406,21,214643,1845,0
20260406,22,214939,1813,0
20260406,23,211533,1706,0
20260406,24,213631,1676,0
20260406,25,220367,1598,0
20260406,26,215613,1492,0
20260406,27,216146,1473,0
20260406,28,221054,1465,0
20260406,29,201514,1459,0
20260406,30,233741,1435,0
20260406,31,213710,1426,0
20260406,32,216133,1383,0
20260406,33,211713,1382,0
20260406,34,239383,1380,0
20260406,35,221024,1372,0
20260406,36,215983,1356,0
20260406,37,221012,1350,0
20260406,38,206289,1348,0
20260406,39,211684,1348,0
20260406,40,222391,1318,0
20260406,41,222145,1317,0
20260406,42,220714,1310,0
20260406,43,211701,1299,0
20260406,44,220548,1296,0
20260406,45,214954,1263,0
20260406,46,223253,1255,0
20260406,47,222601,1230,0
20260406,48,220520,1214,0
20260406,49,215035,1172,0
20260406,50,238184,1161,0
20260406,51,201696,1158,0
20260406,52,206252,1155,0
20260406,53,263857,1139,0
20260406,54,222661,1092,0
20260406,55,202663,1059,0
20260406,56,221883,1050,0
20260406,57,222045,1046,0
20260406,58,219875,1045,0
20260406,59,221039,1029,0
20260406,60,206368,1023,0
20260406,61,213583,1023,0
20260406,62,211107,1012,0
20260406,63,214388,999,0
20260406,64,201533,989,0
20260406,65,220435,978,0
20260406,66,213550,952,0
20260406,67,206242,942,0
20260406,68,220716,931,0
20260406,69,216083,919,0
20260406,70,214082,918,0
20260406,71,215910,918,0
20260406,72,215872,914,0
20260406,73,221407,898,0
20260406,74,201709,893,0
20260406,75,220332,891,0
20260406,76,220309,891,0
20260406,77,238075,890,0
20260406,78,221333,885,0
20260406,79,203530,881,0
20260406,80,214040,880,0
20260406,81,215785,876,0
20260406,82,213887,875,0
20260406,83,201548,867,0
20260406,84,220416,863,0
20260406,85,230870,850,0
20260406,86,215306,843,0
20260406,87,211817,840,0
20260406,88,220465,831,0
20260406,89,211814,829,0
20260406,90,215020,819,0
20260406,91,215899,818,0
20260406,92,203501,814,0
20260406,93,219917,814,0
20260406,94,243420,813,0
20260406,95,220348,806,0
20260406,96,220750,803,0
20260406,97,215713,800,0
20260406,98,223360,800,0
20260406,99,220662,786,0
20260406,100,215936,775,0
20260406,101,210886,773,0
20260406,102,211651,771,0
20260406,103,213646,769,0
20260406,104,202499,762,0
20260406,105,215219,762,0
20260406,106,215138,755,0
20260406,107,223286,747,0
20260406,108,221909,741,0
20260406,109,211337,737,0
20260406,110,215337,731,0
20260406,111,222290,724,0
20260406,112,221985,720,0
20260406,113,206294,718,0
20260406,114,221307,718,0
20260406,115,205925,716,0
20260406,116,201499,707,0
20260406,117,260172,705,0
20260406,118,215480,699,0
20260406,119,221257,699,0
20260406,120,211843,695,0
20260406,121,211685,655,0
20260406,122,252499,643,0
20260406,123,214119,618,0
20260406,124,222966,613,0
20260406,125,222233,602,0
20260406,126,221406,600,0
20260406,127,259733,600,0
20260406,128,214461,597,0
20260406,129,206417,586,0
20260406,130,215370,584,0
20260406,131,216081,584,0
20260406,132,203389,572,0
20260406,133,221124,567,0
20260406,134,263644,566,0
20260406,135,223321,566,0
20260406,136,239456,565,0
20260406,137,202684,564,0
20260406,138,211880,559,0
20260406,139,213666,543,0
20260406,140,220722,543,0
20260406,141,201551,542,0
20260406,142,214452,541,0
20260406,143,222258,541,0
20260406,144,220466,540,0
20260406,145,236957,540,0
20260406,146,210622,533,0
20260406,147,214593,526,0
20260406,148,201478,522,0
20260406,149,213889,510,0
20260406,150,223194,509,0
20260406,151,221236,506,0
20260406,152,215572,506,0
20260406,153,221237,494,0
20260406,154,221626,490,0
20260406,155,202600,480,0
20260406,156,236955,479,0
20260406,157,215037,469,0
20260406,158,202604,467,0
20260406,159,222017,464,0
20260406,160,203514,461,0
20260406,161,267439,459,0
20260406,162,223325,458,0
20260406,163,214459,456,0
20260406,164,220446,452,0
20260406,165,202493,449,0
20260406,166,215946,445,0
20260406,167,223168,443,0
20260406,168,216016,439,0
20260406,169,221803,431,0
20260406,170,211316,427,0
20260406,171,215250,426,0
20260406,172,211702,420,0
20260406,173,211279,420,0
20260406,174,220733,420,0
20260406,175,220742,419,0
20260406,176,266671,417,0
20260406,177,216097,416,0
20260406,178,215992,414,0
20260406,179,201621,409,0
20260406,180,215571,404,0
20260406,181,201593,399,0
20260406,182,213576,398,0
20260406,183,214181,395,0
20260406,184,216265,394,0
20260406,185,216566,392,0
20260406,186,214604,389,0
20260406,187,216055,389,0
20260406,188,201545,385,0
20260406,189,221354,383,0
20260406,190,213525,378,0
20260406,191,223335,378,0
20260406,192,223333,378,0
20260406,193,214646,377,0
20260406,194,220680,375,0
20260406,195,204411,368,0
20260406,196,214254,367,0
20260406,197,220454,366,0
20260406,198,239436,365,0
20260406,199,211227,364,0
20260406,200,204431,359,0
20260406,1001,239160,20,0
20260406,1002,215805,20,0
20260406,1003,222294,20,0
20260406,1004,239390,19,0
20260406,1005,220887,19,0
20260406,1006,270449,19,0
20260406,1007,260297,19,0
20260406,1008,222202,19,0
20260406,1009,221463,19,0
20260406,1010,252586,19,0
20260406,1011,261066,19,0
20260406,1012,214901,19,0
20260406,1013,259981,19,0
20260406,1014,214398,19,0
20260406,1015,260261,19,0
20260406,1016,221740,19,0
20260406,1017,212043,18,0
20260406,1018,260711,18,0
20260406,1019,266651,18,0
20260406,1020,215696,18,0
20260406,1021,264975,18,0
20260406,1022,223160,18,0
20260406,1023,260306,18,0
20260406,1024,221371,18,0
20260406,1025,259576,18,0
20260406,1025,269275,18,0
20260406,1027,270159,18,0
20260406,1028,266765,18,0
20260406,1029,267449,18,0
20260406,1030,259854,18,0
20260406,1031,222177,18,0
20260406,1032,215712,18,0
20260406,1033,265207,17,0
20260406,1034,269259,17,0
20260406,1035,211260,17,0
20260406,1036,211021,17,0
20260406,1036,269710,17,0
20260406,1038,268787,17,0
20260406,1039,270320,17,0
20260406,1040,239478,17,0
20260406,1041,201481,17,0
20260406,1042,264073,17,0
20260406,1043,266720,17,0
20260406,1044,224485,17,0
20260406,1045,266523,17,0
20260406,1046,260871,17,0
20260406,1047,260398,17,0
20260406,1048,221736,17,0
20260406,1049,221055,17,0
20260406,1050,239449,17,0
20260406,1051,221148,17,0
20260406,1052,249659,17,0
20260406,1053,260323,17,0
20260406,1054,211043,16,0
20260406,1055,266722,16,0
20260406,1056,220297,16,0
20260406,1057,246476,16,0
20260406,1058,269954,16,0
20260406,1059,270322,16,0
20260406,1059,260842,16,0
20260406,1061,222602,16,0
20260406,1062,239474,16,0
20260406,1063,260777,16,0
20260406,1064,259797,16,0
20260406,1065,259907,16,0
20260406,1065,222213,16,0
20260406,1067,223411,16,0
20260406,1068,223284,16,0
20260406,1069,215372,16,0
20260406,1070,269254,16,0
20260406,1070,267932,16,0
20260406,1072,270262,15,0
20260406,1073,201565,15,0
20260406,1074,221441,15,0
20260406,1075,261964,15,0
20260406,1076,270100,15,0
20260406,1077,213830,15,0
20260406,1078,205964,15,0
20260406,1079,267534,15,0
20260406,1080,270091,15,0
20260406,1081,214784,15,0
20260406,1082,269772,15,0
20260406,1083,262883,15,0
20260406,1084,252519,15,0
20260406,1085,260224,15,0
20260406,1086,220564,15,0
20260406,1087,220551,15,0
20260406,1088,252582,15,0
20260406,1089,260717,15,0
20260406,1090,261082,15,0
20260406,1090,220689,15,0
20260406,1090,221310,15,0
20260406,1093,202387,15,0
20260406,1094,237465,15,0
20260406,1094,267425,15,0
20260406,1096,215467,15,0
20260406,1097,259113,15,0
20260406,1098,246518,15,0
20260406,1098,219444,15,0
20260406,1100,260984,15,0
20260406,1101,260400,15,0
20260406,1102,260580,14,0
20260406,1103,211285,14,0
20260406,1104,215721,14,0
20260406,1105,259713,14,0
20260406,1106,216225,14,0
20260406,1107,221069,14,0
20260406,1108,270019,14,0
20260406,1109,267180,14,0
20260406,1110,219983,14,0
20260406,1111,215970,14,0
20260406,1111,241715,14,0
20260406,1113,219872,14,0
20260406,1114,214503,14,0
20260406,1115,261968,14,0
20260406,1116,269835,14,0
20260406,1117,222376,14,0
20260406,1118,244079,14,0
20260406,1119,220048,14,0
20260406,1120,260085,14,0
20260406,1121,266795,14,0
20260406,1122,260556,14,0
20260406,1123,263676,14,0
20260406,1124,259739,13,0
20260406,1125,211407,13,0
20260406,1125,267616,13,0
20260406,1127,261278,13,0
20260406,1127,267920,13,0
20260406,1129,261008,13,0
20260406,1130,216340,13,0
20260406,1130,214746,13,0
20260406,1132,266629,13,0
20260406,1133,264280,13,0
20260406,1134,215236,13,0
20260406,1135,269734,13,0
20260406,1136,264505,13,0
20260406,1137,203370,13,0
20260406,1137,222734,13,0
20260406,1139,261104,13,0
20260406,1139,269801,13,0
20260406,1141,260185,13,0
20260406,1142,221158,13,0
20260406,1143,225861,13,0
20260406,1144,239126,13,0
20260406,1145,266549,13,0
20260406,1146,215735,12,0
20260406,1147,221933,12,0
20260406,1148,261133,12,0
20260406,1149,269872,12,0
20260406,1150,221688,12,0
20260406,1151,223159,12,0
20260406,1152,269838,12,0
20260406,1153,270132,12,0
20260406,1153,260926,12,0
20260406,1153,260631,12,0
20260406,1153,264510,12,0
20260406,1157,201431,12,0
20260406,1158,214019,12,0
20260406,1158,260693,12,0
20260406,1160,259590,12,0
20260406,1161,264107,12,0
20260406,1162,214460,12,0
20260406,1163,216315,12,0
20260406,1164,222748,12,0
20260406,1165,221013,12,0
20260406,1166,263889,12,0
20260406,1166,268772,12,0
20260406,1168,264226,12,0
20260406,1169,211592,11,0
20260406,1170,260827,11,0
20260406,1171,222557,11,0
20260406,1172,265628,11,0
20260406,1173,267540,11,0
20260406,1173,221025,11,0
20260406,1173,220436,11,0
20260406,1176,214450,11,0
20260406,1176,222035,11,0
20260406,1178,270274,11,0
20260406,1179,221913,11,0
20260406,1180,265020,11,0
20260406,1181,202478,11,0
20260406,1182,215854,11,0
20260406,1182,266374,11,0
20260406,1184,260583,11,0
20260406,1184,223435,11,0
20260406,1186,259998,11,0
20260406,1186,268778,11,0
20260406,1188,206161,11,0
20260406,1189,236968,11,0
20260406,1190,241735,11,0
20260406,1190,260378,11,0
20260406,1192,216381,11,0
20260406,1193,266383,10,0
20260406,1194,206205,10,0
20260406,1195,263905,10,0
20260406,1196,266378,10,0
20260406,1197,238209,10,0
20260406,1198,266476,10,0
20260406,1198,263858,10,0
20260406,1200,261073,10,0
20260406,1200,253665,10,0
20260406,1202,233725,10,0
20260406,1202,266819,10,0
20260406,1204,260604,10,0
20260406,1204,221377,10,0
20260406,1204,221621,10,0
20260406,1207,263940,10,0
20260406,1208,257867,10,0
20260406,1209,222215,10,0
20260406,1209,219874,10,0
20260406,1209,265713,10,0
20260406,1209,267387,10,0
20260406,1213,259914,10,0
20260406,1214,266533,10,0
20260406,1214,215926,10,0
20260406,1214,214277,10,0
20260406,1217,219754,10,0
20260406,1218,201691,10,0
20260406,1219,214974,10,0
20260406,1219,223198,10,0
20260406,1219,220394,10,0
20260406,1222,259964,10,0
20260406,1222,266409,10,0
20260406,1224,211600,10,0
20260406,1225,223389,10,0
20260406,1226,222318,10,0
20260406,1227,222613,10,0
20260406,1227,221258,10,0
20260406,1229,216405,10,0
20260406,1230,220563,10,0
20260406,1231,211779,9,0
20260406,1232,205562,9,0
20260406,1233,215043,9,0
20260406,1234,270302,9,0
20260406,1235,215085,9,0
20260406,1236,270266,9,0
20260406,1237,221396,9,0
20260406,1238,238068,9,0
20260406,1238,267734,9,0
20260406,1238,266543,9,0
20260406,1238,263625,9,0
20260406,1242,270194,9,0
20260406,1243,267441,9,0
20260406,1243,260455,9,0
20260406,1245,259769,9,0
20260406,1245,221940,9,0
20260406,1247,246484,9,0
20260406,1247,270281,9,0
20260406,1249,261094,9,0
20260406,1249,223153,9,0
20260406,1249,221371,9,0
20260406,1252,220512,9,0
20260406,1252,220286,9,0
20260406,1254,267435,9,0
20260406,1255,260828,9,0
20260406,1256,260774,9,0
20260406,1257,221197,9,0
20260406,1258,263775,8,0
20260406,1259,259104,8,0
20260406,1260,259849,8,0
20260406,1260,222377,8,0
20260406,1260,269943,8,0
20260406,1260,260839,8,0
20260406,1260,270072,8,0
20260406,1265,263981,8,0
20260406,1265,260159,8,0
20260406,1267,264063,8,0
20260406,1268,266467,8,0
20260406,1268,269267,8,0
20260406,1268,202639,8,0
20260406,1271,205492,8,0
20260406,1272,260122,8,0
20260406,1273,215161,8,0
20260406,1273,220469,8,0
20260406,1275,220633,8,0
20260406,1275,239484,8,0
20260406,1275,267723,8,0
20260406,1275,267722,8,0
20260406,1275,264252,8,0
20260406,1280,260742,8,0
20260406,1280,269906,8,0
20260406,1280,264966,8,0
20260406,1280,270115,8,0
20260406,1280,237467,8,0
20260406,1280,230120,8,0
20260406,1280,257881,8,0
20260406,1280,221524,8,0
20260406,1280,221771,8,0
20260406,1280,220492,8,0
20260406,1290,221315,8,0
20260406,1290,222158,8,0
20260406,1292,216156,8,0
20260406,1293,202440,7,0
20260406,1294,256710,7,0
20260406,1295,201539,7,0
20260406,1295,260888,7,0
20260406,1297,263890,7,0
20260406,1297,266686,7,0
20260406,1297,264275,7,0
20260406,1297,267473,7,0
20260406,1297,215956,7,0
20260406,1297,257898,7,0
20260406,1297,254760,7,0
20260406,1297,222847,7,0
20260406,1297,221030,7,0
20260406,1297,222838,7,0
20260406,1307,222061,7,0
20260406,1307,221214,7,0
20260406,1307,222606,7,0
20260406,1307,260091,7,0
20260406,1307,259623,7,0
20260406,1307,267423,7,0
20260406,1307,264215,7,0
20260406,1314,264138,7,0
20260406,1314,260204,7,0
20260406,1314,259719,7,0
20260406,1314,215647,7,0
20260406,1318,220289,7,0
20260406,1318,270186,7,0
20260406,1320,261021,7,0
20260406,1320,263717,7,0
20260406,1320,263701,7,0
20260406,1320,264114,7,0
20260406,1320,260881,7,0
20260406,1320,256682,7,0
20260406,1320,246485,7,0
20260406,1320,221083,7,0
20260406,1328,260993,7,0
20260406,1329,267695,7,0
20260406,1329,238071,7,0
20260406,1329,216140,7,0
20260406,1329,260715,7,0
20260406,1333,263978,6,0
20260406,1334,220422,6,0
20260406,1335,215222,6,0
20260406,1335,270133,6,0
20260406,1337,270047,6,0
20260406,1338,222637,6,0
20260406,1338,223356,6,0
20260406,1338,259608,6,0
20260406,1341,260066,6,0
20260406,1341,266492,6,0
20260406,1341,222309,6,0
20260406,1341,222332,6,0
20260406,1341,221515,6,0
20260406,1341,221422,6,0
20260406,1341,211208,6,0
20260406,1341,216092,6,0
20260406,1341,216073,6,0
20260406,1341,220772,6,0
20260406,1341,267927,6,0
20260406,1341,264198,6,0
20260406,1341,266805,6,0
20260406,1341,266781,6,0
20260406,1341,267465,6,0
20260406,1341,267462,6,0
20260406,1341,260962,6,0
20260406,1341,260792,6,0
20260406,1341,266532,6,0
20260406,1341,260503,6,0
20260406,1341,260373,6,0
20260406,1341,260653,6,0
20260406,1363,223352,6,0
20260406,1364,237481,6,0
20260406,1364,252494,6,0
20260406,1364,260723,6,0
20260406,1364,222520,6,0
20260406,1364,220071,6,0
20260406,1364,221269,6,0
20260406,1364,267408,6,0
20260406,1364,266593,6,0
20260406,1364,269757,6,0
20260406,1373,201527,5,0
20260406,1374,201399,5,0
20260406,1375,264986,5,0
20260406,1376,267525,5,0
20260406,1376,270350,5,0
20260406,1378,248660,5,0
20260406,1379,246489,5,0
20260406,1379,245076,5,0
20260406,1379,258195,5,0
20260406,1379,259887,5,0
20260406,1379,233729,5,0
20260406,1379,239172,5,0
20260406,1379,223397,5,0
20260406,1379,221923,5,0
20260406,1379,223452,5,0
20260406,1379,221963,5,0
20260406,1379,222623,5,0
20260406,1379,222274,5,0
20260406,1379,231641,5,0
20260406,1379,201672,5,0
20260406,1379,215174,5,0
20260406,1379,270164,5,0
20260406,1379,270237,5,0
20260406,1379,270383,5,0
20260406,1379,267748,5,0
20260406,1379,267424,5,0
20260406,1379,267671,5,0
20260406,1379,266713,5,0
20260406,1379,266372,5,0
20260406,1379,264243,5,0
20260406,1379,264248,5,0
20260406,1379,263962,5,0
20260406,1379,263766,5,0
20260406,1379,260974,5,0
20260406,1379,263706,5,0
20260406,1408,261129,5,0
20260406,1408,260893,5,0
20260406,1408,260393,5,0
20260406,1408,260464,5,0
20260406,1408,263809,5,0
20260406,1408,222161,5,0
20260406,1408,221346,5,0
20260406,1408,230121,5,0
20260406,1408,259803,5,0
20260406,1417,259569,5,0
20260406,1417,259614,5,0
20260406,1417,252565,5,0
20260406,1417,215430,5,0
20260406,1417,264229,5,0
20260406,1417,265195,5,0
20260406,1423,265610,4,0
20260406,1423,212034,4,0
20260406,1423,221988,4,0
20260406,1426,221222,4,0
20260406,1426,220687,4,0
20260406,1426,254770,4,0
20260406,1426,260178,4,0
20260406,1426,220159,4,0
20260406,1426,267083,4,0
20260406,1426,270154,4,0
20260406,1426,260674,4,0
20260406,1434,260709,4,0
20260406,1434,260779,4,0
20260406,1434,264998,4,0
20260406,1434,266700,4,0
20260406,1434,266849,4,0
20260406,1434,263838,4,0
20260406,1434,270258,4,0
20260406,1434,267732,4,0
20260406,1434,270066,4,0
20260406,1434,269937,4,0
20260406,1434,269753,4,0
20260406,1434,269773,4,0
20260406,1434,252487,4,0
20260406,1434,260479,4,0
20260406,1434,223416,4,0
20260406,1434,223371,4,0
20260406,1434,241003,4,0
20260406,1434,241018,4,0
20260406,1434,222180,4,0
20260406,1434,221520,4,0
20260406,1454,213596,3,0
20260406,1454,202453,3,0
20260406,1456,264086,3,0
20260406,1456,264242,3,0
20260406,1456,269948,3,0
20260406,1460,264079,3,0
20260406,1460,266892,3,0
20260406,1460,260867,3,0
20260406,1460,270463,3,0
20260406,1460,240163,3,0
20260406,1460,256711,3,0
20260406,1466,255666,3,0
20260406,1466,246480,3,0
20260406,1466,244077,3,0
20260406,1466,242450,3,0
20260406,1466,249668,3,0
20260406,1466,259990,3,0
20260406,1466,259763,3,0
20260406,1466,239477,3,0
20260406,1466,239157,3,0
20260406,1466,221979,3,0
20260406,1466,234223,3,0
20260406,1466,234506,3,0
20260406,1466,235155,3,0
20260406,1466,235154,3,0
20260406,1466,236989,3,0
20260406,1466,238084,3,0
20260406,1466,238205,3,0
20260406,1466,223071,3,0
20260406,1466,223006,3,0
20260406,1466,221207,3,0
20260406,1466,222845,3,0
20260406,1466,222866,3,0
20260406,1466,222659,3,0
20260406,1466,213898,3,0
20260406,1466,205789,3,0
20260406,1466,213827,3,0
20260406,1466,220934,3,0
20260406,1466,216198,3,0
20260406,1466,214891,3,0
20260406,1466,220790,3,0
20260406,1466,270139,3,0
20260406,1466,270117,3,0
20260406,1466,270207,3,0
20260406,1466,269775,3,0
20260406,1466,269718,3,0
20260406,1466,269732,3,0
20260406,1466,269769,3,0
20260406,1466,269797,3,0
20260406,1466,270039,3,0
20260406,1466,270109,3,0
20260406,1466,267493,3,0
20260406,1466,267937,3,0
20260406,1466,260957,3,0
20260406,1466,261092,3,0
20260406,1466,263666,3,0
20260406,1466,260622,3,0
20260406,1466,260443,3,0
20260406,1466,260387,3,0
20260406,1466,263866,3,0
20260406,1466,264068,3,0
20260406,1466,264139,3,0
20260406,1466,264270,3,0
20260406,1466,264980,3,0
20260406,1466,266463,3,0
20260406,1466,266772,3,0
20260406,1466,266591,3,0
20260406,1466,266852,3,0
20260406,201,236972,357,0
20260406,202,211552,352,0
20260406,203,220699,343,0
20260406,204,201458,340,0
20260406,205,215453,339,0
20260406,206,247669,338,0
20260406,207,232447,335,0
20260406,208,213706,333,0
20260406,209,214480,332,0
20260406,210,222156,329,0
20260406,211,215988,327,0
20260406,212,211635,327,0
20260406,213,239389,327,0
20260406,214,216074,325,0
20260406,215,214149,324,0
20260406,216,211539,323,0
20260406,217,222980,323,0
20260406,218,256684,320,0
20260406,219,204419,319,0
20260406,220,210303,315,0
20260406,221,221434,315,0
20260406,222,259871,314,0
20260406,223,213873,311,0
20260406,224,202662,310,0
20260406,225,213544,308,0
20260406,226,214262,308,0
20260406,227,206292,308,0
20260406,228,223323,308,0
20260406,229,260664,307,0
20260406,230,214826,304,0
20260406,231,222919,303,0
20260406,232,214906,301,0
20260406,233,259857,301,0
20260406,234,206007,300,0
20260406,235,264149,298,0
20260406,236,203564,295,0
20260406,237,221018,293,0
20260406,238,214937,293,0
20260406,239,214386,291,0
20260406,240,221164,288,0
20260406,241,211095,287,0
20260406,242,214684,284,0
20260406,243,211901,281,0
20260406,244,221073,280,0
20260406,245,221885,278,0
20260406,246,211344,277,0
20260406,247,214236,277,0
20260406,248,213620,276,0
20260406,249,211643,276,0
20260406,250,221911,275,0
20260406,251,259685,274,0
20260406,252,215290,271,0
20260406,253,206430,270,0
20260406,254,222080,269,0
20260406,255,212303,268,0
20260406,256,220770,268,0
20260406,257,260203,268,0
20260406,258,201662,267,0
20260406,259,201606,265,0
20260406,260,203463,261,0
20260406,261,206124,261,0
20260406,262,215042,260,0
20260406,263,223331,259,0
20260406,264,239392,259,0
20260406,265,221411,259,0
20260406,266,260168,259,0
20260406,267,223087,258,0
20260406,268,213767,253,0
20260406,269,201555,252,0
20260406,270,213779,249,0
20260406,271,214919,247,0
20260406,272,221209,246,0
20260406,273,261972,245,0
20260406,274,215614,244,0
20260406,275,261963,243,0
20260406,276,216213,242,0
20260406,277,260598,240,0
20260406,278,216367,239,0
20260406,279,221512,239,0
20260406,280,260765,238,0
20260406,281,214081,238,0
20260406,282,222506,235,0
20260406,283,222189,235,0
20260406,284,221243,235,0
20260406,285,216139,233,0
20260406,286,211878,229,0
20260406,287,201586,229,0
20260406,288,215062,228,0
20260406,289,258199,228,0
20260406,290,246493,228,0
20260406,291,201613,224,0
20260406,292,259883,224,0
20260406,293,215386,222,0
20260406,294,221213,221,0
20260406,295,216116,221,0
20260406,296,215996,220,0
20260406,297,260581,220,0
20260406,298,238064,219,0
20260406,299,213789,218,0
20260406,300,260170,217,0
20260406,301,260171,217,0
20260406,302,221099,216,0
20260406,303,220757,215,0
20260406,304,221362,215,0
20260406,305,221004,214,0
20260406,306,201610,213,0
20260406,307,256705,212,0
20260406,308,239438,209,0
20260406,309,215077,208,0
20260406,310,221220,208,0
20260406,311,215820,208,0
20260406,312,215807,206,0
20260406,313,206345,206,0
20260406,314,221104,205,0
20260406,315,259758,204,0
20260406,316,213908,202,0
20260406,317,206194,202,0
20260406,318,214189,201,0
20260406,319,210847,201,0
20260406,320,221486,201,0
20260406,321,221382,201,0
20260406,322,215898,200,0
20260406,323,220554,199,0
20260406,324,215726,199,0
20260406,325,222944,198,0
20260406,326,221395,197,0
20260406,327,211844,196,0
20260406,328,222965,195,0
20260406,329,211920,195,0
20260406,330,211846,194,0
20260406,331,222397,194,0
20260406,332,246478,193,0
20260406,333,216385,193,0
20260406,334,215840,192,0
20260406,335,266622,191,0
20260406,336,221178,189,0
20260406,337,215501,189,0
20260406,338,201329,188,0
20260406,339,260761,188,0
20260406,340,220735,188,0
20260406,341,223410,188,0
20260406,342,266376,188,0
20260406,343,220432,188,0
20260406,344,213657,188,0
20260406,345,202460,187,0
20260406,346,215314,187,0
20260406,347,220781,186,0
20260406,348,222559,186,0
20260406,349,211342,185,0
20260406,350,214219,183,0
20260406,351,201483,183,0
20260406,352,221191,182,0
20260406,353,222296,181,0
20260406,354,206374,180,0
20260406,355,260913,180,0
20260406,356,231639,179,0
20260406,357,236956,179,0
20260406,358,260206,179,0
20260406,359,223302,179,0
20260406,360,262891,178,0
20260406,361,221159,178,0
20260406,362,256673,177,0
20260406,363,222675,176,0
20260406,364,221768,175,0
20260406,365,239397,170,0
20260406,366,239476,170,0
20260406,367,220589,168,0
20260406,368,264075,168,0
20260406,369,211529,167,0
20260406,370,215592,166,0
20260406,371,214301,165,0
20260406,372,259794,165,0
20260406,373,252495,165,0
20260406,374,220364,165,0
20260406,375,221000,164,0
20260406,376,206362,163,0
20260406,377,259853,163,0
20260406,378,260006,162,0
20260406,379,203435,162,0
20260406,380,221096,160,0
20260406,381,216324,160,0
20260406,382,260541,159,0
20260406,383,261038,158,0
20260406,384,246481,157,0
20260406,385,220718,157,0
20260406,386,201666,157,0
20260406,387,215588,156,0
20260406,388,215566,156,0
20260406,389,221187,155,0
20260406,390,214546,155,0
20260406,391,232881,155,0
20260406,392,219887,155,0
20260406,393,214862,154,0
20260406,394,211874,153,0
20260406,395,221014,152,0
20260406,396,221789,152,0
20260406,397,215878,151,0
20260406,398,220489,150,0
20260406,399,211820,150,0
20260406,400,254733,150,0
20260406,401,221023,150,0
20260406,402,202688,148,0
20260406,403,213949,147,0
20260406,404,213974,147,0
20260406,405,211411,146,0
20260406,406,214992,146,0
20260406,407,260510,146,0
20260406,408,203475,145,0
20260406,409,223415,145,0
20260406,410,220673,145,0
20260406,411,221242,145,0
20260406,412,216095,144,0
20260406,413,264187,144,0
20260406,414,261049,141,0
20260406,415,215166,140,0
20260406,416,203281,139,0
20260406,417,221905,138,0
20260406,418,252587,138,0
20260406,419,214653,137,0
20260406,420,221364,137,0
20260406,421,215550,136,0
20260406,422,215468,136,0
20260406,423,211329,136,0
20260406,424,221945,135,0
20260406,425,203288,135,0
20260406,426,219625,135,0
20260406,427,202410,135,0
20260406,428,221265,134,0
20260406,429,221369,134,0
20260406,430,221229,134,0
20260406,431,216253,132,0
20260406,432,214521,131,0
20260406,433,222276,130,0
20260406,434,213837,129,0
20260406,435,231625,129,0
20260406,436,221181,128,0
20260406,437,269714,128,0
20260406,438,214930,128,0
20260406,439,220808,127,0
20260406,440,260514,127,0
20260406,441,260951,127,0
20260406,442,220613,127,0
20260406,443,235159,126,0
20260406,444,213753,126,0
20260406,445,213849,125,0
20260406,446,239156,125,0
20260406,447,220447,125,0
20260406,448,221109,125,0
20260406,449,211756,125,0
20260406,450,260565,125,0
20260406,451,215018,124,0
20260406,452,220502,124,0
20260406,453,214418,124,0
20260406,454,222454,124,0
20260406,455,221157,123,0
20260406,456,220598,123,0
20260406,457,221031,122,0
20260406,458,259591,122,0
20260406,459,239442,122,0
20260406,460,213821,122,0
20260406,461,222092,122,0
20260406,462,223141,122,0
20260406,463,220306,121,0
20260406,464,214507,120,0
20260406,465,215459,120,0
20260406,466,220513,120,0
20260406,467,264228,119,0
20260406,468,220164,117,0
20260406,469,222986,117,0
20260406,470,221982,116,0
20260406,471,222891,116,0
20260406,472,236967,115,0
20260406,473,216162,115,0
20260406,474,222171,114,0
20260406,475,204394,114,0
20260406,476,200748,113,0
20260406,477,215431,113,0
20260406,478,215398,113,0
20260406,479,267420,113,0
20260406,480,211063,112,0
20260406,481,221020,112,0
20260406,482,222273,111,0
20260406,483,260714,111,0
20260406,484,260539,111,0
20260406,485,223100,111,0
20260406,486,260667,110,0
20260406,487,240998,110,0
20260406,488,260763,109,0
20260406,489,214839,108,0
20260406,490,247647,108,0
20260406,491,233742,107,0
20260406,492,211765,106,0
20260406,493,252493,106,0
20260406,494,221168,106,0
20260406,495,211646,106,0
20260406,496,222369,105,0
20260406,497,213998,105,0
20260406,498,213734,104,0
20260406,499,221443,104,0
20260406,500,202619,104,0
20260406,501,213771,103,0
20260406,502,220827,103,0
20260406,503,211809,102,0
20260406,504,220351,102,0
20260406,505,216044,102,0
20260406,506,210705,102,0
20260406,507,259913,102,0
20260406,508,265197,102,0
20260406,509,245077,101,0
20260406,510,222859,101,0
20260406,511,221952,101,0
20260406,512,244087,101,0
20260406,513,263881,101,0
20260406,514,206255,100,0
20260406,515,222297,100,0
20260406,516,214741,100,0
20260406,517,264227,100,0
20260406,518,203578,100,0
20260406,519,215064,98,0
20260406,520,220842,98,0
20260406,521,216268,98,0
20260406,522,214271,98,0
20260406,523,216331,98,0
20260406,524,215971,98,0
20260406,525,204427,97,0
20260406,526,252488,97,0
20260406,527,214600,97,0
20260406,528,252531,97,0
20260406,529,216173,97,0
20260406,530,215733,96,0
20260406,531,211328,96,0
20260406,532,211719,96,0
20260406,533,201554,95,0
20260406,534,214091,95,0
20260406,535,216160,95,0
20260406,536,266450,94,0
20260406,537,221959,94,0
20260406,538,216076,93,0
20260406,539,260847,93,0
20260406,540,220946,93,0
20260406,541,221657,93,0
20260406,542,201549,92,0
20260406,543,222837,92,0
20260406,544,216579,92,0
20260406,545,213947,92,0
20260406,546,260647,92,0
20260406,547,221259,92,0
20260406,548,216007,92,0
20260406,549,214238,91,0
20260406,550,215163,91,0
20260406,551,219892,91,0
20260406,552,201585,90,0
20260406,553,263872,90,0
20260406,554,260142,90,0
20260406,555,259916,89,0
20260406,556,214505,89,0
20260406,557,230880,89,0
20260406,558,256712,88,0
20260406,559,260296,87,0
20260406,560,203513,87,0
20260406,561,214319,85,0
20260406,562,203591,84,0
20260406,563,220560,84,0
20260406,564,206219,84,0
20260406,565,264967,84,0
20260406,566,220496,84,0
20260406,567,221834,84,0
20260406,568,260446,84,0
20260406,569,266800,83,0
20260406,570,269755,83,0
20260406,571,261071,83,0
20260406,572,260613,83,0
20260406,573,214007,83,0
20260406,574,259575,82,0
20260406,575,216075,82,0
20260406,576,260737,82,0
20260406,577,266448,82,0
20260406,578,254765,81,0
20260406,579,221914,81,0
20260406,580,220672,81,0
20260406,581,206102,80,0
20260406,582,259690,80,0
20260406,583,221116,80,0
20260406,584,206248,80,0
20260406,585,260445,80,0
20260406,586,220597,79,0
20260406,587,216186,79,0
20260406,588,264144,79,0
20260406,589,260708,79,0
20260406,590,260490,79,0
20260406,591,260966,78,0
20260406,592,211668,78,0
20260406,593,214779,78,0
20260406,594,270058,78,0
20260406,595,241717,78,0
20260406,596,202921,78,0
20260406,597,221497,78,0
20260406,598,214868,78,0
20260406,599,230882,78,0
20260406,600,215545,78,0
20260406,601,215259,77,0
20260406,602,203354,77,0
20260406,603,221086,77,0
20260406,604,220550,77,0
20260406,605,265701,77,0
20260406,606,201520,76,0
20260406,607,221247,76,0
20260406,608,210138,76,0
20260406,609,216062,76,0
20260406,610,222458,76,0
20260406,611,261015,76,0
20260406,612,237454,76,0
20260406,613,215472,76,0
20260406,614,215151,75,0
20260406,615,225858,75,0
20260406,616,263853,75,0
20260406,617,221473,75,0
20260406,618,257874,74,0
20260406,619,260339,74,0
20260406,620,222390,74,0
20260406,621,264192,73,0
20260406,622,264064,73,0
20260406,623,216051,73,0
20260406,624,201524,73,0
20260406,625,216013,73,0
20260406,626,221003,73,0
20260406,627,206406,72,0
20260406,628,214909,72,0
20260406,629,222878,72,0
20260406,630,239393,72,0
20260406,631,214212,72,0
20260406,632,202454,71,0
20260406,633,220429,70,0
20260406,634,222347,70,0
20260406,635,220891,70,0
20260406,636,260141,70,0
20260406,637,266469,69,0
20260406,638,223203,69,0
20260406,639,202672,69,0
20260406,640,215778,69,0
20260406,641,263909,69,0
20260406,642,202430,69,0
20260406,643,215013,69,0
20260406,644,260787,68,0
20260406,645,215134,68,0
20260406,646,210537,68,0
20260406,647,228909,68,0
20260406,648,258191,68,0
20260406,649,221454,68,0
20260406,650,259967,67,0
20260406,651,214872,67,0
20260406,652,213772,67,0
20260406,653,213896,67,0
20260406,654,222481,67,0
20260406,655,236980,67,0
20260406,656,252535,67,0
20260406,657,215909,67,0
20260406,658,267382,66,0
20260406,659,252571,66,0
20260406,660,213739,66,0
20260406,661,266901,66,0
20260406,662,222037,66,0
20260406,663,266864,66,0
20260406,664,252509,66,0
20260406,665,221141,66,0
20260406,666,233747,66,0
20260406,667,267882,65,0
20260406,668,215832,65,0
20260406,669,254748,65,0
20260406,670,269870,65,0
20260406,671,213672,64,0
20260406,672,206075,64,0
20260406,673,215921,63,0
20260406,674,221165,63,0
20260406,675,266431,63,0
20260406,676,221370,63,0
20260406,677,201611,62,0
20260406,678,263869,62,0
20260406,679,259567,62,0
20260406,680,210526,62,0
20260406,681,241714,62,0
20260406,682,221773,62,0
20260406,683,206108,61,0
20260406,684,211269,61,0
20260406,685,260254,61,0
20260406,686,239386,59,0
20260406,687,221465,59,0
20260406,688,245094,59,0
20260406,689,221469,59,0
20260406,690,260694,59,0
20260406,691,261097,59,0
20260406,692,265692,59,0
20260406,693,203500,58,0
20260406,694,223120,58,0
20260406,695,266488,58,0
20260406,696,260225,58,0
20260406,697,220453,58,0
20260406,698,220497,58,0
20260406,699,266642,58,0
20260406,700,234474,57,0
20260406,701,260368,57,0
20260406,702,263626,57,0
20260406,703,204294,56,0
20260406,704,225854,56,0
20260406,705,215707,56,0
20260406,706,263941,56,0
20260406,707,222346,56,0
20260406,708,239158,56,0
20260406,709,201614,55,0
20260406,710,221994,55,0
20260406,711,225850,55,0
20260406,712,220740,55,0
20260406,713,260766,55,0
20260406,714,269717,54,0
20260406,715,216038,54,0
20260406,716,215806,54,0
20260406,717,213551,54,0
20260406,718,220645,54,0
20260406,719,222184,53,0
20260406,720,239422,53,0
20260406,721,221192,53,0
20260406,722,215616,53,0
20260406,723,259754,53,0
20260406,724,220997,53,0
20260406,725,264207,53,0
20260406,726,202536,52,0
20260406,727,235161,52,0
20260406,728,270076,52,0
20260406,729,260032,52,0
20260406,730,202434,51,0
20260406,731,265688,51,0
20260406,732,204223,51,0
20260406,733,220578,51,0
20260406,734,220053,51,0
20260406,735,221746,51,0
20260406,736,216587,50,0
20260406,737,215019,50,0
20260406,738,264130,50,0
20260406,739,214713,50,0
20260406,740,270080,50,0
20260406,741,233718,50,0
20260406,742,259820,50,0
20260406,743,260273,50,0
20260406,744,221864,50,0
20260406,745,202464,49,0
20260406,746,266937,49,0
20260406,747,220392,49,0
20260406,748,221886,49,0
20260406,749,260848,48,0
20260406,750,211222,48,0
20260406,751,270082,48,0
20260406,752,215505,48,0
20260406,753,216180,48,0
20260406,754,264205,47,0
20260406,755,221903,47,0
20260406,756,220494,47,0
20260406,757,260214,47,0
20260406,758,259858,47,0
20260406,759,260101,46,0
20260406,760,266682,46,0
20260406,761,221062,46,0
20260406,762,267651,46,0
20260406,763,201506,45,0
20260406,764,214020,45,0
20260406,765,206060,45,0
20260406,766,220684,45,0
20260406,767,260042,45,0
20260406,768,270061,45,0
20260406,769,221474,45,0
20260406,770,239454,45,0
20260406,771,260582,45,0
20260406,772,221568,45,0
20260406,773,264140,44,0
20260406,774,222330,44,0
20260406,775,211544,44,0
20260406,776,201518,43,0
20260406,777,201616,43,0
20260406,778,267428,43,0
20260406,779,222667,43,0
20260406,780,221509,43,0
20260406,781,223402,43,0
20260406,782,228910,43,0
20260406,783,204309,42,0
20260406,784,222421,42,0
20260406,785,202693,42,0
20260406,786,221468,42,0
20260406,787,222299,42,0
20260406,788,206335,41,0
20260406,789,214935,41,0
20260406,790,222255,41,0
20260406,791,223373,41,0
20260406,792,263148,41,0
20260406,793,214877,40,0
20260406,794,216107,40,0
20260406,795,214540,40,0
20260406,796,215966,40,0
20260406,797,216256,40,0
20260406,798,220713,39,0
20260406,799,260638,39,0
20260406,800,269866,39,0
20260406,801,222262,39,0
20260406,802,260003,39,0
20260406,803,263995,38,0
20260406,804,211864,38,0
20260406,805,210158,38,0
20260406,806,267176,38,0
20260406,807,266509,38,0
20260406,808,260017,38,0
20260406,809,264973,38,0
20260406,810,220491,38,0
20260406,811,223146,38,0
20260406,812,221585,38,0
20260406,813,267115,37,0
20260406,814,215802,37,0
20260406,815,214535,37,0
20260406,816,215693,37,0
20260406,817,221195,37,0
20260406,818,214934,37,0
20260406,819,216158,37,0
20260406,820,203509,37,0
20260406,821,202446,36,0
20260406,822,211951,36,0
20260406,823,260762,36,0
20260406,824,266851,36,0
20260406,825,266407,36,0
20260406,826,260845,36,0
20260406,827,223421,36,0
20260406,828,221219,36,0
20260406,829,266381,35,0
20260406,830,264151,35,0
20260406,831,259996,35,0
20260406,832,260167,35,0
20260406,833,203537,35,0
20260406,834,223326,35,0
20260406,835,221862,35,0
20260406,836,264167,35,0
20260406,837,220591,35,0
20260406,838,221221,35,0
20260406,839,260277,35,0
20260406,840,258192,35,0
20260406,841,234481,35,0
20260406,842,222668,35,0
20260406,843,230876,34,0
20260406,844,239446,34,0
20260406,845,269864,34,0
20260406,846,266541,34,0
20260406,847,263980,34,0
20260406,848,214771,34,0
20260406,849,215015,34,0
20260406,850,223418,34,0
20260406,851,260860,34,0
20260406,852,214696,33,0
20260406,853,263974,33,0
20260406,854,264085,33,0
20260406,855,216316,33,0
20260406,856,221413,33,0
20260406,857,260062,33,0
20260406,858,202580,32,0
20260406,859,264961,32,0
20260406,860,270195,32,0
20260406,861,260612,32,0
20260406,862,266771,32,0
20260406,863,211511,32,0
20260406,864,267400,32,0
20260406,865,210672,32,0
20260406,866,266529,32,0
20260406,867,264131,32,0
20260406,868,206336,32,0
20260406,869,219979,32,0
20260406,870,260279,32,0
20260406,871,201540,31,0
20260406,872,253681,31,0
20260406,873,222367,31,0
20260406,874,222028,31,0
20260406,874,214605,31,0
20260406,876,264978,31,0
20260406,877,270078,31,0
20260406,878,222000,30,0
20260406,879,267104,30,0
20260406,880,223399,30,0
20260406,881,260767,30,0
20260406,882,211796,30,0
20260406,883,220875,30,0
20260406,884,263801,30,0
20260406,885,216078,29,0
20260406,886,268770,29,0
20260406,887,223080,29,0
20260406,888,215795,29,0
20260406,889,221139,29,0
20260406,890,211541,29,0
20260406,891,222305,29,0
20260406,892,220493,29,0
20260406,893,266455,28,0
20260406,894,202443,28,0
20260406,895,260226,28,0
20260406,896,239387,28,0
20260406,897,260338,28,0
20260406,898,215697,28,0
20260406,899,221741,28,0
20260406,900,222239,28,0
20260406,901,235160,28,0
20260406,902,259965,28,0
20260406,903,239453,28,0
20260406,904,220642,28,0
20260406,905,201582,27,0
20260406,906,220825,27,0
20260406,907,221929,27,0
20260406,908,259762,27,0
20260406,909,263677,27,0
20260406,910,270065,27,0
20260406,911,220614,27,0
20260406,912,264029,27,0
20260406,913,220276,27,0
20260406,914,221173,27,0
20260406,915,223308,27,0
20260406,916,266758,27,0
20260406,917,210913,26,0
20260406,918,261957,26,0
20260406,919,213721,26,0
20260406,920,264180,26,0
20260406,921,211921,26,0
20260406,922,220690,26,0
20260406,923,256686,26,0
20260406,924,221440,26,0
20260406,925,220695,26,0
20260406,926,223404,26,0
20260406,927,266659,26,0
20260406,928,214519,26,0
20260406,929,222856,25,0
20260406,930,260914,25,0
20260406,931,215879,25,0
20260406,932,210500,25,0
20260406,933,260374,25,0
20260406,934,213948,25,0
20260406,935,245079,25,0
20260406,936,213541,24,0
20260406,937,223163,24,0
20260406,938,213976,24,0
20260406,939,213775,24,0
20260406,940,220470,24,0
20260406,941,260528,24,0
20260406,942,260100,24,0
20260406,943,267841,24,0
20260406,944,215177,24,0
20260406,945,260433,24,0
20260406,946,202596,23,0
20260406,947,264962,23,0
20260406,948,221624,23,0
20260406,949,263808,23,0
20260406,950,221410,23,0
20260406,951,263751,23,0
20260406,952,267409,23,0
20260406,953,265040,23,0
20260406,954,264069,23,0
20260406,955,202916,23,0
20260406,956,253679,23,0
20260406,957,270165,23,0
20260406,958,215440,23,0
20260406,959,219331,23,0
20260406,960,221542,23,0
20260406,961,259105,23,0
20260406,962,221210,22,0
20260406,963,239102,22,0
20260406,964,214800,22,0
20260406,965,221150,22,0
20260406,966,261132,22,0
20260406,967,266645,22,0
20260406,968,260150,22,0
20260406,969,222509,22,0
20260406,970,263622,22,0
20260406,971,216311,22,0
20260406,972,270125,22,0
20260406,973,264216,22,0
20260406,974,261098,22,0
20260406,975,269253,21,0
20260406,976,259989,21,0
20260406,977,222225,21,0
20260406,978,221915,21,0
20260406,979,222762,21,0
20260406,980,267422,21,0
20260406,981,267022,21,0
20260406,982,270129,21,0
20260406,983,263687,21,0
20260406,984,252584,21,0
20260406,985,255662,21,0
20260406,986,241745,21,0
20260406,987,210645,21,0
20260406,988,205815,20,0
20260406,989,202858,20,0
20260406,990,215096,20,0
20260406,991,214182,20,0
20260406,992,223375,20,0
20260406,993,270315,20,0
20260406,994,270181,20,0
20260406,995,223398,20,0
20260406,996,266379,20,0
20260406,997,264150,20,0
20260406,998,215492,20,0
20260406,999,267431,20,0
20260406,1000,221203,20,0
20260413,1,214544,11025,20
20260413,2,214981,8108,22
20260413,3,221103,7278,20
20260413,4,216347,7263,20
20260413,5,202468,6243,22
20260413,6,216153,5995,20
20260413,7,202494,3965,16
20260413,8,211148,3907,20
20260413,9,259799,3611,21
20260413,10,239475,3531,21
20260413,11,202505,3090,19
20260413,12,214096,2993,16
20260413,13,206420,2886,26
20260413,14,222328,2801,23
20260413,15,211768,2324,21
20260413,16,260300,2270,22
20260413,17,201619,2161,19
20260413,18,220704,2040,24
20260413,19,223670,2001,25
20260413,20,210722,1906,21
20260413,21,214643,1845,24
20260413,22,211533,1813,21
20260413,23,214939,1813,22
20260413,24,213631,1676,24
20260413,25,220367,1598,28
20260413,26,201514,1507,24
20260413,27,215613,1492,26
20260413,28,216146,1473,18
20260413,29,221054,1465,23
20260413,30,233741,1435,28
20260413,31,213710,1426,26
20260413,32,216133,1383,25
20260413,33,211713,1382,27
20260413,34,239383,1380,20
20260413,35,221024,1372,25
20260413,36,215983,1356,27
20260413,37,221012,1350,14
20260413,38,206289,1348,25
20260413,39,211684,1348,25
20260413,40,222145,1317,29
20260413,41,220714,1310,27
20260413,42,211701,1299,23
20260413,43,220548,1296,20
20260413,44,222391,1289,17
20260413,45,223253,1285,29
20260413,46,214954,1263,13
20260413,47,222601,1230,24
20260413,48,220520,1214,27
20260413,49,215035,1200,26
20260413,50,238184,1161,17
20260413,51,201696,1158,19
20260413,52,206252,1155,19
20260413,53,263857,1139,32
20260413,54,215713,1124,22
20260413,55,222661,1092,22
20260413,56,202663,1059,24
20260413,57,221883,1050,30
20260413,58,222045,1046,26
20260413,59,219875,1045,25
20260413,60,221039,1029,27
20260413,61,211817,1026,24
20260413,62,206368,1023,15
20260413,63,213583,1023,35
20260413,64,211107,1012,24
20260413,65,214388,999,28
20260413,66,201533,989,26
20260413,67,202499,967,25
20260413,68,213550,952,26
20260413,69,206242,942,25
20260413,70,220716,931,28
20260413,71,216083,919,26
20260413,72,214082,918,22
20260413,73,215910,918,33
20260413,74,215872,914,32
20260413,75,221407,910,27
20260413,76,220435,894,32
20260413,77,201709,893,26
20260413,78,220332,891,23
20260413,79,220309,891,27
20260413,80,238075,890,29
20260413,81,203530,881,25
20260413,82,214040,880,31
20260413,83,215785,876,26
20260413,84,213887,875,31
20260413,85,201548,867,26
20260413,86,220416,863,29
20260413,87,230870,850,25
20260413,88,215306,843,29
20260413,89,220465,836,28
20260413,90,221333,825,24
20260413,91,215020,819,28
20260413,92,215899,818,29
20260413,93,213646,816,27
20260413,94,203501,814,11
20260413,95,219917,814,34
20260413,96,223360,814,21
20260413,97,260172,813,16
20260413,98,243420,813,30
20260413,99,211814,809,32
20260413,100,220348,806,26
20260413,101,220750,803,26
20260413,102,211337,801,32
20260413,103,215936,789,23
20260413,104,220662,786,27
20260413,105,210886,773,30
20260413,106,211651,771,20
20260413,107,211843,768,16
20260413,108,215219,762,22
20260413,109,215138,755,25
20260413,110,221909,741,24
20260413,111,205925,739,26
20260413,112,223286,737,28
20260413,113,215337,731,19
20260413,114,206294,731,26
20260413,115,222290,724,28
20260413,116,221985,720,30
20260413,117,221307,718,20
20260413,118,201499,707,16
20260413,119,215480,699,30
20260413,120,221257,699,31
20260413,121,252499,657,25
20260413,122,211685,655,26
20260413,123,222966,625,29
20260413,124,214119,618,22
20260413,125,222233,602,17
20260413,126,214461,597,22
20260413,127,206417,586,30
20260413,128,215370,584,21
20260413,129,216081,584,22
20260413,130,221406,576,28
20260413,131,203389,572,12
20260413,132,221124,567,28
20260413,133,263644,566,18
20260413,134,223321,566,28
20260413,135,239456,565,27
20260413,136,202684,564,23
20260413,137,220722,564,31
20260413,138,211880,559,23
20260413,139,221236,554,26
20260413,140,213666,543,24
20260413,141,201551,542,35
20260413,142,214452,541,25
20260413,143,222258,541,23
20260413,144,259733,541,25
20260413,145,220466,540,18
20260413,146,236957,540,28
20260413,147,210622,533,26
20260413,148,214593,526,27
20260413,149,201478,516,34
20260413,150,213889,510,22
20260413,151,223194,509,29
20260413,152,215572,506,28
20260413,153,221237,504,28
20260413,154,221354,504,25
20260413,155,221626,490,19
20260413,156,202600,480,25
20260413,157,236955,479,24
20260413,158,215037,469,25
20260413,159,222017,464,25
20260413,160,202604,464,33
20260413,161,203514,461,30
20260413,162,267439,459,25
20260413,163,223325,458,24
20260413,164,214459,456,31
20260413,165,220446,452,27
20260413,166,202493,449,34
20260413,167,215946,445,26
20260413,168,223168,443,23
20260413,169,221803,440,27
20260413,170,211316,440,28
20260413,171,216016,439,18
20260413,172,266671,428,20
20260413,173,215992,427,30
20260413,174,215250,426,20
20260413,175,211279,420,25
20260413,176,220733,420,31
20260413,177,216097,416,26
20260413,178,211702,412,26
20260413,179,220742,409,28
20260413,180,201621,409,30
20260413,181,215453,408,29
20260413,182,215571,404,29
20260413,183,201593,399,6
20260413,184,213576,398,27
20260413,185,214181,395,27
20260413,186,216566,392,14
20260413,187,236972,391,20
20260413,188,216055,389,27
20260413,189,259871,389,18
20260413,190,201545,385,16
20260413,191,211227,385,24
20260413,192,214254,379,29
20260413,193,213525,378,12
20260413,194,223335,378,22
20260413,195,223333,378,32
20260413,196,214646,377,28
20260413,197,201662,375,6
20260413,198,214604,375,28
20260413,199,220680,375,22
20260413,200,204411,368,15
20260413,1001,267431,20,9
20260413,1002,239160,20,10
20260413,1003,222294,20,11
20260413,1004,239390,19,9
20260413,1005,220887,19,9
20260413,1006,270449,19,3
20260413,1007,221371,19,4
20260413,1008,260297,19,4
20260413,1009,222202,19,5
20260413,1010,221463,19,6
20260413,1011,252586,19,6
20260413,1012,261066,19,6
20260413,1013,215492,19,7
20260413,1014,214901,19,7
20260413,1015,259981,19,8
20260413,1016,221203,19,9
20260413,1017,214398,19,9
20260413,1018,260261,19,9
20260413,1019,215372,19,10
20260413,1020,260984,19,10
20260413,1021,221740,19,11
20260413,1022,212043,18,10
20260413,1023,266651,18,6
20260413,1024,215696,18,11
20260413,1025,264975,18,2
20260413,1026,223160,18,2
20260413,1027,260306,18,3
20260413,1028,213976,18,3
20260413,1029,259576,18,4
20260413,1029,269275,18,4
20260413,1031,270159,18,4
20260413,1032,266765,18,6
20260413,1033,267449,18,8
20260413,1034,259854,18,9
20260413,1035,222177,18,10
20260413,1036,221148,18,10
20260413,1037,249659,18,10
20260413,1038,215712,18,11
20260413,1039,265207,17,6
20260413,1040,269710,17,2
20260413,1040,211021,17,2
20260413,1042,268787,17,3
20260413,1043,239478,17,4
20260413,1044,201481,17,4
20260413,1045,264073,17,4
20260413,1046,266720,17,5
20260413,1047,224485,17,6
20260413,1048,266523,17,6
20260413,1049,260871,17,6
20260413,1050,260777,17,6
20260413,1051,260398,17,7
20260413,1052,221736,17,7
20260413,1053,221055,17,8
20260413,1054,239449,17,9
20260413,1055,220048,17,9
20260413,1056,260323,17,10
20260413,1057,211043,16,8
20260413,1058,261964,16,9
20260413,1059,266722,16,7
20260413,1060,220297,16,9
20260413,1061,246476,16,9
20260413,1062,269954,16,2
20260413,1063,270322,16,2
20260413,1063,260842,16,2
20260413,1065,222602,16,4
20260413,1066,216340,16,4
20260413,1067,239474,16,5
20260413,1068,259797,16,6
20260413,1069,260224,16,7
20260413,1070,259907,16,7
20260413,1070,222213,16,7
20260413,1072,223411,16,7
20260413,1073,223284,16,8
20260413,1074,260185,16,8
20260413,1075,269254,16,9
20260413,1075,267932,16,9
20260413,1077,270262,15,1
20260413,1078,201565,15,3
20260413,1079,221441,15,6
20260413,1080,270100,15,4
20260413,1081,213830,15,7
20260413,1082,205964,15,1
20260413,1083,267534,15,2
20260413,1084,270091,15,4
20260413,1085,214784,15,4
20260413,1086,269772,15,5
20260413,1087,262883,15,5
20260413,1088,252519,15,6
20260413,1089,220551,15,6
20260413,1090,252582,15,7
20260413,1091,260717,15,7
20260413,1092,261082,15,7
20260413,1092,220689,15,7
20260413,1092,221310,15,7
20260413,1095,202387,15,7
20260413,1096,237465,15,8
20260413,1096,267425,15,8
20260413,1098,215467,15,8
20260413,1099,259113,15,8
20260413,1100,246518,15,9
20260413,1100,219444,15,9
20260413,1102,260400,15,12
20260413,1103,260580,14,2
20260413,1104,211285,14,8
20260413,1105,215721,14,8
20260413,1106,259713,14,4
20260413,1107,216225,14,6
20260413,1108,221069,14,9
20260413,1109,270019,14,3
20260413,1110,267180,14,4
20260413,1111,219983,14,5
20260413,1112,215970,14,5
20260413,1112,220564,14,5
20260413,1112,241715,14,5
20260413,1115,219872,14,5
20260413,1116,214503,14,6
20260413,1117,269835,14,7
20260413,1118,222376,14,7
20260413,1119,244079,14,8
20260413,1120,260085,14,8
20260413,1121,266795,14,8
20260413,1122,260556,14,9
20260413,1123,263676,14,10
20260413,1124,259739,13,8
20260413,1125,211407,13,2
20260413,1125,267616,13,2
20260413,1127,261278,13,2
20260413,1127,267920,13,2
20260413,1129,261008,13,3
20260413,1130,214746,13,3
20260413,1131,266629,13,4
20260413,1132,264280,13,4
20260413,1133,215236,13,5
20260413,1134,269734,13,5
20260413,1135,261968,13,5
20260413,1136,264505,13,6
20260413,1137,203370,13,7
20260413,1137,222734,13,7
20260413,1139,261104,13,7
20260413,1139,269801,13,7
20260413,1141,221158,13,7
20260413,1142,225861,13,8
20260413,1143,239126,13,8
20260413,1144,215735,12,7
20260413,1145,221933,12,8
20260413,1146,269704,12,3
20260413,1147,261133,12,6
20260413,1148,269872,12,7
20260413,1149,221688,12,1
20260413,1150,223159,12,2
20260413,1151,269838,12,2
20260413,1152,270132,12,3
20260413,1152,260926,12,3
20260413,1152,260631,12,3
20260413,1152,264510,12,3
20260413,1156,201431,12,3
20260413,1157,214019,12,3
20260413,1157,260693,12,3
20260413,1159,259590,12,4
20260413,1160,264107,12,5
20260413,1161,214460,12,5
20260413,1162,216315,12,6
20260413,1163,222748,12,7
20260413,1164,221013,12,7
20260413,1165,263889,12,8
20260413,1165,268772,12,8
20260413,1167,264226,12,8
20260413,1168,236968,12,9
20260413,1169,266549,12,10
20260413,1170,211592,11,7
20260413,1171,260827,11,1
20260413,1172,222557,11,2
20260413,1173,265628,11,3
20260413,1174,267540,11,4
20260413,1174,221025,11,4
20260413,1174,220436,11,4
20260413,1177,214450,11,4
20260413,1177,222035,11,4
20260413,1179,270274,11,4
20260413,1180,221913,11,5
20260413,1181,265020,11,5
20260413,1182,202478,11,5
20260413,1183,219874,11,6
20260413,1184,215854,11,6
20260413,1184,266374,11,6
20260413,1186,260583,11,7
20260413,1186,223435,11,7
20260413,1188,259998,11,7
20260413,1188,268778,11,7
20260413,1190,206161,11,7
20260413,1191,241735,11,9
20260413,1191,260378,11,9
20260413,1193,216381,11,11
20260413,1194,266383,10,4
20260413,1195,206205,10,9
20260413,1196,266378,10,2
20260413,1197,238209,10,2
20260413,1198,266476,10,3
20260413,1199,261073,10,3
20260413,1199,253665,10,3
20260413,1201,233725,10,3
20260413,1201,266819,10,3
20260413,1203,260604,10,4
20260413,1203,221377,10,4
20260413,1203,221621,10,4
20260413,1206,263940,10,4
20260413,1207,257867,10,4
20260413,1208,222215,10,5
20260413,1208,265713,10,5
20260413,1208,267387,10,5
20260413,1211,259914,10,5
20260413,1212,266533,10,5
20260413,1212,221422,10,5
20260413,1212,214277,10,5
20260413,1212,215926,10,5
20260413,1212,260455,10,5
20260413,1217,219754,10,5
20260413,1218,201691,10,6
20260413,1219,214974,10,6
20260413,1219,220394,10,6
20260413,1219,223198,10,6
20260413,1222,259964,10,6
20260413,1222,266409,10,6
20260413,1224,211600,10,7
20260413,1225,223389,10,7
20260413,1226,222318,10,7
20260413,1227,222613,10,8
20260413,1227,221258,10,8
20260413,1229,216405,10,8
20260413,1230,220563,10,9
20260413,1231,211779,9,6
20260413,1232,205562,9,6
20260413,1233,215043,9,5
20260413,1233,263905,9,5
20260413,1235,270302,9,6
20260413,1236,215085,9,3
20260413,1237,270266,9,3
20260413,1238,221396,9,3
20260413,1239,238068,9,4
20260413,1239,267734,9,4
20260413,1239,266543,9,4
20260413,1239,263625,9,4
20260413,1243,270194,9,4
20260413,1244,267441,9,4
20260413,1245,259769,9,5
20260413,1245,221940,9,5
20260413,1247,246484,9,5
20260413,1247,270281,9,5
20260413,1249,223153,9,5
20260413,1250,220512,9,5
20260413,1250,220286,9,5
20260413,1252,239484,9,6
20260413,1252,267435,9,6
20260413,1254,270115,9,7
20260413,1254,260828,9,7
20260413,1256,222158,9,7
20260413,1257,260715,9,8
20260413,1257,260774,9,8
20260413,1259,221197,9,9
20260413,1260,263775,8,5
20260413,1261,259104,8,4
20260413,1262,259849,8,3
20260413,1262,222377,8,3
20260413,1262,269943,8,3
20260413,1262,260839,8,3
20260413,1266,263981,8,3
20260413,1266,260159,8,3
20260413,1268,264063,8,3
20260413,1269,266467,8,4
20260413,1269,269267,8,4
20260413,1269,257898,8,4
20260413,1269,202639,8,4
20260413,1273,205492,8,4
20260413,1274,260122,8,4
20260413,1274,221371,8,4
20260413,1274,261094,8,4
20260413,1277,215161,8,5
20260413,1277,220469,8,5
20260413,1279,220633,8,5
20260413,1279,261129,8,5
20260413,1279,264252,8,5
20260413,1279,267723,8,5
20260413,1279,267722,8,5
20260413,1284,260742,8,6
20260413,1284,269906,8,6
20260413,1284,264966,8,6
20260413,1284,220492,8,6
20260413,1284,221524,8,6
20260413,1284,221771,8,6
20260413,1284,257881,8,6
20260413,1284,237467,8,6
20260413,1284,230120,8,6
20260413,1293,221315,8,6
20260413,1294,216156,8,7
20260413,1295,202440,7,4
20260413,1296,256710,7,7
20260413,1297,201539,7,4
20260413,1297,260888,7,4
20260413,1299,264275,7,3
20260413,1299,263890,7,3
20260413,1299,266406,7,3
20260413,1299,266686,7,3
20260413,1299,267473,7,3
20260413,1299,215956,7,3
20260413,1299,254760,7,3
20260413,1299,222847,7,3
20260413,1299,222838,7,3
20260413,1299,221030,7,3
20260413,1309,222606,7,3
20260413,1309,222061,7,3
20260413,1309,221214,7,3
20260413,1309,259623,7,3
20260413,1309,260091,7,3
20260413,1309,267423,7,3
20260413,1309,264215,7,3
20260413,1316,264138,7,4
20260413,1316,260204,7,4
20260413,1316,259719,7,4
20260413,1316,215647,7,4
20260413,1320,220289,7,4
20260413,1320,270186,7,4
20260413,1322,264114,7,5
20260413,1322,261021,7,5
20260413,1322,263717,7,5
20260413,1322,263701,7,5
20260413,1322,260881,7,5
20260413,1322,256682,7,5
20260413,1322,246485,7,5
20260413,1322,221083,7,5
20260413,1330,260993,7,5
20260413,1331,267695,7,7
20260413,1331,238071,7,7
20260413,1331,216140,7,7
20260413,1334,263978,6,4
20260413,1335,220422,6,6
20260413,1336,215222,6,6
20260413,1336,270133,6,6
20260413,1338,270047,6,3
20260413,1339,222637,6,3
20260413,1339,223356,6,3
20260413,1339,259608,6,3
20260413,1342,260066,6,4
20260413,1342,266492,6,4
20260413,1342,222309,6,4
20260413,1342,222332,6,4
20260413,1342,221515,6,4
20260413,1342,211208,6,4
20260413,1342,216092,6,4
20260413,1342,216073,6,4
20260413,1342,220772,6,4
20260413,1342,267927,6,4
20260413,1342,267465,6,4
20260413,1342,264198,6,4
20260413,1342,266805,6,4
20260413,1342,266781,6,4
20260413,1342,267462,6,4
20260413,1342,260962,6,4
20260413,1342,260792,6,4
20260413,1342,260653,6,4
20260413,1342,266532,6,4
20260413,1342,260503,6,4
20260413,1342,260373,6,4
20260413,1363,223352,6,5
20260413,1364,237481,6,6
20260413,1364,252494,6,6
20260413,1364,222520,6,6
20260413,1364,260723,6,6
20260413,1364,220071,6,6
20260413,1364,221269,6,6
20260413,1364,266593,6,6
20260413,1364,267408,6,6
20260413,1364,269757,6,6
20260413,1373,201527,5,3
20260413,1374,201399,5,4
20260413,1375,264986,5,5
20260413,1376,267525,5,3
20260413,1376,270350,5,3
20260413,1378,248660,5,4
20260413,1379,246489,5,3
20260413,1379,245076,5,3
20260413,1379,258195,5,3
20260413,1379,259887,5,3
20260413,1379,233729,5,3
20260413,1379,239172,5,3
20260413,1379,223397,5,3
20260413,1379,222623,5,3
20260413,1379,222274,5,3
20260413,1379,231641,5,3
20260413,1379,223452,5,3
20260413,1379,221923,5,3
20260413,1379,221963,5,3
20260413,1379,201672,5,3
20260413,1379,215174,5,3
20260413,1379,270164,5,3
20260413,1379,270237,5,3
20260413,1379,270383,5,3
20260413,1379,267424,5,3
20260413,1379,267671,5,3
20260413,1379,267748,5,3
20260413,1379,266713,5,3
20260413,1379,266372,5,3
20260413,1379,264248,5,3
20260413,1379,264243,5,3
20260413,1379,263962,5,3
20260413,1379,263766,5,3
20260413,1379,260974,5,3
20260413,1379,263706,5,3
20260413,1408,263809,5,4
20260413,1408,260893,5,4
20260413,1408,260393,5,4
20260413,1408,260464,5,4
20260413,1408,222161,5,4
20260413,1408,221346,5,4
20260413,1408,230121,5,4
20260413,1408,259803,5,4
20260413,1416,259569,5,5
20260413,1416,259614,5,5
20260413,1416,252565,5,5
20260413,1416,215430,5,5
20260413,1416,264229,5,5
20260413,1416,265195,5,5
20260413,1422,261092,4,4
20260413,1422,265610,4,4
20260413,1422,212034,4,4
20260413,1422,221988,4,4
20260413,1426,221222,4,3
20260413,1426,220687,4,3
20260413,1426,260178,4,3
20260413,1426,220159,4,3
20260413,1426,270154,4,3
20260413,1426,267083,4,3
20260413,1426,260674,4,3
20260413,1433,260709,4,4
20260413,1433,260779,4,4
20260413,1433,264998,4,4
20260413,1433,266700,4,4
20260413,1433,266849,4,4
20260413,1433,263838,4,4
20260413,1433,267732,4,4
20260413,1433,269937,4,4
20260413,1433,270066,4,4
20260413,1433,269769,4,4
20260413,1433,269753,4,4
20260413,1433,269773,4,4
20260413,1433,270258,4,4
20260413,1433,259763,4,4
20260413,1433,252487,4,4
20260413,1433,242450,4,4
20260413,1433,223416,4,4
20260413,1433,260479,4,4
20260413,1433,223371,4,4
20260413,1433,241003,4,4
20260413,1433,241018,4,4
20260413,1433,222180,4,4
20260413,1433,221520,4,4
20260413,1456,213596,3,3
20260413,1456,202453,3,3
20260413,1456,206253,3,3
20260413,1459,264086,3,3
20260413,1459,264242,3,3
20260413,1459,269948,3,3
20260413,1463,264079,3,3
20260413,1463,266892,3,3
20260413,1463,260867,3,3
20260413,1463,270463,3,3
20260413,1463,240163,3,3
20260413,1463,256711,3,3
20260413,1469,255666,3,3
20260413,1469,246480,3,3
20260413,1469,244077,3,3
20260413,1469,249668,3,3
20260413,1469,259990,3,3
20260413,1469,221979,3,3
20260413,1469,239157,3,3
20260413,1469,234223,3,3
20260413,1469,234506,3,3
20260413,1469,235155,3,3
20260413,1469,235154,3,3
20260413,1469,236989,3,3
20260413,1469,238084,3,3
20260413,1469,238205,3,3
20260413,1469,223006,3,3
20260413,1469,223071,3,3
20260413,1469,222845,3,3
20260413,1469,222866,3,3
20260413,1469,222659,3,3
20260413,1469,205789,3,3
20260413,1469,213898,3,3
20260413,1469,213827,3,3
20260413,1469,220934,3,3
20260413,1469,216198,3,3
20260413,1469,220790,3,3
20260413,1469,270139,3,3
20260413,1469,270117,3,3
20260413,1469,270207,3,3
20260413,1469,269775,3,3
20260413,1469,269718,3,3
20260413,1469,269732,3,3
20260413,1469,269797,3,3
20260413,1469,270109,3,3
20260413,1469,270039,3,3
20260413,1469,267493,3,3
20260413,1469,267937,3,3
20260413,1469,263666,3,3
20260413,1469,260622,3,3
20260413,1469,260387,3,3
20260413,1469,260443,3,3
20260413,1469,263866,3,3
20260413,1469,264068,3,3
20260413,1469,264139,3,3
20260413,1469,264270,3,3
20260413,1469,264980,3,3
20260413,1469,266463,3,3
20260413,1469,266772,3,3
20260413,1469,266591,3,3
20260413,1469,266852,3,3
20260413,201,239436,365,31
20260413,202,204431,359,26
20260413,203,220454,359,25
20260413,204,216265,357,23
20260413,205,211552,352,28
20260413,206,220699,343,27
20260413,207,201458,340,6
20260413,208,232447,335,22
20260413,209,247669,335,22
20260413,210,214480,332,29
20260413,211,214826,331,29
20260413,212,214684,329,32
20260413,213,215988,327,32
20260413,214,211635,327,30
20260413,215,239389,327,27
20260413,216,213706,325,32
20260413,217,214149,324,29
20260413,218,211539,323,13
20260413,219,222980,323,18
20260413,220,256684,320,17
20260413,221,210303,315,34
20260413,222,221434,315,24
20260413,223,216074,314,22
20260413,224,213873,311,30
20260413,225,206007,309,32
20260413,226,213544,308,14
20260413,227,214262,308,26
20260413,228,206292,308,20
20260413,229,214937,308,22
20260413,230,204419,307,24
20260413,231,214386,306,20
20260413,232,260664,303,17
20260413,233,222919,303,22
20260413,234,214906,301,19
20260413,235,259857,301,20
20260413,236,264149,298,25
20260413,237,202662,295,24
20260413,238,221018,293,26
20260413,239,221164,288,28
20260413,240,211095,287,13
20260413,241,203564,284,30
20260413,242,211901,281,28
20260413,243,221073,280,30
20260413,244,223323,278,30
20260413,245,222156,278,23
20260413,246,221885,278,24
20260413,247,221911,277,36
20260413,248,214236,277,32
20260413,249,211643,276,26
20260413,250,259685,274,20
20260413,251,215290,271,29
20260413,252,221213,270,15
20260413,253,206430,270,26
20260413,254,222080,269,23
20260413,255,212303,268,32
20260413,256,220770,268,24
20260413,257,260203,268,19
20260413,258,211344,266,30
20260413,259,201606,265,12
20260413,260,213620,262,27
20260413,261,203463,261,23
20260413,262,206124,261,18
20260413,263,215042,260,22
20260413,264,223331,259,12
20260413,265,239392,259,31
20260413,266,221411,259,23
20260413,267,260168,259,20
20260413,268,223087,258,19
20260413,269,201555,258,14
20260413,270,213767,253,20
20260413,271,213779,249,32
20260413,272,222506,248,31
20260413,273,214919,247,24
20260413,274,221209,246,21
20260413,275,215614,244,30
20260413,276,261963,243,15
20260413,277,216213,242,24
20260413,278,260598,240,28
20260413,279,216367,239,28
20260413,280,221512,239,15
20260413,281,221178,238,22
20260413,282,260765,238,12
20260413,283,222189,238,34
20260413,284,221243,235,21
20260413,285,216139,233,27
20260413,286,214081,232,15
20260413,287,211878,229,27
20260413,288,201586,229,15
20260413,289,215062,228,16
20260413,290,246493,228,23
20260413,291,201613,224,23
20260413,292,259883,224,12
20260413,293,215386,222,20
20260413,294,216116,221,24
20260413,295,215996,220,22
20260413,296,238064,219,13
20260413,297,220554,219,17
20260413,298,211920,217,20
20260413,299,260171,217,21
20260413,300,261972,216,16
20260413,301,221099,216,28
20260413,302,258199,216,30
20260413,303,220757,215,33
20260413,304,221362,215,17
20260413,305,215807,214,28
20260413,306,221191,214,22
20260413,307,260170,214,29
20260413,308,221004,214,20
20260413,309,201610,213,17
20260413,310,213789,213,25
20260413,311,206345,211,21
20260413,312,260581,211,26
20260413,313,256705,211,27
20260413,314,222965,210,22
20260413,315,239438,209,17
20260413,316,215077,208,28
20260413,317,215820,208,29
20260413,318,221486,208,20
20260413,319,260206,207,24
20260413,320,221104,205,21
20260413,321,210847,204,22
20260413,322,259758,204,25
20260413,323,213908,202,21
20260413,324,206194,202,24
20260413,325,220589,201,17
20260413,326,221382,201,27
20260413,327,215898,200,23
20260413,328,215726,199,31
20260413,329,221395,197,18
20260413,330,221159,197,20
20260413,331,211844,196,26
20260413,332,223410,195,25
20260413,333,221220,195,24
20260413,334,211846,194,25
20260413,335,216385,193,13
20260413,336,215840,192,27
20260413,337,222397,192,18
20260413,338,266622,191,19
20260413,339,246478,190,21
20260413,340,220781,189,25
20260413,341,215501,189,21
20260413,342,201329,188,7
20260413,343,260761,188,11
20260413,344,220735,188,21
20260413,345,214189,188,24
20260413,346,266376,188,8
20260413,347,220432,188,23
20260413,348,222944,188,17
20260413,349,202460,187,8
20260413,350,215314,187,19
20260413,351,213657,187,25
20260413,352,223302,187,21
20260413,353,222559,186,27
20260413,354,211342,185,18
20260413,355,214219,183,20
20260413,356,201483,183,24
20260413,357,222296,181,6
20260413,358,206374,180,10
20260413,359,260913,180,25
20260413,360,236956,179,25
20260413,361,256673,177,15
20260413,362,222675,176,16
20260413,363,221768,175,22
20260413,364,239397,170,25
20260413,365,239476,170,20
20260413,366,264075,168,13
20260413,367,211529,167,20
20260413,368,215566,166,26
20260413,369,220489,165,27
20260413,370,231639,165,14
20260413,371,214301,165,21
20260413,372,259794,165,20
20260413,373,252495,165,8
20260413,374,206362,163,24
20260413,375,221023,163,24
20260413,376,215592,163,24
20260413,377,259853,163,20
20260413,378,220364,163,35
20260413,379,221000,162,29
20260413,380,260006,162,23
20260413,381,203435,162,28
20260413,382,221096,160,20
20260413,383,211874,160,22
20260413,384,216324,160,18
20260413,385,261038,158,14
20260413,386,246481,157,19
20260413,387,220718,157,18
20260413,388,201666,157,21
20260413,389,215588,156,27
20260413,390,232881,156,26
20260413,391,221187,155,22
20260413,392,214546,155,29
20260413,393,219887,155,17
20260413,394,214862,154,18
20260413,395,260541,154,19
20260413,396,202688,153,23
20260413,397,214992,152,18
20260413,398,221014,152,22
20260413,399,215878,151,22
20260413,400,254733,151,25
20260413,401,201585,150,9
20260413,402,211820,149,17
20260413,403,264187,149,21
20260413,404,221789,148,14
20260413,405,213949,147,27
20260413,406,220673,147,26
20260413,407,213974,147,25
20260413,408,203475,145,15
20260413,409,223415,145,27
20260413,410,221242,145,18
20260413,411,216095,144,28
20260413,412,262891,143,12
20260413,413,261049,141,24
20260413,414,221369,141,21
20260413,415,220164,140,15
20260413,416,221905,139,6
20260413,417,203281,139,23
20260413,418,252587,138,32
20260413,419,260510,138,19
20260413,420,221364,137,21
20260413,421,211329,136,27
20260413,422,221945,135,25
20260413,423,203288,135,19
20260413,424,219625,135,21
20260413,425,202410,135,25
20260413,426,211411,134,8
20260413,427,215468,134,14
20260413,428,215166,133,15
20260413,429,214653,133,20
20260413,430,220447,132,20
20260413,431,216253,132,19
20260413,432,221229,132,19
20260413,433,214521,131,26
20260413,434,222276,130,20
20260413,435,222986,130,22
20260413,436,213837,129,18
20260413,437,221181,128,28
20260413,438,220808,127,12
20260413,439,239442,127,23
20260413,440,221265,127,18
20260413,441,260514,127,19
20260413,442,260951,127,9
20260413,443,214930,127,13
20260413,444,220613,127,18
20260413,445,222891,127,24
20260413,446,235159,126,19
20260413,447,213753,126,15
20260413,448,213849,125,25
20260413,449,221157,125,23
20260413,450,239156,125,20
20260413,451,221020,125,19
20260413,452,231625,125,20
20260413,453,221109,125,20
20260413,454,211756,125,9
20260413,455,260565,125,18
20260413,456,215018,124,18
20260413,457,220502,124,19
20260413,458,214418,124,16
20260413,459,222454,124,9
20260413,460,269714,123,8
20260413,461,259913,123,15
20260413,462,220598,123,16
20260413,463,221031,122,21
20260413,464,259591,122,20
20260413,465,213821,122,21
20260413,466,236967,122,19
20260413,467,223141,122,23
20260413,468,215550,121,16
20260413,469,220306,121,19
20260413,470,214507,120,18
20260413,471,215459,120,20
20260413,472,220513,120,20
20260413,473,264228,119,18
20260413,474,211063,117,28
20260413,475,222092,117,21
20260413,476,221982,116,22
20260413,477,216162,115,21
20260413,478,222171,114,21
20260413,479,204394,114,18
20260413,480,200748,113,9
20260413,481,215398,113,23
20260413,482,267420,113,18
20260413,483,215431,111,24
20260413,484,260539,111,19
20260413,485,223100,111,20
20260413,486,260667,110,15
20260413,487,222273,110,20
20260413,488,240998,110,9
20260413,489,213998,109,24
20260413,490,211646,109,20
20260413,491,214839,108,15
20260413,492,247647,108,22
20260413,493,233742,107,26
20260413,494,211765,106,14
20260413,495,260763,106,16
20260413,496,252493,106,20
20260413,497,221168,106,19
20260413,498,221443,105,18
20260413,499,213734,104,10
20260413,500,202619,104,14
20260413,501,245077,103,23
20260413,502,260714,103,11
20260413,503,213771,103,18
20260413,504,230880,103,19
20260413,505,211809,102,14
20260413,506,220351,102,18
20260413,507,210705,102,7
20260413,508,265197,102,18
20260413,509,222369,101,25
20260413,510,252531,101,15
20260413,511,221952,101,14
20260413,512,244087,101,16
20260413,513,220827,101,18
20260413,514,263881,101,19
20260413,515,206255,100,12
20260413,516,222297,100,14
20260413,517,214741,100,16
20260413,518,264227,100,13
20260413,519,216044,100,16
20260413,520,203578,100,9
20260413,521,222859,99,19
20260413,522,215064,98,13
20260413,523,220842,98,10
20260413,524,216268,98,12
20260413,525,214271,98,18
20260413,526,216331,98,18
20260413,527,215971,98,21
20260413,528,204427,97,11
20260413,529,252488,97,19
20260413,530,266800,97,12
20260413,531,214600,97,12
20260413,532,216579,97,19
20260413,533,215163,97,18
20260413,534,215733,96,21
20260413,535,201554,95,11
20260413,536,222837,95,16
20260413,537,214091,95,18
20260413,538,216160,95,18
20260413,539,266450,94,22
20260413,540,211328,93,17
20260413,541,211719,93,17
20260413,542,216076,93,14
20260413,543,260847,93,10
20260413,544,269755,93,13
20260413,545,220946,93,16
20260413,546,216173,93,17
20260413,547,221657,93,18
20260413,548,201549,92,5
20260413,549,213947,92,17
20260413,550,260647,92,19
20260413,551,216007,92,15
20260413,552,221959,92,22
20260413,553,214238,91,20
20260413,554,221259,91,14
20260413,555,219892,91,21
20260413,556,263872,90,13
20260413,557,260142,90,10
20260413,558,214505,89,13
20260413,559,220496,88,25
20260413,560,256712,88,19
20260413,561,260296,87,16
20260413,562,203513,87,10
20260413,563,203354,85,17
20260413,564,206219,85,12
20260413,565,214319,85,18
20260413,566,203591,84,14
20260413,567,220560,84,20
20260413,568,221834,84,6
20260413,569,260446,84,17
20260413,570,264967,83,13
20260413,571,216013,83,12
20260413,572,261071,83,17
20260413,573,260613,83,18
20260413,574,213896,82,17
20260413,575,259575,82,19
20260413,576,216186,82,16
20260413,577,260737,82,12
20260413,578,261015,82,15
20260413,579,266448,82,18
20260413,580,225858,81,15
20260413,581,254765,81,13
20260413,582,221914,81,18
20260413,583,220672,81,22
20260413,584,206102,80,18
20260413,585,259690,80,22
20260413,586,221116,80,8
20260413,587,206248,80,15
20260413,588,260445,80,17
20260413,589,220597,79,14
20260413,590,214779,79,14
20260413,591,216075,79,13
20260413,592,264144,79,10
20260413,593,260490,79,18
20260413,594,260966,78,12
20260413,595,211668,78,10
20260413,596,270058,78,8
20260413,597,241717,78,9
20260413,598,202921,78,11
20260413,599,221497,78,11
20260413,600,230882,78,12
20260413,601,260708,78,16
20260413,602,215545,78,17
20260413,603,221086,77,9
20260413,604,220550,77,12
20260413,605,259916,77,10
20260413,606,265701,77,11
20260413,607,220891,77,20
20260413,608,201520,76,6
20260413,609,215259,76,17
20260413,610,216051,76,18
20260413,611,210138,76,19
20260413,612,216062,76,12
20260413,613,222458,76,17
20260413,614,237454,76,17
20260413,615,228909,76,18
20260413,616,215472,76,18
20260413,617,215151,75,17
20260413,618,263853,75,12
20260413,619,221473,75,8
20260413,620,264192,74,8
20260413,621,257874,74,20
20260413,622,260339,74,12
20260413,623,222390,74,13
20260413,624,214007,74,22
20260413,625,264064,73,18
20260413,626,201524,73,18
20260413,627,221003,73,19
20260413,628,206406,72,14
20260413,629,214909,72,11
20260413,630,222878,72,13
20260413,631,239393,72,16
20260413,632,214212,72,18
20260413,633,266864,71,8
20260413,634,202454,71,12
20260413,635,220429,71,15
20260413,636,222347,71,15
20260413,637,260141,70,22
20260413,638,223203,69,8
20260413,639,202672,69,28
20260413,640,215778,69,8
20260413,641,263909,69,11
20260413,642,202430,69,12
20260413,643,215013,69,15
20260413,644,260787,68,10
20260413,645,215134,68,22
20260413,646,214868,68,10
20260413,647,269870,68,16
20260413,648,210537,68,17
20260413,649,258191,68,20
20260413,650,221454,68,22
20260413,651,259967,67,10
20260413,652,221247,67,11
20260413,653,213772,67,15
20260413,654,236980,67,17
20260413,655,252535,67,21
20260413,656,215909,67,22
20260413,657,267382,66,6
20260413,658,252571,66,20
20260413,659,213739,66,17
20260413,660,266901,66,13
20260413,661,223120,66,20
20260413,662,222037,66,6
20260413,663,222481,66,14
20260413,664,267882,65,14
20260413,665,215832,65,13
20260413,666,254748,65,5
20260413,667,266469,64,10
20260413,668,213672,64,11
20260413,669,214872,64,19
20260413,670,206075,64,17
20260413,671,234474,64,20
20260413,672,260338,64,7
20260413,673,252509,63,12
20260413,674,221165,63,13
20260413,675,266431,63,13
20260413,676,233747,63,16
20260413,677,201611,62,6
20260413,678,263869,62,14
20260413,679,259567,62,15
20260413,680,210526,62,12
20260413,681,221141,62,14
20260413,682,241714,62,14
20260413,683,221773,62,15
20260413,684,206108,61,5
20260413,685,211269,61,8
20260413,686,260368,61,8
20260413,687,260254,61,12
20260413,688,239386,59,12
20260413,689,221465,59,14
20260413,690,245094,59,11
20260413,691,260694,59,16
20260413,692,261097,59,17
20260413,693,265692,59,17
20260413,694,203500,58,9
20260413,695,266488,58,11
20260413,696,260225,58,12
20260413,697,220453,58,12
20260413,698,221370,58,16
20260413,699,266642,58,18
20260413,700,225854,57,18
20260413,701,263626,57,12
20260413,702,220497,57,17
20260413,703,204294,56,12
20260413,704,221994,56,20
20260413,705,225850,56,11
20260413,706,263941,56,14
20260413,707,222346,56,15
20260413,708,239158,56,18
20260413,709,201614,55,4
20260413,710,220578,55,19
20260413,711,215921,55,10
20260413,712,221468,55,11
20260413,713,215707,55,12
20260413,714,269717,54,11
20260413,715,202464,54,10
20260413,716,216038,54,22
20260413,717,215806,54,14
20260413,718,213551,54,14
20260413,719,214713,54,17
20260413,720,220740,54,12
20260413,721,260766,54,13
20260413,722,222184,53,11
20260413,723,239422,53,8
20260413,724,221192,53,8
20260413,725,259754,53,10
20260413,726,221864,53,13
20260413,727,220997,53,14
20260413,728,264207,53,16
20260413,729,202536,52,6
20260413,730,235161,52,6
20260413,731,270076,52,9
20260413,732,260032,52,18
20260413,733,202434,51,9
20260413,734,204223,51,15
20260413,735,221469,51,12
20260413,736,221886,51,12
20260413,737,220053,51,12
20260413,738,221746,51,15
20260413,739,216587,50,11
20260413,740,215019,50,12
20260413,741,264130,50,14
20260413,742,270080,50,7
20260413,743,233718,50,7
20260413,744,215616,50,9
20260413,745,260273,50,12
20260413,746,266937,49,13
20260413,747,220392,49,7
20260413,748,260848,48,14
20260413,749,211222,48,10
20260413,750,270082,48,5
20260413,751,220494,48,12
20260413,752,215505,48,14
20260413,753,216180,48,15
20260413,754,264205,47,16
20260413,755,221903,47,13
20260413,756,260214,47,11
20260413,757,259858,47,13
20260413,758,260101,46,9
20260413,759,266682,46,8
20260413,760,221062,46,12
20260413,761,259820,46,7
20260413,762,220491,46,15
20260413,763,267651,46,19
20260413,764,201506,45,4
20260413,765,206060,45,8
20260413,766,220684,45,12
20260413,767,260042,45,6
20260413,768,270061,45,11
20260413,769,260582,45,17
20260413,770,264140,44,6
20260413,771,222330,44,10
20260413,772,211544,44,14
20260413,773,239454,44,15
20260413,774,220645,44,16
20260413,775,201518,43,6
20260413,776,201616,43,8
20260413,777,267428,43,5
20260413,778,222667,43,15
20260413,779,221509,43,8
20260413,780,223402,43,9
20260413,781,221221,43,9
20260413,782,221568,43,20
20260413,783,222421,42,10
20260413,784,202693,42,10
20260413,785,263148,42,10
20260413,786,222299,42,13
20260413,787,221474,42,13
20260413,788,267115,41,17
20260413,789,206335,41,3
20260413,790,214935,41,12
20260413,791,222255,41,5
20260413,792,223373,41,7
20260413,793,265688,40,20
20260413,794,214020,40,11
20260413,795,214877,40,10
20260413,796,216107,40,12
20260413,797,214540,40,12
20260413,798,215966,40,15
20260413,799,220713,39,10
20260413,800,215693,39,18
20260413,801,260638,39,7
20260413,802,269866,39,10
20260413,803,260845,39,9
20260413,804,260017,39,10
20260413,805,222262,39,12
20260413,806,228910,39,13
20260413,807,260003,39,15
20260413,808,223146,39,17
20260413,809,216256,39,17
20260413,810,263995,38,9
20260413,811,211864,38,13
20260413,812,210158,38,6
20260413,813,267176,38,7
20260413,814,266509,38,8
20260413,815,264973,38,11
20260413,816,221585,38,17
20260413,817,214535,37,10
20260413,818,221195,37,10
20260413,819,223421,37,11
20260413,820,214934,37,12
20260413,821,216158,37,12
20260413,822,203509,37,13
20260413,823,202446,36,2
20260413,824,215802,36,8
20260413,825,211951,36,14
20260413,826,260762,36,13
20260413,827,266851,36,6
20260413,828,266407,36,7
20260413,829,221219,36,12
20260413,830,266381,35,7
20260413,831,264151,35,4
20260413,832,259996,35,8
20260413,833,266771,35,11
20260413,834,260167,35,5
20260413,835,223326,35,7
20260413,836,221862,35,7
20260413,837,264167,35,7
20260413,838,220591,35,8
20260413,839,260277,35,10
20260413,840,214771,35,10
20260413,841,258192,35,10
20260413,842,230876,34,12
20260413,843,239446,34,5
20260413,844,269864,34,6
20260413,845,204309,34,7
20260413,846,266541,34,9
20260413,847,263980,34,9
20260413,848,215015,34,10
20260413,849,223418,34,11
20260413,850,260860,34,12
20260413,851,222668,34,17
20260413,852,214696,33,6
20260413,853,263974,33,4
20260413,854,264085,33,6
20260413,855,221413,33,8
20260413,856,260062,33,12
20260413,857,221173,33,12
20260413,858,202580,32,9
20260413,859,264961,32,8
20260413,860,270195,32,5
20260413,861,260612,32,9
20260413,862,211511,32,5
20260413,863,267400,32,5
20260413,864,210672,32,7
20260413,865,216316,32,7
20260413,866,266529,32,10
20260413,867,264131,32,10
20260413,868,206336,32,12
20260413,869,219979,32,13
20260413,870,234481,32,14
20260413,871,201540,31,5
20260413,872,253681,31,10
20260413,873,222367,31,8
20260413,874,222028,31,10
20260413,875,264978,31,11
20260413,876,270078,31,12
20260413,877,259965,31,16
20260413,878,222000,30,12
20260413,879,267104,30,5
20260413,880,223399,30,4
20260413,881,260767,30,7
20260413,882,211796,30,8
20260413,883,220875,30,8
20260413,884,263801,30,12
20260413,885,260279,30,12
20260413,886,222239,29,10
20260413,887,268770,29,1
20260413,888,223080,29,6
20260413,889,215795,29,6
20260413,890,221139,29,8
20260413,891,211541,29,10
20260413,892,222305,29,11
20260413,893,266455,28,14
20260413,894,202443,28,7
20260413,895,260226,28,10
20260413,896,239387,28,4
20260413,897,210500,28,6
20260413,898,215697,28,7
20260413,899,235160,28,10
20260413,900,239453,28,15
20260413,901,220642,28,15
20260413,902,201582,27,8
20260413,903,221624,27,8
20260413,904,216078,27,11
20260413,905,220825,27,12
20260413,906,221929,27,4
20260413,907,259762,27,4
20260413,908,263677,27,6
20260413,909,270065,27,7
20260413,910,221741,27,7
20260413,911,264029,27,10
20260413,912,220276,27,10
20260413,913,267841,27,11
20260413,914,223308,27,12
20260413,915,210913,26,12
20260413,916,261957,26,10
20260413,917,213721,26,11
20260413,918,264180,26,11
20260413,919,260914,26,12
20260413,920,211921,26,4
20260413,921,220690,26,5
20260413,922,256686,26,6
20260413,923,221440,26,6
20260413,924,220695,26,7
20260413,925,223404,26,8
20260413,926,215177,26,11
20260413,927,220493,26,13
20260413,928,266659,26,13
20260413,929,222856,25,10
20260413,930,260374,25,5
20260413,931,213948,25,6
20260413,932,214605,25,9
20260413,933,245079,25,11
20260413,934,214519,25,13
20260413,935,213541,24,8
20260413,936,223163,24,10
20260413,937,213775,24,5
20260413,938,220470,24,6
20260413,939,220614,24,8
20260413,940,260528,24,9
20260413,941,260100,24,9
20260413,942,266758,24,11
20260413,943,260433,24,13
20260413,944,202596,23,8
20260413,945,264962,23,8
20260413,946,261132,23,10
20260413,947,263808,23,11
20260413,948,263751,23,6
20260413,949,267409,23,7
20260413,950,265040,23,8
20260413,951,264069,23,8
20260413,952,202916,23,8
20260413,953,253679,23,9
20260413,954,270165,23,10
20260413,955,215440,23,10
20260413,956,219331,23,11
20260413,957,215805,23,11
20260413,958,221542,23,12
20260413,959,259105,23,13
20260413,960,221210,22,5
20260413,961,239102,22,3
20260413,962,214800,22,11
20260413,963,269259,22,5
20260413,964,260711,22,6
20260413,965,221150,22,7
20260413,966,215879,22,11
20260413,967,221410,22,11
20260413,968,266645,22,3
20260413,969,260150,22,3
20260413,970,270320,22,4
20260413,971,222509,22,5
20260413,972,263622,22,6
20260413,973,216311,22,7
20260413,974,270125,22,7
20260413,975,264216,22,9
20260413,976,210645,22,12
20260413,977,261098,22,12
20260413,978,269253,21,6
20260413,979,259989,21,6
20260413,980,222225,21,7
20260413,981,221915,21,10
20260413,982,222762,21,3
20260413,983,267422,21,4
20260413,984,267022,21,6
20260413,985,270129,21,7
20260413,986,263687,21,8
20260413,987,252584,21,8
20260413,988,255662,21,9
20260413,989,241745,21,10
20260413,990,205815,20,1
20260413,991,202858,20,2
20260413,992,215096,20,2
20260413,993,214182,20,3
20260413,994,223375,20,4
20260413,995,270315,20,4
20260413,996,270181,20,5
20260413,997,223398,20,5
20260413,998,203537,20,5
20260413,999,266379,20,6
20260413,1000,264150,20,6
20260420,1,214544,10895,19
20260420,2,214981,8500,23
20260420,3,221103,7279,19
20260420,4,216347,7273,19
20260420,5,202468,6136,21
20260420,6,216153,5995,20
20260420,7,202494,3910,15
20260420,8,259799,3746,21
20260420,9,211148,3722,20
20260420,10,239475,3531,21
20260420,11,214096,3318,17
20260420,12,202505,3090,19
20260420,13,222328,2849,23
20260420,14,206420,2789,26
20260420,15,211768,2324,21
20260420,16,260300,2270,22
20260420,17,201619,2161,19
20260420,18,220704,2040,23
20260420,19,223670,2001,25
20260420,20,214643,1895,24
20260420,21,210722,1858,21
20260420,22,214939,1813,22
20260420,23,216146,1722,19
20260420,24,213631,1676,24
20260420,25,220367,1646,29
20260420,26,201514,1540,25
20260420,27,221054,1465,23
20260420,28,215613,1442,25
20260420,29,233741,1435,28
20260420,30,213710,1426,26
20260420,31,216133,1401,26
20260420,32,221024,1392,26
20260420,33,211713,1382,27
20260420,34,215983,1380,28
20260420,35,239383,1380,20
20260420,36,221012,1350,14
20260420,37,206289,1348,24
20260420,38,211684,1318,24
20260420,39,222145,1317,28
20260420,40,211533,1314,21
20260420,41,220714,1310,27
20260420,42,211701,1299,23
20260420,43,220548,1296,20
20260420,44,223253,1285,29
20260420,45,214954,1263,13
20260420,46,222391,1259,16
20260420,47,201696,1217,19
20260420,48,220520,1214,26
20260420,49,215035,1200,25
20260420,50,222601,1186,23
20260420,51,238184,1161,17
20260420,52,206252,1156,17
20260420,53,263857,1139,31
20260420,54,213583,1106,35
20260420,55,222661,1092,21
20260420,56,215713,1065,21
20260420,57,202663,1059,24
20260420,58,221883,1050,30
20260420,59,222045,1046,26
20260420,60,219875,1042,24
20260420,61,211107,1036,25
20260420,62,221039,1029,27
20260420,63,214388,1023,28
20260420,64,206368,998,14
20260420,65,201533,989,26
20260420,66,202499,967,24
20260420,67,220309,963,28
20260420,68,213550,952,26
20260420,69,206242,947,25
20260420,70,220716,945,28
20260420,71,211817,937,23
20260420,72,220332,926,23
20260420,73,215872,919,33
20260420,74,238075,919,29
20260420,75,214082,918,23
20260420,76,216083,916,26
20260420,77,221407,910,27
20260420,78,215910,906,32
20260420,79,220435,894,32
20260420,80,201709,893,26
20260420,81,203530,881,25
20260420,82,214040,880,31
20260420,83,215785,876,26
20260420,84,219917,872,34
20260420,85,201548,867,26
20260420,86,215306,843,29
20260420,87,213887,830,30
20260420,88,221333,825,24
20260420,89,215020,819,28
20260420,90,203501,814,11
20260420,91,260172,814,17
20260420,92,243420,813,30
20260420,93,223360,812,20
20260420,94,220416,810,29
20260420,95,220348,806,26
20260420,96,220662,799,28
20260420,97,215899,796,29
20260420,98,220750,796,25
20260420,99,211337,792,32
20260420,100,230870,789,25
20260420,101,220465,775,28
20260420,102,215936,775,22
20260420,103,211651,771,21
20260420,104,221257,765,31
20260420,105,215219,762,22
20260420,106,215138,755,25
20260420,107,211814,746,32
20260420,108,221909,741,24
20260420,109,205925,739,26
20260420,110,211843,738,15
20260420,111,206294,731,25
20260420,112,221985,731,31
20260420,113,222290,724,28
20260420,114,221307,718,21
20260420,115,223286,711,28
20260420,116,201499,707,16
20260420,117,213646,704,26
20260420,118,216081,697,22
20260420,119,210886,688,30
20260420,120,222966,665,29
20260420,121,252499,657,25
20260420,122,211685,655,27
20260420,123,215480,628,30
20260420,124,214119,620,22
20260420,125,222233,602,17
20260420,126,206417,586,31
20260420,127,215370,584,20
20260420,128,214461,584,21
20260420,129,221406,573,28
20260420,130,203389,572,12
20260420,131,215337,569,18
20260420,132,221124,567,27
20260420,133,263644,566,18
20260420,134,220722,562,31
20260420,135,202684,561,22
20260420,136,211880,559,23
20260420,137,221236,554,26
20260420,138,213666,543,24
20260420,139,214452,541,25
20260420,140,259733,541,25
20260420,141,220466,540,18
20260420,142,236957,534,28
20260420,143,214593,526,27
20260420,144,213889,524,23
20260420,145,201551,522,34
20260420,146,210622,513,25
20260420,147,247669,511,22
20260420,148,223194,509,29
20260420,149,221354,504,25
20260420,150,222258,500,23
20260420,151,223321,500,28
20260420,152,215037,498,26
20260420,153,215572,496,28
20260420,154,221237,495,28
20260420,155,239456,494,27
20260420,156,202600,492,26
20260420,157,201478,482,33
20260420,158,236955,479,24
20260420,159,222017,477,25
20260420,160,221626,475,18
20260420,161,223168,465,24
20260420,162,202604,464,32
20260420,163,203514,461,31
20260420,164,267439,459,26
20260420,165,223325,458,24
20260420,166,214459,456,31
20260420,167,220742,456,28
20260420,168,221803,455,27
20260420,169,220446,452,27
20260420,170,216016,439,18
20260420,171,266671,428,20
20260420,172,211279,420,24
20260420,173,215250,419,19
20260420,174,213576,419,26
20260420,175,215946,418,25
20260420,176,216097,416,25
20260420,177,201621,409,29
20260420,178,220733,405,31
20260420,179,202493,405,34
20260420,180,215992,403,29
20260420,181,215571,401,29
20260420,182,201593,399,6
20260420,183,215453,398,29
20260420,184,211702,395,25
20260420,185,214181,395,27
20260420,186,216566,392,14
20260420,187,236972,391,20
20260420,188,216055,389,27
20260420,189,259871,389,18
20260420,190,211227,385,24
20260420,191,213525,381,12
20260420,192,223335,378,22
20260420,193,223333,378,32
20260420,194,214646,377,28
20260420,195,201545,376,15
20260420,196,211316,376,28
20260420,197,201662,375,6
20260420,198,214604,375,27
20260420,199,220680,375,21
20260420,200,214254,373,29
20260420,1001,267431,20,9
20260420,1002,239160,20,10
20260420,1003,222294,20,11
20260420,1004,239390,19,9
20260420,1005,220887,19,9
20260420,1006,270449,19,3
20260420,1007,260297,19,4
20260420,1008,222202,19,5
20260420,1009,216340,19,5
20260420,1010,221463,19,6
20260420,1011,252586,19,6
20260420,1012,261066,19,6
20260420,1013,215492,19,7
20260420,1014,260777,19,7
20260420,1015,259981,19,8
20260420,1016,214398,19,9
20260420,1017,260261,19,9
20260420,1018,215372,19,10
20260420,1019,260984,19,10
20260420,1020,221740,19,11
20260420,1021,215712,19,12
20260420,1022,212043,18,10
20260420,1023,266651,18,6
20260420,1024,215696,18,11
20260420,1025,264975,18,2
20260420,1026,223160,18,2
20260420,1027,260306,18,3
20260420,1028,269275,18,4
20260420,1028,259576,18,4
20260420,1030,270159,18,4
20260420,1031,266765,18,6
20260420,1032,267449,18,8
20260420,1033,221203,18,8
20260420,1034,259854,18,9
20260420,1035,221055,18,9
20260420,1036,222177,18,10
20260420,1037,221148,18,10
20260420,1038,249659,18,10
20260420,1039,265207,17,6
20260420,1040,264961,17,7
20260420,1041,269710,17,2
20260420,1042,268787,17,3
20260420,1043,264073,17,4
20260420,1044,266720,17,5
20260420,1045,224485,17,6
20260420,1046,266523,17,6
20260420,1047,260871,17,6
20260420,1048,260398,17,7
20260420,1049,221736,17,7
20260420,1050,260224,17,8
20260420,1051,239449,17,9
20260420,1052,220048,17,9
20260420,1053,260323,17,10
20260420,1054,211043,16,8
20260420,1055,261964,16,9
20260420,1056,266722,16,7
20260420,1057,220297,16,9
20260420,1058,246476,16,9
20260420,1059,269954,16,2
20260420,1060,270322,16,2
20260420,1060,260842,16,2
20260420,1062,201481,16,3
20260420,1063,222602,16,4
20260420,1064,239474,16,5
20260420,1065,214901,16,6
20260420,1066,259797,16,6
20260420,1067,259907,16,7
20260420,1067,222213,16,7
20260420,1069,223411,16,7
20260420,1070,223284,16,8
20260420,1071,260185,16,8
20260420,1072,269254,16,9
20260420,1072,267932,16,9
20260420,1074,270262,15,1
20260420,1075,201565,15,3
20260420,1076,270100,15,4
20260420,1077,205964,15,1
20260420,1077,211021,15,1
20260420,1079,267534,15,2
20260420,1080,239478,15,3
20260420,1081,270091,15,4
20260420,1082,214784,15,4
20260420,1083,269772,15,5
20260420,1084,262883,15,5
20260420,1085,252519,15,6
20260420,1086,220551,15,6
20260420,1087,252582,15,7
20260420,1088,260717,15,7
20260420,1089,261082,15,7
20260420,1089,220689,15,7
20260420,1089,221310,15,7
20260420,1092,202387,15,7
20260420,1093,237465,15,8
20260420,1093,267425,15,8
20260420,1095,215467,15,8
20260420,1096,259113,15,8
20260420,1097,219444,15,9
20260420,1098,260400,15,12
20260420,1099,260580,14,2
20260420,1100,221441,14,5
20260420,1101,215721,14,8
20260420,1102,259713,14,4
20260420,1103,216225,14,6
20260420,1104,213830,14,6
20260420,1105,221069,14,9
20260420,1106,270019,14,3
20260420,1107,267180,14,4
20260420,1108,219983,14,5
20260420,1109,215970,14,5
20260420,1109,220564,14,5
20260420,1109,241715,14,5
20260420,1112,219872,14,5
20260420,1113,214503,14,6
20260420,1114,269835,14,7
20260420,1115,222376,14,7
20260420,1116,244079,14,8
20260420,1117,246518,14,8
20260420,1118,260085,14,8
20260420,1119,266795,14,8
20260420,1120,260556,14,9
20260420,1121,263676,14,10
20260420,1122,259739,13,8
20260420,1123,211407,13,2
20260420,1123,267616,13,2
20260420,1125,261278,13,2
20260420,1125,267920,13,2
20260420,1127,261008,13,3
20260420,1128,214746,13,3
20260420,1129,260631,13,4
20260420,1130,266629,13,4
20260420,1131,264280,13,4
20260420,1132,269734,13,5
20260420,1133,261968,13,5
20260420,1134,264505,13,6
20260420,1135,203370,13,7
20260420,1135,222734,13,7
20260420,1137,261104,13,7
20260420,1137,269801,13,7
20260420,1139,221158,13,7
20260420,1140,222748,13,8
20260420,1141,225861,13,8
20260420,1142,239126,13,8
20260420,1143,215735,12,7
20260420,1144,211285,12,7
20260420,1145,221933,12,8
20260420,1146,269704,12,3
20260420,1147,261133,12,6
20260420,1148,269872,12,7
20260420,1149,221688,12,1
20260420,1150,213976,12,2
20260420,1151,223159,12,2
20260420,1152,270132,12,3
20260420,1152,260926,12,3
20260420,1152,264510,12,3
20260420,1155,260693,12,3
20260420,1155,214019,12,3
20260420,1157,215236,12,4
20260420,1158,259590,12,4
20260420,1159,264107,12,5
20260420,1159,267734,12,5
20260420,1161,222035,12,5
20260420,1162,214460,12,5
20260420,1163,216315,12,6
20260420,1164,219874,12,7
20260420,1165,221013,12,7
20260420,1166,268772,12,8
20260420,1166,263889,12,8
20260420,1168,264226,12,8
20260420,1169,236968,12,9
20260420,1170,266549,12,10
20260420,1171,211592,11,7
20260420,1172,260827,11,1
20260420,1173,222557,11,2
20260420,1174,265628,11,3
20260420,1175,267540,11,4
20260420,1175,221025,11,4
20260420,1175,220436,11,4
20260420,1178,214450,11,4
20260420,1179,270274,11,4
20260420,1180,221913,11,5
20260420,1181,265020,11,5
20260420,1182,222215,11,6
20260420,1183,215854,11,6
20260420,1183,266374,11,6
20260420,1185,260583,11,7
20260420,1185,223435,11,7
20260420,1187,259998,11,7
20260420,1187,268778,11,7
20260420,1189,206161,11,7
20260420,1190,241735,11,9
20260420,1191,220563,11,10
20260420,1192,216381,11,11
20260420,1193,266383,10,4
20260420,1194,206205,10,9
20260420,1195,266378,10,2
20260420,1196,238209,10,2
20260420,1197,219965,10,3
20260420,1197,266476,10,3
20260420,1199,261073,10,3
20260420,1199,253665,10,3
20260420,1201,233725,10,3
20260420,1201,266819,10,3
20260420,1203,260604,10,4
20260420,1203,221621,10,4
20260420,1203,221377,10,4
20260420,1206,263940,10,4
20260420,1207,202478,10,4
20260420,1208,265713,10,5
20260420,1208,267387,10,5
20260420,1210,259914,10,5
20260420,1211,266533,10,5
20260420,1211,221422,10,5
20260420,1211,214277,10,5
20260420,1211,215926,10,5
20260420,1211,260455,10,5
20260420,1216,219754,10,5
20260420,1217,201691,10,6
20260420,1218,214974,10,6
20260420,1218,220394,10,6
20260420,1218,223198,10,6
20260420,1221,259964,10,6
20260420,1221,266409,10,6
20260420,1223,211600,10,7
20260420,1224,223389,10,7
20260420,1225,222318,10,7
20260420,1226,222613,10,8
20260420,1226,260378,10,8
20260420,1228,222158,10,8
20260420,1228,216405,10,8
20260420,1230,211779,9,6
20260420,1231,205562,9,6
20260420,1232,215043,9,5
20260420,1232,263905,9,5
20260420,1234,270302,9,6
20260420,1235,215085,9,3
20260420,1236,270266,9,3
20260420,1237,221396,9,3
20260420,1238,238068,9,4
20260420,1238,266543,9,4
20260420,1238,263625,9,4
20260420,1241,270194,9,4
20260420,1242,267441,9,4
20260420,1243,259769,9,5
20260420,1243,221940,9,5
20260420,1245,246484,9,5
20260420,1245,270281,9,5
20260420,1247,223153,9,5
20260420,1248,220512,9,5
20260420,1248,220286,9,5
20260420,1250,239484,9,6
20260420,1250,267435,9,6
20260420,1252,270115,9,7
20260420,1252,221258,9,7
20260420,1252,221524,9,7
20260420,1255,260715,9,8
20260420,1255,260774,9,8
20260420,1257,221197,9,9
20260420,1258,263775,8,5
20260420,1259,259104,8,4
20260420,1260,259849,8,3
20260420,1260,222377,8,3
20260420,1260,269943,8,3
20260420,1260,260839,8,3
20260420,1264,263981,8,3
20260420,1264,260159,8,3
20260420,1266,264063,8,3
20260420,1267,266406,8,4
20260420,1267,266467,8,4
20260420,1267,269267,8,4
20260420,1267,257898,8,4
20260420,1267,202639,8,4
20260420,1272,205492,8,4
20260420,1273,260122,8,4
20260420,1273,260091,8,4
20260420,1273,221371,8,4
20260420,1273,261094,8,4
20260420,1277,215161,8,5
20260420,1277,220469,8,5
20260420,1279,220633,8,5
20260420,1279,261129,8,5
20260420,1279,264252,8,5
20260420,1279,267723,8,5
20260420,1279,267722,8,5
20260420,1284,260742,8,6
20260420,1284,260828,8,6
20260420,1284,269906,8,6
20260420,1284,264966,8,6
20260420,1284,221771,8,6
20260420,1284,257881,8,6
20260420,1284,237467,8,6
20260420,1284,230120,8,6
20260420,1292,221315,8,6
20260420,1293,216156,8,7
20260420,1294,202440,7,4
20260420,1295,256710,7,7
20260420,1296,260888,7,4
20260420,1297,215222,7,7
20260420,1298,215956,7,3
20260420,1298,254760,7,3
20260420,1298,222838,7,3
20260420,1298,222847,7,3
20260420,1298,263890,7,3
20260420,1298,264275,7,3
20260420,1298,266686,7,3
20260420,1298,267473,7,3
20260420,1306,264215,7,3
20260420,1306,267423,7,3
20260420,1306,222061,7,3
20260420,1306,221214,7,3
20260420,1306,259623,7,3
20260420,1311,259719,7,4
20260420,1311,260204,7,4
20260420,1311,215647,7,4
20260420,1311,264138,7,4
20260420,1315,270186,7,4
20260420,1315,220289,7,4
20260420,1317,260881,7,5
20260420,1317,256682,7,5
20260420,1317,246485,7,5
20260420,1317,221083,7,5
20260420,1317,264114,7,5
20260420,1317,263717,7,5
20260420,1317,263701,7,5
20260420,1324,260993,7,5
20260420,1325,267695,7,7
20260420,1325,238071,7,7
20260420,1325,216140,7,7
20260420,1328,263978,6,4
20260420,1329,220422,6,6
20260420,1330,270133,6,6
20260420,1331,270047,6,3
20260420,1331,257867,6,3
20260420,1333,259608,6,3
20260420,1333,223356,6,3
20260420,1333,222637,6,3
20260420,1336,222309,6,4
20260420,1336,221515,6,4
20260420,1336,222332,6,4
20260420,1336,260066,6,4
20260420,1336,266492,6,4
20260420,1336,216092,6,4
20260420,1336,216073,6,4
20260420,1336,220772,6,4
20260420,1336,211208,6,4
20260420,1336,267927,6,4
20260420,1336,264198,6,4
20260420,1336,267462,6,4
20260420,1336,267465,6,4
20260420,1336,266805,6,4
20260420,1336,266781,6,4
20260420,1336,261021,6,4
20260420,1336,260962,6,4
20260420,1336,260653,6,4
20260420,1336,260792,6,4
20260420,1336,266532,6,4
20260420,1336,260503,6,4
20260420,1336,260373,6,4
20260420,1358,223352,6,5
20260420,1359,237481,6,6
20260420,1359,252494,6,6
20260420,1359,260723,6,6
20260420,1359,222520,6,6
20260420,1359,220071,6,6
20260420,1359,221269,6,6
20260420,1359,267408,6,6
20260420,1359,266593,6,6
20260420,1359,269757,6,6
20260420,1368,201527,5,3
20260420,1369,201399,5,4
20260420,1370,264986,5,5
20260420,1371,267525,5,3
20260420,1371,270350,5,3
20260420,1373,248660,5,4
20260420,1374,246489,5,3
20260420,1374,245076,5,3
20260420,1374,258195,5,3
20260420,1374,259887,5,3
20260420,1374,239172,5,3
20260420,1374,223397,5,3
20260420,1374,233729,5,3
20260420,1374,223452,5,3
20260420,1374,221923,5,3
20260420,1374,221963,5,3
20260420,1374,222623,5,3
20260420,1374,222274,5,3
20260420,1374,215174,5,3
20260420,1374,270164,5,3
20260420,1374,270237,5,3
20260420,1374,270383,5,3
20260420,1374,267671,5,3
20260420,1374,267748,5,3
20260420,1374,267424,5,3
20260420,1374,266713,5,3
20260420,1374,266372,5,3
20260420,1374,264248,5,3
20260420,1374,264243,5,3
20260420,1374,263962,5,3
20260420,1374,260974,5,3
20260420,1374,263706,5,3
20260420,1374,263766,5,3
20260420,1401,263809,5,4
20260420,1401,260893,5,4
20260420,1401,260393,5,4
20260420,1401,260464,5,4
20260420,1401,222161,5,4
20260420,1401,221346,5,4
20260420,1401,230121,5,4
20260420,1401,259803,5,4
20260420,1409,259569,5,5
20260420,1409,259614,5,5
20260420,1409,242450,5,5
20260420,1409,220492,5,5
20260420,1409,215430,5,5
20260420,1409,264229,5,5
20260420,1416,265610,4,4
20260420,1416,221988,4,4
20260420,1418,221222,4,3
20260420,1418,220687,4,3
20260420,1418,260178,4,3
20260420,1418,220159,4,3
20260420,1418,270154,4,3
20260420,1418,267083,4,3
20260420,1418,260674,4,3
20260420,1425,260779,4,4
20260420,1425,260709,4,4
20260420,1425,263838,4,4
20260420,1425,267493,4,4
20260420,1425,266849,4,4
20260420,1425,266700,4,4
20260420,1425,264998,4,4
20260420,1425,265195,4,4
20260420,1425,264068,4,4
20260420,1425,270258,4,4
20260420,1425,270066,4,4
20260420,1425,269937,4,4
20260420,1425,267732,4,4
20260420,1425,269773,4,4
20260420,1425,269769,4,4
20260420,1425,269753,4,4
20260420,1425,259763,4,4
20260420,1425,244077,4,4
20260420,1425,252487,4,4
20260420,1425,252565,4,4
20260420,1425,241003,4,4
20260420,1425,241018,4,4
20260420,1425,260479,4,4
20260420,1425,223416,4,4
20260420,1425,223371,4,4
20260420,1425,222180,4,4
20260420,1425,221520,4,4
20260420,1452,202453,3,3
20260420,1452,206253,3,3
20260420,1452,213596,3,3
20260420,1455,264086,3,3
20260420,1455,269948,3,3
20260420,1455,264242,3,3
20260420,1458,264079,3,3
20260420,1458,266892,3,3
20260420,1458,261092,3,3
20260420,1458,270463,3,3
20260420,1458,212034,3,3
20260420,1458,240163,3,3
20260420,1458,256711,3,3
20260420,1465,255666,3,3
20260420,1465,249668,3,3
20260420,1465,246480,3,3
20260420,1465,259990,3,3
20260420,1465,221979,3,3
20260420,1465,239157,3,3
20260420,1465,238205,3,3
20260420,1465,238084,3,3
20260420,1465,236989,3,3
20260420,1465,235155,3,3
20260420,1465,235154,3,3
20260420,1465,223071,3,3
20260420,1465,223006,3,3
20260420,1465,234223,3,3
20260420,1465,234506,3,3
20260420,1465,222845,3,3
20260420,1465,222866,3,3
20260420,1465,222659,3,3
20260420,1465,213827,3,3
20260420,1465,213898,3,3
20260420,1465,220934,3,3
20260420,1465,216198,3,3
20260420,1465,220790,3,3
20260420,1465,270139,3,3
20260420,1465,269775,3,3
20260420,1465,269718,3,3
20260420,1465,269732,3,3
20260420,1465,267937,3,3
20260420,1465,269797,3,3
20260420,1465,270039,3,3
20260420,1465,270109,3,3
20260420,1465,270117,3,3
20260420,1465,270207,3,3
20260420,1465,263866,3,3
20260420,1465,263666,3,3
20260420,1465,260443,3,3
20260420,1465,260622,3,3
20260420,1465,260387,3,3
20260420,1465,264139,3,3
20260420,1465,264270,3,3
20260420,1465,264980,3,3
20260420,1465,266591,3,3
20260420,1465,266463,3,3
20260420,1465,266772,3,3
20260420,1465,266852,3,3
20260420,201,204411,368,15
20260420,202,239436,365,31
20260420,203,211552,361,28
20260420,204,216265,357,23
20260420,205,220454,353,24
20260420,206,220699,343,27
20260420,207,204431,343,26
20260420,208,201458,340,6
20260420,209,232447,335,22
20260420,210,256684,334,18
20260420,211,214480,332,28
20260420,212,213873,332,31
20260420,213,214826,331,29
20260420,214,214906,329,21
20260420,215,215988,327,32
20260420,216,211635,327,29
20260420,217,206007,327,33
20260420,218,214149,324,30
20260420,219,204419,323,25
20260420,220,222980,323,18
20260420,221,213706,322,32
20260420,222,210303,315,34
20260420,223,221434,315,24
20260420,224,214684,312,30
20260420,225,216074,312,22
20260420,226,214262,308,26
20260420,227,206292,308,20
20260420,228,214937,308,22
20260420,229,239389,306,26
20260420,230,214386,306,20
20260420,231,221018,304,27
20260420,232,222919,303,21
20260420,233,260664,295,16
20260420,234,264149,288,24
20260420,235,221164,288,28
20260420,236,211095,286,12
20260420,237,215290,283,30
20260420,238,222080,282,23
20260420,239,259857,281,19
20260420,240,260168,281,21
20260420,241,221213,279,16
20260420,242,223323,278,31
20260420,243,221885,278,24
20260420,244,221209,278,22
20260420,245,221911,277,36
20260420,246,211539,276,13
20260420,247,206124,276,19
20260420,248,259685,274,20
20260420,249,201555,274,15
20260420,250,211901,273,27
20260420,251,213620,273,27
20260420,252,214236,273,32
20260420,253,211643,273,25
20260420,254,221073,272,29
20260420,255,220554,269,18
20260420,256,212303,268,32
20260420,257,260203,268,19
20260420,258,201606,265,12
20260420,259,203564,263,30
20260420,260,216367,263,28
20260420,261,203463,261,23
20260420,262,261972,260,18
20260420,263,220770,260,24
20260420,264,223331,259,12
20260420,265,239392,259,31
20260420,266,221411,259,23
20260420,267,215042,258,21
20260420,268,260598,255,29
20260420,269,213767,253,19
20260420,270,214919,252,25
20260420,271,223087,250,18
20260420,272,222156,250,22
20260420,273,211344,250,30
20260420,274,202662,248,23
20260420,275,206430,248,25
20260420,276,216139,244,28
20260420,277,261963,243,15
20260420,278,221178,243,23
20260420,279,216213,242,24
20260420,280,221512,239,15
20260420,281,260765,239,13
20260420,282,215614,238,28
20260420,283,222189,238,33
20260420,284,213779,235,31
20260420,285,221243,235,21
20260420,286,246493,231,24
20260420,287,201586,229,15
20260420,288,211878,228,26
20260420,289,211846,228,26
20260420,290,214081,228,14
20260420,291,215062,224,15
20260420,292,259883,224,12
20260420,293,213544,223,13
20260420,294,215386,222,20
20260420,295,216116,221,24
20260420,296,215996,220,22
20260420,297,260171,220,22
20260420,298,213789,218,26
20260420,299,221099,217,28
20260420,300,211920,217,20
20260420,301,220757,215,32
20260420,302,221362,215,17
20260420,303,222506,214,29
20260420,304,201613,214,22
20260420,305,201610,213,17
20260420,306,258199,213,29
20260420,307,239438,213,18
20260420,308,221004,212,20
20260420,309,215820,212,30
20260420,310,221382,212,27
20260420,311,256705,211,27
20260420,312,238064,210,12
20260420,313,206345,210,20
20260420,314,215077,208,27
20260420,315,221191,207,22
20260420,316,260581,207,25
20260420,317,260206,207,24
20260420,318,259758,205,25
20260420,319,221104,205,21
20260420,320,215807,203,28
20260420,321,213908,202,21
20260420,322,211844,202,26
20260420,323,201329,201,8
20260420,324,220589,201,17
20260420,325,221486,201,19
20260420,326,260170,200,29
20260420,327,222965,198,21
20260420,328,221395,197,18
20260420,329,206194,197,23
20260420,330,223410,195,24
20260420,331,221220,195,24
20260420,332,221159,193,20
20260420,333,216385,193,13
20260420,334,215840,192,27
20260420,335,214189,191,25
20260420,336,266622,191,20
20260420,337,215726,190,31
20260420,338,215501,189,21
20260420,339,221905,188,7
20260420,340,260761,188,11
20260420,341,266376,188,8
20260420,342,211342,188,19
20260420,343,220432,188,23
20260420,344,222944,188,17
20260420,345,202460,187,8
20260420,346,213657,187,24
20260420,347,223302,187,21
20260420,348,222559,186,27
20260420,349,201483,183,23
20260420,350,222296,181,6
20260420,351,206374,180,10
20260420,352,220781,180,25
20260420,353,236956,179,24
20260420,354,222397,178,17
20260420,355,220735,177,20
20260420,356,239397,177,26
20260420,357,246478,177,20
20260420,358,256673,177,15
20260420,359,204427,175,12
20260420,360,221768,175,21
20260420,361,214301,172,22
20260420,362,210847,170,21
20260420,363,221369,170,21
20260420,364,264075,168,13
20260420,365,215566,168,27
20260420,366,239476,168,19
20260420,367,222675,167,15
20260420,368,260913,167,24
20260420,369,203435,167,28
20260420,370,216324,167,19
20260420,371,211529,167,20
20260420,372,221023,166,24
20260420,373,215314,165,18
20260420,374,259794,165,20
20260420,375,252495,165,8
20260420,376,214546,163,29
20260420,377,206362,163,24
20260420,378,259853,163,20
20260420,379,220364,163,34
20260420,380,260006,162,23
20260420,381,202688,162,24
20260420,382,221096,160,20
20260420,383,211874,160,22
20260420,384,215592,158,23
20260420,385,261038,158,14
20260420,386,246481,157,19
20260420,387,220718,157,18
20260420,388,201666,157,20
20260420,389,231639,156,12
20260420,390,221000,156,27
20260420,391,215588,156,27
20260420,392,232881,154,25
20260420,393,215878,153,23
20260420,394,214862,152,17
20260420,395,214992,152,18
20260420,396,201585,151,10
20260420,397,254733,151,25
20260420,398,211820,150,18
20260420,399,221187,150,21
20260420,400,219887,150,16
20260420,401,264187,149,22
20260420,402,213949,147,27
20260420,403,221014,147,22
20260420,404,221789,147,13
20260420,405,213974,147,25
20260420,406,223415,145,26
20260420,407,221242,145,18
20260420,408,203475,144,14
20260420,409,220673,144,24
20260420,410,216095,144,29
20260420,411,262891,143,12
20260420,412,215898,141,23
20260420,413,261049,141,24
20260420,414,260541,140,18
20260420,415,220164,140,15
20260420,416,203281,139,23
20260420,417,221229,139,19
20260420,418,211329,138,27
20260420,419,260510,138,19
20260420,420,220489,137,26
20260420,421,221364,137,21
20260420,422,214219,135,19
20260420,423,252587,135,31
20260420,424,221945,135,24
20260420,425,203288,135,19
20260420,426,213821,135,22
20260420,427,215468,135,15
20260420,428,219625,135,21
20260420,429,202410,135,25
20260420,430,222276,135,21
20260420,431,260514,134,19
20260420,432,215166,133,15
20260420,433,221020,133,19
20260420,434,220447,132,19
20260420,435,231625,132,20
20260420,436,216253,132,19
20260420,437,214521,131,27
20260420,438,221181,131,29
20260420,439,260951,131,10
20260420,440,222986,130,22
20260420,441,214653,129,19
20260420,442,239442,127,23
20260420,443,214930,127,13
20260420,444,220613,127,18
20260420,445,222891,127,24
20260420,446,235159,126,19
20260420,447,213837,126,17
20260420,448,213849,125,24
20260420,449,221157,125,23
20260420,450,214418,125,17
20260420,451,221109,125,20
20260420,452,211756,125,9
20260420,453,260565,125,18
20260420,454,215018,124,18
20260420,455,220502,124,19
20260420,456,222454,124,9
20260420,457,221265,123,17
20260420,458,269714,123,8
20260420,459,259913,123,15
20260420,460,220598,123,16
20260420,461,221031,122,21
20260420,462,259591,122,20
20260420,463,236967,122,19
20260420,464,239156,122,19
20260420,465,215550,121,16
20260420,466,266800,121,13
20260420,467,214507,120,18
20260420,468,267420,120,19
20260420,469,223141,120,22
20260420,470,220808,119,10
20260420,471,215459,119,19
20260420,472,264228,119,18
20260420,473,213753,116,15
20260420,474,221982,116,22
20260420,475,220306,115,18
20260420,476,222092,115,20
20260420,477,222171,114,21
20260420,478,204394,114,18
20260420,479,200748,113,9
20260420,480,215398,113,23
20260420,481,215431,111,23
20260420,482,211646,111,20
20260420,483,260667,110,15
20260420,484,216162,110,20
20260420,485,240998,110,9
20260420,486,223100,110,19
20260420,487,247647,109,22
20260420,488,213998,109,23
20260420,489,211063,109,27
20260420,490,222273,109,19
20260420,491,260539,109,18
20260420,492,214839,108,15
20260420,493,211411,107,7
20260420,494,233742,107,27
20260420,495,220513,107,19
20260420,496,216331,107,19
20260420,497,260763,106,16
20260420,498,252493,106,20
20260420,499,221168,106,19
20260420,500,213771,105,19
20260420,501,213734,104,10
20260420,502,216044,104,17
20260420,503,202619,104,14
20260420,504,263881,104,20
20260420,505,221443,103,18
20260420,506,245077,103,24
20260420,507,230880,103,19
20260420,508,211809,102,14
20260420,509,216579,102,20
20260420,510,220351,102,18
20260420,511,265197,102,18
20260420,512,222369,101,26
20260420,513,211328,101,18
20260420,514,252531,101,15
20260420,515,244087,101,16
20260420,516,264227,100,13
20260420,517,203578,100,9
20260420,518,220827,100,17
20260420,519,203354,99,18
20260420,520,214741,99,15
20260420,521,222859,99,19
20260420,522,266450,99,23
20260420,523,206219,98,13
20260420,524,220842,98,10
20260420,525,216268,98,12
20260420,526,260714,98,10
20260420,527,215971,98,21
20260420,528,252488,97,19
20260420,529,214600,97,12
20260420,530,215163,97,18
20260420,531,214271,97,17
20260420,532,215733,96,21
20260420,533,210705,96,6
20260420,534,269755,96,14
20260420,535,201554,95,11
20260420,536,214091,95,18
20260420,537,221259,95,15
20260420,538,260847,94,11
20260420,539,216160,94,17
20260420,540,221959,94,23
20260420,541,222297,93,14
20260420,542,222837,93,16
20260420,543,216076,93,14
20260420,544,216173,93,17
20260420,545,201549,92,5
20260420,546,211719,92,16
20260420,547,213947,92,17
20260420,548,260647,92,19
20260420,549,216007,92,15
20260420,550,264967,91,14
20260420,551,211765,90,13
20260420,552,263872,90,13
20260420,553,260142,90,10
20260420,554,213896,90,18
20260420,555,221657,90,17
20260420,556,221952,89,13
20260420,557,219892,89,20
20260420,558,256712,89,20
20260420,559,206255,88,10
20260420,560,215064,88,11
20260420,561,260296,88,17
20260420,562,220496,88,25
20260420,563,214505,88,12
20260420,564,214238,87,20
20260420,565,214319,85,18
20260420,566,203591,84,14
20260420,567,216186,84,17
20260420,568,221834,84,6
20260420,569,260446,84,17
20260420,570,203513,83,9
20260420,571,216013,83,12
20260420,572,220946,83,15
20260420,573,261071,83,17
20260420,574,260613,83,18
20260420,575,214779,82,15
20260420,576,259575,82,19
20260420,577,270058,82,9
20260420,578,260737,82,12
20260420,579,222390,82,14
20260420,580,261015,82,15
20260420,581,206248,82,16
20260420,582,266448,82,18
20260420,583,216051,81,18
20260420,584,254765,81,13
20260420,585,206102,80,18
20260420,586,259690,80,21
20260420,587,221116,80,8
20260420,588,264144,80,11
20260420,589,228909,80,19
20260420,590,220672,80,21
20260420,591,260966,79,13
20260420,592,220560,79,19
20260420,593,220597,79,14
20260420,594,216075,79,13
20260420,595,220891,79,21
20260420,596,241717,78,9
20260420,597,221497,78,11
20260420,598,230882,78,12
20260420,599,215545,78,17
20260420,600,260490,78,17
20260420,601,221086,77,9
20260420,602,220550,77,12
20260420,603,202921,77,10
20260420,604,201520,76,6
20260420,605,211668,76,9
20260420,606,259916,76,9
20260420,607,265701,76,10
20260420,608,215472,76,18
20260420,609,215259,75,16
20260420,610,263853,75,12
20260420,611,267882,75,15
20260420,612,221473,75,8
20260420,613,260708,75,15
20260420,614,237454,75,16
20260420,615,221914,75,17
20260420,616,264192,74,8
20260420,617,257874,74,20
20260420,618,266864,74,9
20260420,619,260339,74,12
20260420,620,214007,74,21
20260420,621,264064,73,18
20260420,622,225858,73,15
20260420,623,216062,72,11
20260420,624,206406,72,14
20260420,625,222878,72,13
20260420,626,239393,72,16
20260420,627,220429,71,15
20260420,628,215832,70,14
20260420,629,222458,70,17
20260420,630,223120,70,21
20260420,631,202454,70,11
20260420,632,269870,70,16
20260420,633,221003,70,17
20260420,634,260141,70,22
20260420,635,223203,69,8
20260420,636,202672,69,27
20260420,637,210138,69,18
20260420,638,263909,69,11
20260420,639,202430,69,12
20260420,640,215013,69,15
20260420,641,259967,68,10
20260420,642,260787,68,10
20260420,643,215134,68,22
20260420,644,214868,68,10
20260420,645,221468,68,12
20260420,646,260445,68,16
20260420,647,210537,68,17
20260420,648,258191,68,20
20260420,649,215909,68,22
20260420,650,221454,68,23
20260420,651,221141,67,15
20260420,652,214212,67,17
20260420,653,236980,67,17
20260420,654,252535,67,21
20260420,655,221247,66,10
20260420,656,213772,66,14
20260420,657,252571,66,20
20260420,658,213739,66,17
20260420,659,221469,66,13
20260420,660,266901,66,13
20260420,661,222037,66,6
20260420,662,222481,66,14
20260420,663,260032,66,19
20260420,664,234474,65,20
20260420,665,254748,65,5
20260420,666,213672,64,11
20260420,667,214872,64,18
20260420,668,206075,64,17
20260420,669,260338,64,7
20260420,670,266469,63,9
20260420,671,221994,63,21
20260420,672,252509,63,12
20260420,673,221165,63,13
20260420,674,233747,63,16
20260420,675,221773,63,16
20260420,676,201611,62,6
20260420,677,263869,62,14
20260420,678,259567,62,15
20260420,679,260368,62,9
20260420,680,210526,62,12
20260420,681,241714,62,14
20260420,682,206108,61,5
20260420,683,211269,61,8
20260420,684,267382,61,5
20260420,685,201524,61,17
20260420,686,260254,61,12
20260420,687,239158,61,18
20260420,688,215151,59,16
20260420,689,239386,59,12
20260420,690,221465,59,14
20260420,691,245094,59,11
20260420,692,220453,59,13
20260420,693,222347,59,14
20260420,694,220491,59,16
20260420,695,261097,59,17
20260420,696,265692,59,17
20260420,697,203500,58,9
20260420,698,266488,58,11
20260420,699,260225,58,12
20260420,700,260694,58,15
20260420,701,221370,58,16
20260420,702,266642,58,18
20260420,703,225854,57,18
20260420,704,263626,57,12
20260420,705,204294,56,12
20260420,706,225850,56,11
20260420,707,215921,56,11
20260420,708,220740,56,13
20260420,709,221864,56,14
20260420,710,263941,56,14
20260420,711,222346,56,15
20260420,712,201614,55,4
20260420,713,220578,55,19
20260420,714,216038,55,22
20260420,715,215707,55,12
20260420,716,269717,54,11
20260420,717,202464,54,10
20260420,718,215806,54,14
20260420,719,220497,54,16
20260420,720,222184,53,11
20260420,721,270080,53,8
20260420,722,239422,53,8
20260420,723,221192,53,8
20260420,724,259754,53,10
20260420,725,266431,53,12
20260420,726,221886,53,13
20260420,727,220997,53,14
20260420,728,264207,53,16
20260420,729,202536,52,6
20260420,730,221746,52,16
20260420,731,235161,52,6
20260420,732,214909,52,9
20260420,733,204223,51,15
20260420,734,215616,51,10
20260420,735,260273,51,13
20260420,736,216587,50,11
20260420,737,264130,50,14
20260420,738,214713,50,16
20260420,739,233718,50,7
20260420,740,220053,50,11
20260420,741,213551,49,13
20260420,742,220392,49,7
20260420,743,260766,49,11
20260420,744,260848,48,14
20260420,745,270082,48,5
20260420,746,220494,48,12
20260420,747,260214,48,12
20260420,748,215505,48,14
20260420,749,216180,48,15
20260420,750,264205,47,16
20260420,751,221903,47,13
20260420,752,259858,47,13
20260420,753,260101,46,9
20260420,754,266682,46,8
20260420,755,221062,46,12
20260420,756,259820,46,7
20260420,757,270076,46,8
20260420,758,267651,46,19
20260420,759,264140,45,7
20260420,760,266937,45,12
20260420,761,206060,45,8
20260420,762,220684,45,12
20260420,763,260042,45,6
20260420,764,215778,45,7
20260420,765,270061,45,11
20260420,766,260582,45,17
20260420,767,222330,44,10
20260420,768,221221,44,10
20260420,769,211544,44,14
20260420,770,239454,44,15
20260420,771,220645,44,16
20260420,772,201616,43,8
20260420,773,267428,43,5
20260420,774,222667,43,15
20260420,775,221509,43,8
20260420,776,223402,43,9
20260420,777,202693,43,11
20260420,778,263148,43,11
20260420,779,221568,43,20
20260420,780,201518,42,5
20260420,781,221624,42,9
20260420,782,222421,42,10
20260420,783,221474,42,13
20260420,784,215019,41,10
20260420,785,214935,41,12
20260420,786,222255,41,5
20260420,787,223373,41,7
20260420,788,222299,41,12
20260420,789,215966,41,16
20260420,790,267115,40,16
20260420,791,265688,40,19
20260420,792,216107,40,12
20260420,793,214540,40,12
20260420,794,222262,40,13
20260420,795,260003,40,16
20260420,796,220713,39,10
20260420,797,214020,39,10
20260420,798,269866,39,10
20260420,799,260845,39,9
20260420,800,260017,39,10
20260420,801,228910,39,13
20260420,802,223146,39,17
20260420,803,263995,38,9
20260420,804,211864,38,13
20260420,805,214877,38,9
20260420,806,260638,38,6
20260420,807,210158,38,6
20260420,808,267176,38,7
20260420,809,266509,38,8
20260420,810,264973,38,11
20260420,811,216256,38,16
20260420,812,211951,37,14
20260420,813,221195,37,10
20260420,814,223421,37,11
20260420,815,214934,37,12
20260420,816,216158,37,12
20260420,817,221219,37,13
20260420,818,203509,37,13
20260420,819,221585,37,16
20260420,820,202446,36,2
20260420,821,214535,36,9
20260420,822,260762,36,13
20260420,823,266851,36,6
20260420,824,266407,36,7
20260420,825,220875,36,9
20260420,826,266381,35,7
20260420,827,264151,35,4
20260420,828,215802,35,7
20260420,829,206335,35,2
20260420,830,259996,35,8
20260420,831,266771,35,11
20260420,832,260167,35,5
20260420,833,223326,35,7
20260420,834,221862,35,7
20260420,835,264167,35,7
20260420,836,220591,35,8
20260420,837,260277,35,10
20260420,838,214771,35,10
20260420,839,258192,35,10
20260420,840,239446,34,5
20260420,841,269864,34,6
20260420,842,210500,34,7
20260420,843,204309,34,7
20260420,844,266541,34,9
20260420,845,263980,34,9
20260420,846,215015,34,10
20260420,847,223418,34,11
20260420,848,260860,34,12
20260420,849,222668,34,17
20260420,850,202434,33,8
20260420,851,214696,33,6
20260420,852,230876,33,11
20260420,853,263974,33,4
20260420,854,221413,33,8
20260420,855,260062,33,12
20260420,856,221173,33,12
20260420,857,259965,33,17
20260420,858,201506,32,3
20260420,859,201540,32,6
20260420,860,202580,32,9
20260420,861,270195,32,5
20260420,862,260612,32,9
20260420,863,264085,32,5
20260420,864,211511,32,5
20260420,865,267400,32,5
20260420,866,210672,32,7
20260420,867,216316,32,7
20260420,868,266529,32,10
20260420,869,264131,32,10
20260420,870,206336,32,12
20260420,871,219979,32,13
20260420,872,234481,32,14
20260420,873,215693,31,17
20260420,874,253681,31,10
20260420,875,222028,31,10
20260420,876,264029,31,11
20260420,877,264978,31,11
20260420,878,270078,31,12
20260420,879,260279,31,13
20260420,880,222000,30,12
20260420,881,267104,30,5
20260420,882,223399,30,4
20260420,883,260767,30,7
20260420,884,263801,30,12
20260420,885,222239,29,10
20260420,886,268770,29,1
20260420,887,223080,29,6
20260420,888,215795,29,6
20260420,889,211796,29,7
20260420,890,211541,29,10
20260420,891,266455,28,14
20260420,892,202443,28,7
20260420,893,260226,28,10
20260420,894,239387,28,4
20260420,895,222367,28,7
20260420,896,235160,28,10
20260420,897,239453,28,15
20260420,898,220642,28,15
20260420,899,220825,27,12
20260420,900,260914,27,13
20260420,901,221929,27,4
20260420,902,259762,27,4
20260420,903,263677,27,6
20260420,904,270065,27,7
20260420,905,264069,27,9
20260420,906,220276,27,10
20260420,907,267841,27,11
20260420,908,223308,27,12
20260420,909,261957,26,10
20260420,910,264180,26,11
20260420,911,211921,26,4
20260420,912,220690,26,5
20260420,913,256686,26,6
20260420,914,221440,26,6
20260420,915,221741,26,6
20260420,916,220695,26,7
20260420,917,223404,26,8
20260420,918,216078,26,10
20260420,919,215177,26,11
20260420,920,266659,26,13
20260420,921,210913,25,11
20260420,922,222856,25,10
20260420,923,213721,25,10
20260420,924,260433,25,14
20260420,925,260374,25,5
20260420,926,215697,25,6
20260420,927,213948,25,6
20260420,928,214605,25,9
20260420,929,260528,25,10
20260420,930,222305,25,10
20260420,931,245079,25,11
20260420,932,214519,25,13
20260420,933,213541,24,8
20260420,934,223163,24,10
20260420,935,263808,24,12
20260420,936,213775,24,5
20260420,937,260100,24,9
20260420,938,266758,24,11
20260420,939,220493,24,12
20260420,940,202596,23,8
20260420,941,264962,23,8
20260420,942,261132,23,10
20260420,943,263751,23,6
20260420,944,220614,23,7
20260420,945,267409,23,7
20260420,946,265040,23,8
20260420,947,202916,23,8
20260420,948,253679,23,9
20260420,949,270165,23,10
20260420,950,215440,23,10
20260420,951,219331,23,11
20260420,952,215805,23,11
20260420,953,221542,23,12
20260420,954,259105,23,13
20260420,955,221210,22,5
20260420,956,239102,22,3
20260420,957,201582,22,8
20260420,958,214800,22,11
20260420,959,269259,22,5
20260420,960,260711,22,6
20260420,961,221150,22,7
20260420,962,211222,22,8
20260420,963,215879,22,11
20260420,964,221410,22,11
20260420,965,266645,22,3
20260420,966,260150,22,3
20260420,967,270320,22,4
20260420,968,221371,22,5
20260420,969,267422,22,5
20260420,970,222509,22,5
20260420,971,263622,22,6
20260420,972,216311,22,7
20260420,973,270125,22,7
20260420,974,264216,22,9
20260420,975,210645,22,12
20260420,976,261098,22,12
20260420,977,269253,21,6
20260420,978,259989,21,6
20260420,979,222225,21,7
20260420,980,221915,21,10
20260420,981,222762,21,3
20260420,982,220470,21,5
20260420,983,267022,21,6
20260420,984,270129,21,7
20260420,985,263687,21,8
20260420,986,252584,21,8
20260420,987,255662,21,9
20260420,988,241745,21,10
20260420,989,205815,20,1
20260420,990,202858,20,2
20260420,991,215096,20,2
20260420,992,214182,20,3
20260420,993,223375,20,4
20260420,994,270315,20,4
20260420,995,270181,20,5
20260420,996,223398,20,5
20260420,997,203537,20,5
20260420,998,266379,20,6
20260420,999,264150,20,6
20260420,1000,221139,20,7
20260427,1,214544,10895,0
20260427,2,214981,8500,0
20260427,3,221103,7279,0
20260427,4,216347,7273,0
20260427,5,202468,6136,0
20260427,6,216153,5995,0
20260427,7,202494,3910,0
20260427,8,259799,3746,0
20260427,9,211148,3722,0
20260427,10,239475,3531,0
20260427,11,214096,3318,0
20260427,12,202505,3090,0
20260427,13,222328,2849,0
20260427,14,206420,2789,0
20260427,15,211768,2324,0
20260427,16,260300,2270,0
20260427,17,201619,2161,0
20260427,18,220704,2040,0
20260427,19,223670,2001,0
20260427,20,214643,1895,0
20260427,21,210722,1858,0
20260427,22,214939,1813,0
20260427,23,216146,1722,0
20260427,24,213631,1676,0
20260427,25,220367,1646,0
20260427,26,201514,1540,0
20260427,27,221054,1465,0
20260427,28,215613,1442,0
20260427,29,233741,1435,0
20260427,30,213710,1426,0
20260427,31,216133,1401,0
20260427,32,221024,1392,0
20260427,33,211713,1382,0
20260427,34,215983,1380,0
20260427,35,239383,1380,0
20260427,36,221012,1350,0
20260427,37,206289,1348,0
20260427,38,211684,1318,0
20260427,39,222145,1317,0
20260427,40,211533,1314,0
20260427,41,220714,1310,0
20260427,42,211701,1299,0
20260427,43,220548,1296,0
20260427,44,223253,1285,0
20260427,45,214954,1263,0
20260427,46,222391,1259,0
20260427,47,201696,1217,0
20260427,48,220520,1214,0
20260427,49,215035,1200,0
20260427,50,222601,1186,0
20260427,51,238184,1161,0
20260427,52,206252,1156,0
20260427,53,263857,1139,0
20260427,54,213583,1106,0
20260427,55,222661,1092,0
20260427,56,215713,1065,0
20260427,57,202663,1059,0
20260427,58,221883,1050,0
20260427,59,222045,1046,0
20260427,60,219875,1042,0
20260427,61,211107,1036,0
20260427,62,221039,1029,0
20260427,63,214388,1023,0
20260427,64,206368,998,0
20260427,65,201533,989,0
20260427,66,202499,967,0
20260427,67,220309,963,0
20260427,68,213550,952,0
20260427,69,206242,947,0
20260427,70,220716,945,0
20260427,71,211817,937,0
20260427,72,220332,926,0
20260427,73,215872,919,0
20260427,74,238075,919,0
20260427,75,214082,918,0
20260427,76,216083,916,0
20260427,77,221407,910,0
20260427,78,215910,906,0
20260427,79,220435,894,0
20260427,80,201709,893,0
20260427,81,203530,881,0
20260427,82,214040,880,0
20260427,83,215785,876,0
20260427,84,219917,872,0
20260427,85,201548,867,0
20260427,86,215306,843,0
20260427,87,213887,830,0
20260427,88,221333,825,0
20260427,89,215020,819,0
20260427,90,203501,814,0
20260427,91,260172,814,0
20260427,92,243420,813,0
20260427,93,223360,812,0
20260427,94,220416,810,0
20260427,95,220348,806,0
20260427,96,220662,799,0
20260427,97,215899,796,0
20260427,98,220750,796,0
20260427,99,211337,792,0
20260427,100,230870,789,0
20260427,101,220465,775,0
20260427,102,215936,775,0
20260427,103,211651,771,0
20260427,104,221257,765,0
20260427,105,215219,762,0
20260427,106,215138,755,0
20260427,107,211814,746,0
20260427,108,221909,741,0
20260427,109,205925,739,0
20260427,110,211843,738,0
20260427,111,206294,731,0
20260427,112,221985,731,0
20260427,113,222290,724,0
20260427,114,221307,718,0
20260427,115,223286,711,0
20260427,116,201499,707,0
20260427,117,213646,704,0
20260427,118,216081,697,0
20260427,119,210886,688,0
20260427,120,222966,665,0
20260427,121,252499,657,0
20260427,122,211685,655,0
20260427,123,215480,628,0
20260427,124,214119,620,0
20260427,125,222233,602,0
20260427,126,206417,586,0
20260427,127,215370,584,0
20260427,128,214461,584,0
20260427,129,221406,573,0
20260427,130,203389,572,0
20260427,131,215337,569,0
20260427,132,221124,567,0
20260427,133,263644,566,0
20260427,134,220722,562,0
20260427,135,202684,561,0
20260427,136,211880,559,0
20260427,137,221236,554,0
20260427,138,213666,543,0
20260427,139,214452,541,0
20260427,140,259733,541,0
20260427,141,220466,540,0
20260427,142,236957,534,0
20260427,143,214593,526,0
20260427,144,213889,524,0
20260427,145,201551,522,0
20260427,146,210622,513,0
20260427,147,247669,511,0
20260427,148,223194,509,0
20260427,149,221354,504,0
20260427,150,222258,500,0
20260427,151,223321,500,0
20260427,152,215037,498,0
20260427,153,215572,496,0
20260427,154,221237,495,0
20260427,155,239456,494,0
20260427,156,202600,492,0
20260427,157,201478,482,0
20260427,158,236955,479,0
20260427,159,222017,477,0
20260427,160,221626,475,0
20260427,161,223168,465,0
20260427,162,202604,464,0
20260427,163,203514,461,0
20260427,164,267439,459,0
20260427,165,223325,458,0
20260427,166,214459,456,0
20260427,167,220742,456,0
20260427,168,221803,455,0
20260427,169,220446,452,0
20260427,170,216016,439,0
20260427,171,266671,428,0
20260427,172,211279,420,0
20260427,173,215250,419,0
20260427,174,213576,419,0
20260427,175,215946,418,0
20260427,176,216097,416,0
20260427,177,201621,409,0
20260427,178,220733,405,0
20260427,179,202493,405,0
20260427,180,215992,403,0
20260427,181,215571,401,0
20260427,182,201593,399,0
20260427,183,215453,398,0
20260427,184,211702,395,0
20260427,185,214181,395,0
20260427,186,216566,392,0
20260427,187,236972,391,0
20260427,188,216055,389,0
20260427,189,259871,389,0
20260427,190,211227,385,0
20260427,191,213525,381,0
20260427,192,223335,378,0
20260427,193,223333,378,0
20260427,194,214646,377,0
20260427,195,201545,376,0
20260427,196,211316,376,0
20260427,197,201662,375,0
20260427,198,214604,375,0
20260427,199,220680,375,0
20260427,200,214254,373,0
20260427,1001,267431,20,0
20260427,1002,239160,20,0
20260427,1003,222294,20,0
20260427,1004,239390,19,0
20260427,1005,220887,19,0
20260427,1006,270449,19,0
20260427,1007,260297,19,0
20260427,1008,222202,19,0
20260427,1009,216340,19,0
20260427,1010,221463,19,0
20260427,1011,252586,19,0
20260427,1012,261066,19,0
20260427,1013,215492,19,0
20260427,1014,260777,19,0
20260427,1015,259981,19,0
20260427,1016,214398,19,0
20260427,1017,260261,19,0
20260427,1018,215372,19,0
20260427,1019,260984,19,0
20260427,1020,221740,19,0
20260427,1021,215712,19,0
20260427,1022,212043,18,0
20260427,1023,266651,18,0
20260427,1024,215696,18,0
20260427,1025,264975,18,0
20260427,1026,223160,18,0
20260427,1027,260306,18,0
20260427,1028,269275,18,0
20260427,1028,259576,18,0
20260427,1030,270159,18,0
20260427,1031,266765,18,0
20260427,1032,267449,18,0
20260427,1033,221203,18,0
20260427,1034,259854,18,0
20260427,1035,221055,18,0
20260427,1036,222177,18,0
20260427,1037,221148,18,0
20260427,1038,249659,18,0
20260427,1039,265207,17,0
20260427,1040,264961,17,0
20260427,1041,269710,17,0
20260427,1042,268787,17,0
20260427,1043,264073,17,0
20260427,1044,266720,17,0
20260427,1045,224485,17,0
20260427,1046,266523,17,0
20260427,1047,260871,17,0
20260427,1048,260398,17,0
20260427,1049,221736,17,0
20260427,1050,260224,17,0
20260427,1051,239449,17,0
20260427,1052,220048,17,0
20260427,1053,260323,17,0
20260427,1054,211043,16,0
20260427,1055,261964,16,0
20260427,1056,266722,16,0
20260427,1057,220297,16,0
20260427,1058,246476,16,0
20260427,1059,269954,16,0
20260427,1060,270322,16,0
20260427,1060,260842,16,0
20260427,1062,201481,16,0
20260427,1063,222602,16,0
20260427,1064,239474,16,0
20260427,1065,214901,16,0
20260427,1066,259797,16,0
20260427,1067,259907,16,0
20260427,1067,222213,16,0
20260427,1069,223411,16,0
20260427,1070,223284,16,0
20260427,1071,260185,16,0
20260427,1072,269254,16,0
20260427,1072,267932,16,0
20260427,1074,270262,15,0
20260427,1075,201565,15,0
20260427,1076,270100,15,0
20260427,1077,205964,15,0
20260427,1077,211021,15,0
20260427,1079,267534,15,0
20260427,1080,239478,15,0
20260427,1081,270091,15,0
20260427,1082,214784,15,0
20260427,1083,269772,15,0
20260427,1084,262883,15,0
20260427,1085,252519,15,0
20260427,1086,220551,15,0
20260427,1087,252582,15,0
20260427,1088,260717,15,0
20260427,1089,261082,15,0
20260427,1089,220689,15,0
20260427,1089,221310,15,0
20260427,1092,202387,15,0
20260427,1093,237465,15,0
20260427,1093,267425,15,0
20260427,1095,215467,15,0
20260427,1096,259113,15,0
20260427,1097,219444,15,0
20260427,1098,260400,15,0
20260427,1099,260580,14,0
20260427,1100,221441,14,0
20260427,1101,215721,14,0
20260427,1102,259713,14,0
20260427,1103,216225,14,0
20260427,1104,213830,14,0
20260427,1105,221069,14,0
20260427,1106,270019,14,0
20260427,1107,267180,14,0
20260427,1108,219983,14,0
20260427,1109,215970,14,0
20260427,1109,220564,14,0
20260427,1109,241715,14,0
20260427,1112,219872,14,0
20260427,1113,214503,14,0
20260427,1114,269835,14,0
20260427,1115,222376,14,0
20260427,1116,244079,14,0
20260427,1117,246518,14,0
20260427,1118,260085,14,0
20260427,1119,266795,14,0
20260427,1120,260556,14,0
20260427,1121,263676,14,0
20260427,1122,259739,13,0
20260427,1123,211407,13,0
20260427,1123,267616,13,0
20260427,1125,261278,13,0
20260427,1125,267920,13,0
20260427,1127,261008,13,0
20260427,1128,214746,13,0
20260427,1129,260631,13,0
20260427,1130,266629,13,0
20260427,1131,264280,13,0
20260427,1132,269734,13,0
20260427,1133,261968,13,0
20260427,1134,264505,13,0
20260427,1135,203370,13,0
20260427,1135,222734,13,0
20260427,1137,261104,13,0
20260427,1137,269801,13,0
20260427,1139,221158,13,0
20260427,1140,222748,13,0
20260427,1141,225861,13,0
20260427,1142,239126,13,0
20260427,1143,215735,12,0
20260427,1144,211285,12,0
20260427,1145,221933,12,0
20260427,1146,269704,12,0
20260427,1147,261133,12,0
20260427,1148,269872,12,0
20260427,1149,221688,12,0
20260427,1150,213976,12,0
20260427,1151,223159,12,0
20260427,1152,270132,12,0
20260427,1152,260926,12,0
20260427,1152,264510,12,0
20260427,1155,260693,12,0
20260427,1155,214019,12,0
20260427,1157,215236,12,0
20260427,1158,259590,12,0
20260427,1159,264107,12,0
20260427,1159,267734,12,0
20260427,1161,222035,12,0
20260427,1162,214460,12,0
20260427,1163,216315,12,0
20260427,1164,219874,12,0
20260427,1165,221013,12,0
20260427,1166,268772,12,0
20260427,1166,263889,12,0
20260427,1168,264226,12,0
20260427,1169,236968,12,0
20260427,1170,266549,12,0
20260427,1171,211592,11,0
20260427,1172,260827,11,0
20260427,1173,222557,11,0
20260427,1174,265628,11,0
20260427,1175,267540,11,0
20260427,1175,221025,11,0
20260427,1175,220436,11,0
20260427,1178,214450,11,0
20260427,1179,270274,11,0
20260427,1180,221913,11,0
20260427,1181,265020,11,0
20260427,1182,222215,11,0
20260427,1183,215854,11,0
20260427,1183,266374,11,0
20260427,1185,260583,11,0
20260427,1185,223435,11,0
20260427,1187,259998,11,0
20260427,1187,268778,11,0
20260427,1189,206161,11,0
20260427,1190,241735,11,0
20260427,1191,220563,11,0
20260427,1192,216381,11,0
20260427,1193,266383,10,0
20260427,1194,206205,10,0
20260427,1195,266378,10,0
20260427,1196,238209,10,0
20260427,1197,219965,10,0
20260427,1197,266476,10,0
20260427,1199,261073,10,0
20260427,1199,253665,10,0
20260427,1201,233725,10,0
20260427,1201,266819,10,0
20260427,1203,260604,10,0
20260427,1203,221621,10,0
20260427,1203,221377,10,0
20260427,1206,263940,10,0
20260427,1207,202478,10,0
20260427,1208,265713,10,0
20260427,1208,267387,10,0
20260427,1210,259914,10,0
20260427,1211,266533,10,0
20260427,1211,221422,10,0
20260427,1211,214277,10,0
20260427,1211,215926,10,0
20260427,1211,260455,10,0
20260427,1216,219754,10,0
20260427,1217,201691,10,0
20260427,1218,214974,10,0
20260427,1218,220394,10,0
20260427,1218,223198,10,0
20260427,1221,259964,10,0
20260427,1221,266409,10,0
20260427,1223,211600,10,0
20260427,1224,223389,10,0
20260427,1225,222318,10,0
20260427,1226,222613,10,0
20260427,1226,260378,10,0
20260427,1228,222158,10,0
20260427,1228,216405,10,0
20260427,1230,211779,9,0
20260427,1231,205562,9,0
20260427,1232,215043,9,0
20260427,1232,263905,9,0
20260427,1234,270302,9,0
20260427,1235,215085,9,0
20260427,1236,270266,9,0
20260427,1237,221396,9,0
20260427,1238,238068,9,0
20260427,1238,266543,9,0
20260427,1238,263625,9,0
20260427,1241,270194,9,0
20260427,1242,267441,9,0
20260427,1243,259769,9,0
20260427,1243,221940,9,0
20260427,1245,246484,9,0
20260427,1245,270281,9,0
20260427,1247,223153,9,0
20260427,1248,220512,9,0
20260427,1248,220286,9,0
20260427,1250,239484,9,0
20260427,1250,267435,9,0
20260427,1252,270115,9,0
20260427,1252,221258,9,0
20260427,1252,221524,9,0
20260427,1255,260715,9,0
20260427,1255,260774,9,0
20260427,1257,221197,9,0
20260427,1258,263775,8,0
20260427,1259,259104,8,0
20260427,1260,259849,8,0
20260427,1260,222377,8,0
20260427,1260,269943,8,0
20260427,1260,260839,8,0
20260427,1264,263981,8,0
20260427,1264,260159,8,0
20260427,1266,264063,8,0
20260427,1267,266406,8,0
20260427,1267,266467,8,0
20260427,1267,269267,8,0
20260427,1267,257898,8,0
20260427,1267,202639,8,0
20260427,1272,205492,8,0
20260427,1273,260122,8,0
20260427,1273,260091,8,0
20260427,1273,221371,8,0
20260427,1273,261094,8,0
20260427,1277,215161,8,0
20260427,1277,220469,8,0
20260427,1279,220633,8,0
20260427,1279,261129,8,0
20260427,1279,264252,8,0
20260427,1279,267723,8,0
20260427,1279,267722,8,0
20260427,1284,260742,8,0
20260427,1284,260828,8,0
20260427,1284,269906,8,0
20260427,1284,264966,8,0
20260427,1284,221771,8,0
20260427,1284,257881,8,0
20260427,1284,237467,8,0
20260427,1284,230120,8,0
20260427,1292,221315,8,0
20260427,1293,216156,8,0
20260427,1294,202440,7,0
20260427,1295,256710,7,0
20260427,1296,260888,7,0
20260427,1297,215222,7,0
20260427,1298,215956,7,0
20260427,1298,254760,7,0
20260427,1298,222838,7,0
20260427,1298,222847,7,0
20260427,1298,263890,7,0
20260427,1298,264275,7,0
20260427,1298,266686,7,0
20260427,1298,267473,7,0
20260427,1306,264215,7,0
20260427,1306,267423,7,0
20260427,1306,222061,7,0
20260427,1306,221214,7,0
20260427,1306,259623,7,0
20260427,1311,259719,7,0
20260427,1311,260204,7,0
20260427,1311,215647,7,0
20260427,1311,264138,7,0
20260427,1315,270186,7,0
20260427,1315,220289,7,0
20260427,1317,260881,7,0
20260427,1317,256682,7,0
20260427,1317,246485,7,0
20260427,1317,221083,7,0
20260427,1317,264114,7,0
20260427,1317,263717,7,0
20260427,1317,263701,7,0
20260427,1324,260993,7,0
20260427,1325,267695,7,0
20260427,1325,238071,7,0
20260427,1325,216140,7,0
20260427,1328,263978,6,0
20260427,1329,220422,6,0
20260427,1330,270133,6,0
20260427,1331,270047,6,0
20260427,1331,257867,6,0
20260427,1333,259608,6,0
20260427,1333,223356,6,0
20260427,1333,222637,6,0
20260427,1336,222309,6,0
20260427,1336,221515,6,0
20260427,1336,222332,6,0
20260427,1336,260066,6,0
20260427,1336,266492,6,0
20260427,1336,216092,6,0
20260427,1336,216073,6,0
20260427,1336,220772,6,0
20260427,1336,211208,6,0
20260427,1336,267927,6,0
20260427,1336,264198,6,0
20260427,1336,267462,6,0
20260427,1336,267465,6,0
20260427,1336,266805,6,0
20260427,1336,266781,6,0
20260427,1336,261021,6,0
20260427,1336,260962,6,0
20260427,1336,260653,6,0
20260427,1336,260792,6,0
20260427,1336,266532,6,0
20260427,1336,260503,6,0
20260427,1336,260373,6,0
20260427,1358,223352,6,0
20260427,1359,237481,6,0
20260427,1359,252494,6,0
20260427,1359,260723,6,0
20260427,1359,222520,6,0
20260427,1359,220071,6,0
20260427,1359,221269,6,0
20260427,1359,267408,6,0
20260427,1359,266593,6,0
20260427,1359,269757,6,0
20260427,1368,201527,5,0
20260427,1369,201399,5,0
20260427,1370,264986,5,0
20260427,1371,267525,5,0
20260427,1371,270350,5,0
20260427,1373,248660,5,0
20260427,1374,246489,5,0
20260427,1374,245076,5,0
20260427,1374,258195,5,0
20260427,1374,259887,5,0
20260427,1374,239172,5,0
20260427,1374,223397,5,0
20260427,1374,233729,5,0
20260427,1374,223452,5,0
20260427,1374,221923,5,0
20260427,1374,221963,5,0
20260427,1374,222623,5,0
20260427,1374,222274,5,0
20260427,1374,215174,5,0
20260427,1374,270164,5,0
20260427,1374,270237,5,0
20260427,1374,270383,5,0
20260427,1374,267671,5,0
20260427,1374,267748,5,0
20260427,1374,267424,5,0
20260427,1374,266713,5,0
20260427,1374,266372,5,0
20260427,1374,264248,5,0
20260427,1374,264243,5,0
20260427,1374,263962,5,0
20260427,1374,260974,5,0
20260427,1374,263706,5,0
20260427,1374,263766,5,0
20260427,1401,263809,5,0
20260427,1401,260893,5,0
20260427,1401,260393,5,0
20260427,1401,260464,5,0
20260427,1401,222161,5,0
20260427,1401,221346,5,0
20260427,1401,230121,5,0
20260427,1401,259803,5,0
20260427,1409,259569,5,0
20260427,1409,259614,5,0
20260427,1409,242450,5,0
20260427,1409,220492,5,0
20260427,1409,215430,5,0
20260427,1409,264229,5,0
20260427,1415,270380,4,0
20260427,1416,265610,4,0
20260427,1416,221988,4,0
20260427,1418,221222,4,0
20260427,1418,220687,4,0
20260427,1418,260178,4,0
20260427,1418,220159,4,0
20260427,1418,270154,4,0
20260427,1418,267083,4,0
20260427,1418,260674,4,0
20260427,1425,260779,4,0
20260427,1425,260709,4,0
20260427,1425,263838,4,0
20260427,1425,267493,4,0
20260427,1425,266849,4,0
20260427,1425,266700,4,0
20260427,1425,264998,4,0
20260427,1425,265195,4,0
20260427,1425,264068,4,0
20260427,1425,270258,4,0
20260427,1425,270066,4,0
20260427,1425,269937,4,0
20260427,1425,267732,4,0
20260427,1425,269773,4,0
20260427,1425,269769,4,0
20260427,1425,269753,4,0
20260427,1425,259763,4,0
20260427,1425,244077,4,0
20260427,1425,252487,4,0
20260427,1425,252565,4,0
20260427,1425,241003,4,0
20260427,1425,241018,4,0
20260427,1425,260479,4,0
20260427,1425,223416,4,0
20260427,1425,223371,4,0
20260427,1425,222180,4,0
20260427,1425,221520,4,0
20260427,1452,202453,3,0
20260427,1452,206253,3,0
20260427,1452,213596,3,0
20260427,1455,264086,3,0
20260427,1455,269948,3,0
20260427,1455,264242,3,0
20260427,1458,264079,3,0
20260427,1458,266892,3,0
20260427,1458,261092,3,0
20260427,1458,270463,3,0
20260427,1458,212034,3,0
20260427,1458,240163,3,0
20260427,1458,256711,3,0
20260427,1465,255666,3,0
20260427,1465,249668,3,0
20260427,1465,246480,3,0
20260427,1465,259990,3,0
20260427,1465,221979,3,0
20260427,1465,239157,3,0
20260427,1465,238205,3,0
20260427,1465,238084,3,0
20260427,1465,236989,3,0
20260427,1465,235155,3,0
20260427,1465,235154,3,0
20260427,1465,223071,3,0
20260427,1465,223006,3,0
20260427,1465,234223,3,0
20260427,1465,234506,3,0
20260427,1465,222845,3,0
20260427,1465,222866,3,0
20260427,1465,222659,3,0
20260427,1465,213827,3,0
20260427,1465,213898,3,0
20260427,1465,220934,3,0
20260427,1465,216198,3,0
20260427,1465,220790,3,0
20260427,1465,270139,3,0
20260427,1465,269775,3,0
20260427,1465,269718,3,0
20260427,1465,269732,3,0
20260427,1465,267937,3,0
20260427,1465,269797,3,0
20260427,1465,270039,3,0
20260427,1465,270109,3,0
20260427,1465,270117,3,0
20260427,1465,270207,3,0
20260427,1465,263866,3,0
20260427,1465,263666,3,0
20260427,1465,260443,3,0
20260427,1465,260622,3,0
20260427,1465,260387,3,0
20260427,1465,264139,3,0
20260427,1465,264270,3,0
20260427,1465,264980,3,0
20260427,1465,266591,3,0
20260427,1465,266463,3,0
20260427,1465,266772,3,0
20260427,1465,266852,3,0
20260427,201,204411,368,0
20260427,202,239436,365,0
20260427,203,211552,361,0
20260427,204,216265,357,0
20260427,205,220454,353,0
20260427,206,220699,343,0
20260427,207,204431,343,0
20260427,208,201458,340,0
20260427,209,232447,335,0
20260427,210,256684,334,0
20260427,211,214480,332,0
20260427,212,213873,332,0
20260427,213,214826,331,0
20260427,214,214906,329,0
20260427,215,215988,327,0
20260427,216,211635,327,0
20260427,217,206007,327,0
20260427,218,214149,324,0
20260427,219,204419,323,0
20260427,220,222980,323,0
20260427,221,213706,322,0
20260427,222,210303,315,0
20260427,223,221434,315,0
20260427,224,214684,312,0
20260427,225,216074,312,0
20260427,226,214262,308,0
20260427,227,206292,308,0
20260427,228,214937,308,0
20260427,229,239389,306,0
20260427,230,214386,306,0
20260427,231,221018,304,0
20260427,232,222919,303,0
20260427,233,260664,295,0
20260427,234,264149,288,0
20260427,235,221164,288,0
20260427,236,211095,286,0
20260427,237,215290,283,0
20260427,238,222080,282,0
20260427,239,259857,281,0
20260427,240,260168,281,0
20260427,241,221213,279,0
20260427,242,223323,278,0
20260427,243,221885,278,0
20260427,244,221209,278,0
20260427,245,221911,277,0
20260427,246,211539,276,0
20260427,247,206124,276,0
20260427,248,259685,274,0
20260427,249,201555,274,0
20260427,250,211901,273,0
20260427,251,213620,273,0
20260427,252,214236,273,0
20260427,253,211643,273,0
20260427,254,221073,272,0
20260427,255,220554,269,0
20260427,256,212303,268,0
20260427,257,260203,268,0
20260427,258,201606,265,0
20260427,259,203564,263,0
20260427,260,216367,263,0
20260427,261,203463,261,0
20260427,262,261972,260,0
20260427,263,220770,260,0
20260427,264,223331,259,0
20260427,265,239392,259,0
20260427,266,221411,259,0
20260427,267,215042,258,0
20260427,268,260598,255,0
20260427,269,213767,253,0
20260427,270,214919,252,0
20260427,271,223087,250,0
20260427,272,222156,250,0
20260427,273,211344,250,0
20260427,274,202662,248,0
20260427,275,206430,248,0
20260427,276,216139,244,0
20260427,277,261963,243,0
20260427,278,221178,243,0
20260427,279,216213,242,0
20260427,280,221512,239,0
20260427,281,260765,239,0
20260427,282,215614,238,0
20260427,283,222189,238,0
20260427,284,213779,235,0
20260427,285,221243,235,0
20260427,286,246493,231,0
20260427,287,201586,229,0
20260427,288,211878,228,0
20260427,289,211846,228,0
20260427,290,214081,228,0
20260427,291,215062,224,0
20260427,292,259883,224,0
20260427,293,213544,223,0
20260427,294,215386,222,0
20260427,295,216116,221,0
20260427,296,215996,220,0
20260427,297,260171,220,0
20260427,298,213789,218,0
20260427,299,221099,217,0
20260427,300,211920,217,0
20260427,301,220757,215,0
20260427,302,221362,215,0
20260427,303,222506,214,0
20260427,304,201613,214,0
20260427,305,201610,213,0
20260427,306,258199,213,0
20260427,307,239438,213,0
20260427,308,221004,212,0
20260427,309,215820,212,0
20260427,310,221382,212,0
20260427,311,256705,211,0
20260427,312,238064,210,0
20260427,313,206345,210,0
20260427,314,215077,208,0
20260427,315,221191,207,0
20260427,316,260581,207,0
20260427,317,260206,207,0
20260427,318,259758,205,0
20260427,319,221104,205,0
20260427,320,215807,203,0
20260427,321,213908,202,0
20260427,322,211844,202,0
20260427,323,201329,201,0
20260427,324,220589,201,0
20260427,325,221486,201,0
20260427,326,260170,200,0
20260427,327,222965,198,0
20260427,328,221395,197,0
20260427,329,206194,197,0
20260427,330,223410,195,0
20260427,331,221220,195,0
20260427,332,221159,193,0
20260427,333,216385,193,0
20260427,334,215840,192,0
20260427,335,214189,191,0
20260427,336,266622,191,0
20260427,337,215726,190,0
20260427,338,215501,189,0
20260427,339,221905,188,0
20260427,340,260761,188,0
20260427,341,266376,188,0
20260427,342,211342,188,0
20260427,343,220432,188,0
20260427,344,222944,188,0
20260427,345,202460,187,0
20260427,346,213657,187,0
20260427,347,223302,187,0
20260427,348,222559,186,0
20260427,349,201483,183,0
20260427,350,222296,181,0
20260427,351,206374,180,0
20260427,352,220781,180,0
20260427,353,236956,179,0
20260427,354,222397,178,0
20260427,355,220735,177,0
20260427,356,239397,177,0
20260427,357,246478,177,0
20260427,358,256673,177,0
20260427,359,204427,175,0
20260427,360,221768,175,0
20260427,361,214301,172,0
20260427,362,210847,170,0
20260427,363,221369,170,0
20260427,364,264075,168,0
20260427,365,215566,168,0
20260427,366,239476,168,0
20260427,367,222675,167,0
20260427,368,260913,167,0
20260427,369,203435,167,0
20260427,370,216324,167,0
20260427,371,211529,167,0
20260427,372,221023,166,0
20260427,373,215314,165,0
20260427,374,259794,165,0
20260427,375,252495,165,0
20260427,376,214546,163,0
20260427,377,206362,163,0
20260427,378,259853,163,0
20260427,379,220364,163,0
20260427,380,260006,162,0
20260427,381,202688,162,0
20260427,382,221096,160,0
20260427,383,211874,160,0
20260427,384,215592,158,0
20260427,385,261038,158,0
20260427,386,246481,157,0
20260427,387,220718,157,0
20260427,388,201666,157,0
20260427,389,231639,156,0
20260427,390,221000,156,0
20260427,391,215588,156,0
20260427,392,232881,154,0
20260427,393,215878,153,0
20260427,394,214862,152,0
20260427,395,214992,152,0
20260427,396,201585,151,0
20260427,397,254733,151,0
20260427,398,211820,150,0
20260427,399,221187,150,0
20260427,400,219887,150,0
20260427,401,264187,149,0
20260427,402,213949,147,0
20260427,403,221014,147,0
20260427,404,221789,147,0
20260427,405,213974,147,0
20260427,406,223415,145,0
20260427,407,221242,145,0
20260427,408,203475,144,0
20260427,409,220673,144,0
20260427,410,216095,144,0
20260427,411,262891,143,0
20260427,412,215898,141,0
20260427,413,261049,141,0
20260427,414,260541,140,0
20260427,415,220164,140,0
20260427,416,203281,139,0
20260427,417,221229,139,0
20260427,418,211329,138,0
20260427,419,260510,138,0
20260427,420,220489,137,0
20260427,421,221364,137,0
20260427,422,214219,135,0
20260427,423,252587,135,0
20260427,424,221945,135,0
20260427,425,203288,135,0
20260427,426,213821,135,0
20260427,427,215468,135,0
20260427,428,219625,135,0
20260427,429,202410,135,0
20260427,430,222276,135,0
20260427,431,260514,134,0
20260427,432,215166,133,0
20260427,433,221020,133,0
20260427,434,220447,132,0
20260427,435,231625,132,0
20260427,436,216253,132,0
20260427,437,214521,131,0
20260427,438,221181,131,0
20260427,439,260951,131,0
20260427,440,222986,130,0
20260427,441,214653,129,0
20260427,442,239442,127,0
20260427,443,214930,127,0
20260427,444,220613,127,0
20260427,445,222891,127,0
20260427,446,235159,126,0
20260427,447,213837,126,0
20260427,448,213849,125,0
20260427,449,221157,125,0
20260427,450,214418,125,0
20260427,451,221109,125,0
20260427,452,211756,125,0
20260427,453,260565,125,0
20260427,454,215018,124,0
20260427,455,220502,124,0
20260427,456,222454,124,0
20260427,457,221265,123,0
20260427,458,269714,123,0
20260427,459,259913,123,0
20260427,460,220598,123,0
20260427,461,221031,122,0
20260427,462,259591,122,0
20260427,463,236967,122,0
20260427,464,239156,122,0
20260427,465,215550,121,0
20260427,466,266800,121,0
20260427,467,214507,120,0
20260427,468,267420,120,0
20260427,469,223141,120,0
20260427,470,220808,119,0
20260427,471,215459,119,0
20260427,472,264228,119,0
20260427,473,213753,116,0
20260427,474,221982,116,0
20260427,475,220306,115,0
20260427,476,222092,115,0
20260427,477,222171,114,0
20260427,478,204394,114,0
20260427,479,200748,113,0
20260427,480,215398,113,0
20260427,481,215431,111,0
20260427,482,211646,111,0
20260427,483,260667,110,0
20260427,484,216162,110,0
20260427,485,240998,110,0
20260427,486,223100,110,0
20260427,487,247647,109,0
20260427,488,213998,109,0
20260427,489,211063,109,0
20260427,490,222273,109,0
20260427,491,260539,109,0
20260427,492,214839,108,0
20260427,493,211411,107,0
20260427,494,233742,107,0
20260427,495,220513,107,0
20260427,496,216331,107,0
20260427,497,260763,106,0
20260427,498,252493,106,0
20260427,499,221168,106,0
20260427,500,213771,105,0
20260427,501,213734,104,0
20260427,502,216044,104,0
20260427,503,202619,104,0
20260427,504,263881,104,0
20260427,505,221443,103,0
20260427,506,245077,103,0
20260427,507,230880,103,0
20260427,508,211809,102,0
20260427,509,216579,102,0
20260427,510,220351,102,0
20260427,511,265197,102,0
20260427,512,222369,101,0
20260427,513,211328,101,0
20260427,514,252531,101,0
20260427,515,244087,101,0
20260427,516,264227,100,0
20260427,517,203578,100,0
20260427,518,220827,100,0
20260427,519,203354,99,0
20260427,520,214741,99,0
20260427,521,222859,99,0
20260427,522,266450,99,0
20260427,523,206219,98,0
20260427,524,220842,98,0
20260427,525,216268,98,0
20260427,526,260714,98,0
20260427,527,215971,98,0
20260427,528,252488,97,0
20260427,529,214600,97,0
20260427,530,215163,97,0
20260427,531,214271,97,0
20260427,532,215733,96,0
20260427,533,210705,96,0
20260427,534,269755,96,0
20260427,535,201554,95,0
20260427,536,214091,95,0
20260427,537,221259,95,0
20260427,538,260847,94,0
20260427,539,216160,94,0
20260427,540,221959,94,0
20260427,541,222297,93,0
20260427,542,222837,93,0
20260427,543,216076,93,0
20260427,544,216173,93,0
20260427,545,201549,92,0
20260427,546,211719,92,0
20260427,547,213947,92,0
20260427,548,260647,92,0
20260427,549,216007,92,0
20260427,550,264967,91,0
20260427,551,211765,90,0
20260427,552,263872,90,0
20260427,553,260142,90,0
20260427,554,213896,90,0
20260427,555,221657,90,0
20260427,556,221952,89,0
20260427,557,219892,89,0
20260427,558,256712,89,0
20260427,559,206255,88,0
20260427,560,215064,88,0
20260427,561,260296,88,0
20260427,562,220496,88,0
20260427,563,214505,88,0
20260427,564,214238,87,0
20260427,565,214319,85,0
20260427,566,203591,84,0
20260427,567,216186,84,0
20260427,568,221834,84,0
20260427,569,260446,84,0
20260427,570,203513,83,0
20260427,571,216013,83,0
20260427,572,220946,83,0
20260427,573,261071,83,0
20260427,574,260613,83,0
20260427,575,214779,82,0
20260427,576,259575,82,0
20260427,577,270058,82,0
20260427,578,260737,82,0
20260427,579,222390,82,0
20260427,580,261015,82,0
20260427,581,206248,82,0
20260427,582,266448,82,0
20260427,583,216051,81,0
20260427,584,254765,81,0
20260427,585,206102,80,0
20260427,586,259690,80,0
20260427,587,221116,80,0
20260427,588,264144,80,0
20260427,589,228909,80,0
20260427,590,220672,80,0
20260427,591,260966,79,0
20260427,592,220560,79,0
20260427,593,220597,79,0
20260427,594,216075,79,0
20260427,595,220891,79,0
20260427,596,241717,78,0
20260427,597,221497,78,0
20260427,598,230882,78,0
20260427,599,215545,78,0
20260427,600,260490,78,0
20260427,601,221086,77,0
20260427,602,220550,77,0
20260427,603,202921,77,0
20260427,604,201520,76,0
20260427,605,211668,76,0
20260427,606,259916,76,0
20260427,607,265701,76,0
20260427,608,215472,76,0
20260427,609,215259,75,0
20260427,610,263853,75,0
20260427,611,267882,75,0
20260427,612,221473,75,0
20260427,613,260708,75,0
20260427,614,237454,75,0
20260427,615,221914,75,0
20260427,616,264192,74,0
20260427,617,257874,74,0
20260427,618,266864,74,0
20260427,619,260339,74,0
20260427,620,214007,74,0
20260427,621,264064,73,0
20260427,622,225858,73,0
20260427,623,216062,72,0
20260427,624,206406,72,0
20260427,625,222878,72,0
20260427,626,239393,72,0
20260427,627,220429,71,0
20260427,628,215832,70,0
20260427,629,222458,70,0
20260427,630,223120,70,0
20260427,631,202454,70,0
20260427,632,269870,70,0
20260427,633,221003,70,0
20260427,634,260141,70,0
20260427,635,223203,69,0
20260427,636,202672,69,0
20260427,637,210138,69,0
20260427,638,263909,69,0
20260427,639,202430,69,0
20260427,640,215013,69,0
20260427,641,259967,68,0
20260427,642,260787,68,0
20260427,643,215134,68,0
20260427,644,214868,68,0
20260427,645,221468,68,0
20260427,646,260445,68,0
20260427,647,210537,68,0
20260427,648,258191,68,0
20260427,649,215909,68,0
20260427,650,221454,68,0
20260427,651,221141,67,0
20260427,652,214212,67,0
20260427,653,236980,67,0
20260427,654,252535,67,0
20260427,655,221247,66,0
20260427,656,213772,66,0
20260427,657,252571,66,0
20260427,658,213739,66,0
20260427,659,221469,66,0
20260427,660,266901,66,0
20260427,661,222037,66,0
20260427,662,222481,66,0
20260427,663,260032,66,0
20260427,664,234474,65,0
20260427,665,254748,65,0
20260427,666,213672,64,0
20260427,667,214872,64,0
20260427,668,206075,64,0
20260427,669,260338,64,0
20260427,670,266469,63,0
20260427,671,221994,63,0
20260427,672,252509,63,0
20260427,673,221165,63,0
20260427,674,233747,63,0
20260427,675,221773,63,0
20260427,676,201611,62,0
20260427,677,263869,62,0
20260427,678,259567,62,0
20260427,679,260368,62,0
20260427,680,210526,62,0
20260427,681,241714,62,0
20260427,682,206108,61,0
20260427,683,211269,61,0
20260427,684,267382,61,0
20260427,685,201524,61,0
20260427,686,260254,61,0
20260427,687,239158,61,0
20260427,688,215151,59,0
20260427,689,239386,59,0
20260427,690,221465,59,0
20260427,691,245094,59,0
20260427,692,220453,59,0
20260427,693,222347,59,0
20260427,694,220491,59,0
20260427,695,261097,59,0
20260427,696,265692,59,0
20260427,697,203500,58,0
20260427,698,266488,58,0
20260427,699,260225,58,0
20260427,700,260694,58,0
20260427,701,221370,58,0
20260427,702,266642,58,0
20260427,703,225854,57,0
20260427,704,263626,57,0
20260427,705,204294,56,0
20260427,706,225850,56,0
20260427,707,215921,56,0
20260427,708,220740,56,0
20260427,709,221864,56,0
20260427,710,263941,56,0
20260427,711,222346,56,0
20260427,712,201614,55,0
20260427,713,220578,55,0
20260427,714,216038,55,0
20260427,715,215707,55,0
20260427,716,269717,54,0
20260427,717,202464,54,0
20260427,718,215806,54,0
20260427,719,220497,54,0
20260427,720,222184,53,0
20260427,721,270080,53,0
20260427,722,239422,53,0
20260427,723,221192,53,0
20260427,724,259754,53,0
20260427,725,266431,53,0
20260427,726,221886,53,0
20260427,727,220997,53,0
20260427,728,264207,53,0
20260427,729,202536,52,0
20260427,730,221746,52,0
20260427,731,235161,52,0
20260427,732,214909,52,0
20260427,733,204223,51,0
20260427,734,215616,51,0
20260427,735,260273,51,0
20260427,736,216587,50,0
20260427,737,264130,50,0
20260427,738,214713,50,0
20260427,739,233718,50,0
20260427,740,220053,50,0
20260427,741,213551,49,0
20260427,742,220392,49,0
20260427,743,260766,49,0
20260427,744,260848,48,0
20260427,745,270082,48,0
20260427,746,220494,48,0
20260427,747,260214,48,0
20260427,748,215505,48,0
20260427,749,216180,48,0
20260427,750,264205,47,0
20260427,751,221903,47,0
20260427,752,259858,47,0
20260427,753,260101,46,0
20260427,754,266682,46,0
20260427,755,221062,46,0
20260427,756,259820,46,0
20260427,757,270076,46,0
20260427,758,267651,46,0
20260427,759,264140,45,0
20260427,760,266937,45,0
20260427,761,206060,45,0
20260427,762,220684,45,0
20260427,763,260042,45,0
20260427,764,215778,45,0
20260427,765,270061,45,0
20260427,766,260582,45,0
20260427,767,222330,44,0
20260427,768,221221,44,0
20260427,769,211544,44,0
20260427,770,239454,44,0
20260427,771,220645,44,0
20260427,772,201616,43,0
20260427,773,267428,43,0
20260427,774,222667,43,0
20260427,775,221509,43,0
20260427,776,223402,43,0
20260427,777,202693,43,0
20260427,778,263148,43,0
20260427,779,221568,43,0
20260427,780,201518,42,0
20260427,781,221624,42,0
20260427,782,222421,42,0
20260427,783,221474,42,0
20260427,784,215019,41,0
20260427,785,214935,41,0
20260427,786,222255,41,0
20260427,787,223373,41,0
20260427,788,222299,41,0
20260427,789,215966,41,0
20260427,790,267115,40,0
20260427,791,265688,40,0
20260427,792,216107,40,0
20260427,793,214540,40,0
20260427,794,222262,40,0
20260427,795,260003,40,0
20260427,796,220713,39,0
20260427,797,214020,39,0
20260427,798,269866,39,0
20260427,799,260845,39,0
20260427,800,260017,39,0
20260427,801,228910,39,0
20260427,802,223146,39,0
20260427,803,263995,38,0
20260427,804,211864,38,0
20260427,805,214877,38,0
20260427,806,260638,38,0
20260427,807,210158,38,0
20260427,808,267176,38,0
20260427,809,266509,38,0
20260427,810,264973,38,0
20260427,811,216256,38,0
20260427,812,211951,37,0
20260427,813,221195,37,0
20260427,814,223421,37,0
20260427,815,214934,37,0
20260427,816,216158,37,0
20260427,817,221219,37,0
20260427,818,203509,37,0
20260427,819,221585,37,0
20260427,820,202446,36,0
20260427,821,214535,36,0
20260427,822,260762,36,0
20260427,823,266851,36,0
20260427,824,266407,36,0
20260427,825,220875,36,0
20260427,826,266381,35,0
20260427,827,264151,35,0
20260427,828,215802,35,0
20260427,829,206335,35,0
20260427,830,259996,35,0
20260427,831,266771,35,0
20260427,832,260167,35,0
20260427,833,223326,35,0
20260427,834,221862,35,0
20260427,835,264167,35,0
20260427,836,220591,35,0
20260427,837,260277,35,0
20260427,838,214771,35,0
20260427,839,258192,35,0
20260427,840,239446,34,0
20260427,841,269864,34,0
20260427,842,210500,34,0
20260427,843,204309,34,0
20260427,844,266541,34,0
20260427,845,263980,34,0
20260427,846,215015,34,0
20260427,847,223418,34,0
20260427,848,260860,34,0
20260427,849,222668,34,0
20260427,850,202434,33,0
20260427,851,214696,33,0
20260427,852,230876,33,0
20260427,853,263974,33,0
20260427,854,221413,33,0
20260427,855,260062,33,0
20260427,856,221173,33,0
20260427,857,259965,33,0
20260427,858,201506,32,0
20260427,859,201540,32,0
20260427,860,202580,32,0
20260427,861,270195,32,0
20260427,862,260612,32,0
20260427,863,264085,32,0
20260427,864,211511,32,0
20260427,865,267400,32,0
20260427,866,210672,32,0
20260427,867,216316,32,0
20260427,868,266529,32,0
20260427,869,264131,32,0
20260427,870,206336,32,0
20260427,871,219979,32,0
20260427,872,234481,32,0
20260427,873,215693,31,0
20260427,874,253681,31,0
20260427,875,222028,31,0
20260427,876,264029,31,0
20260427,877,264978,31,0
20260427,878,270078,31,0
20260427,879,260279,31,0
20260427,880,222000,30,0
20260427,881,267104,30,0
20260427,882,223399,30,0
20260427,883,260767,30,0
20260427,884,263801,30,0
20260427,885,222239,29,0
20260427,886,268770,29,0
20260427,887,223080,29,0
20260427,888,215795,29,0
20260427,889,211796,29,0
20260427,890,211541,29,0
20260427,891,266455,28,0
20260427,892,202443,28,0
20260427,893,260226,28,0
20260427,894,239387,28,0
20260427,895,222367,28,0
20260427,896,235160,28,0
20260427,897,239453,28,0
20260427,898,220642,28,0
20260427,899,220825,27,0
20260427,900,260914,27,0
20260427,901,221929,27,0
20260427,902,259762,27,0
20260427,903,263677,27,0
20260427,904,270065,27,0
20260427,905,264069,27,0
20260427,906,220276,27,0
20260427,907,267841,27,0
20260427,908,223308,27,0
20260427,909,261957,26,0
20260427,910,264180,26,0
20260427,911,211921,26,0
20260427,912,220690,26,0
20260427,913,256686,26,0
20260427,914,221440,26,0
20260427,915,221741,26,0
20260427,916,220695,26,0
20260427,917,223404,26,0
20260427,918,216078,26,0
20260427,919,215177,26,0
20260427,920,266659,26,0
20260427,921,210913,25,0
20260427,922,222856,25,0
20260427,923,213721,25,0
20260427,924,260433,25,0
20260427,925,260374,25,0
20260427,926,215697,25,0
20260427,927,213948,25,0
20260427,928,214605,25,0
20260427,929,260528,25,0
20260427,930,222305,25,0
20260427,931,245079,25,0
20260427,932,214519,25,0
20260427,933,213541,24,0
20260427,934,223163,24,0
20260427,935,263808,24,0
20260427,936,213775,24,0
20260427,937,260100,24,0
20260427,938,266758,24,0
20260427,939,220493,24,0
20260427,940,202596,23,0
20260427,941,264962,23,0
20260427,942,261132,23,0
20260427,943,263751,23,0
20260427,944,220614,23,0
20260427,945,267409,23,0
20260427,946,265040,23,0
20260427,947,202916,23,0
20260427,948,253679,23,0
20260427,949,270165,23,0
20260427,950,215440,23,0
20260427,951,219331,23,0
20260427,952,215805,23,0
20260427,953,221542,23,0
20260427,954,259105,23,0
20260427,955,221210,22,0
20260427,956,239102,22,0
20260427,957,201582,22,0
20260427,958,214800,22,0
20260427,959,269259,22,0
20260427,960,260711,22,0
20260427,961,221150,22,0
20260427,962,211222,22,0
20260427,963,215879,22,0
20260427,964,221410,22,0
20260427,965,266645,22,0
20260427,966,260150,22,0
20260427,967,270320,22,0
20260427,968,221371,22,0
20260427,969,267422,22,0
20260427,970,222509,22,0
20260427,971,263622,22,0
20260427,972,216311,22,0
20260427,973,270125,22,0
20260427,974,264216,22,0
20260427,975,210645,22,0
20260427,976,261098,22,0
20260427,977,269253,21,0
20260427,978,259989,21,0
20260427,979,222225,21,0
20260427,980,221915,21,0
20260427,981,222762,21,0
20260427,982,220470,21,0
20260427,983,267022,21,0
20260427,984,270129,21,0
20260427,985,263687,21,0
20260427,986,252584,21,0
20260427,987,255662,21,0
20260427,988,241745,21,0
20260427,989,205815,20,0
20260427,990,202858,20,0
20260427,991,215096,20,0
20260427,992,214182,20,0
20260427,993,223375,20,0
20260427,994,270315,20,0
20260427,995,270181,20,0
20260427,996,223398,20,0
20260427,997,203537,20,0
20260427,998,266379,20,0
20260427,999,264150,20,0
20260427,1000,221139,20,0
20260504,1,214544,10110,19
20260504,2,214981,8555,23
20260504,3,216347,6948,19
20260504,4,221103,6749,19
20260504,5,202468,6136,21
20260504,6,216153,5985,20
20260504,7,259799,4181,21
20260504,8,211148,3722,20
20260504,9,239475,3531,21
20260504,10,202494,3530,15
20260504,11,214096,3318,18
20260504,12,202505,3090,19
20260504,13,222328,2999,23
20260504,14,206420,2669,26
20260504,15,216146,2507,19
20260504,16,211768,2341,20
20260504,17,260300,2235,21
20260504,18,220704,2030,23
20260504,19,201619,1946,19
20260504,20,223670,1946,25
20260504,21,214643,1895,24
20260504,22,210722,1858,21
20260504,23,220367,1851,28
20260504,24,214939,1758,22
20260504,25,221024,1747,26
20260504,26,213631,1651,24
20260504,27,201514,1595,25
20260504,28,211713,1437,27
20260504,29,215983,1435,28
20260504,30,221054,1430,23
20260504,31,213710,1406,26
20260504,32,221012,1405,14
20260504,33,216133,1401,27
20260504,34,233741,1380,26
20260504,35,215613,1377,25
20260504,36,211533,1369,21
20260504,37,239383,1360,20
20260504,38,215713,1355,21
20260504,39,211701,1342,22
20260504,40,222145,1317,29
20260504,41,220714,1290,26
20260504,42,223253,1285,29
20260504,43,222391,1268,16
20260504,44,214954,1263,14
20260504,45,211684,1263,24
20260504,46,201696,1250,19
20260504,47,206289,1238,24
20260504,48,238184,1231,18
20260504,49,220548,1211,21
20260504,50,220520,1204,25
20260504,51,222601,1186,24
20260504,52,215035,1175,25
20260504,53,206252,1156,17
20260504,54,213583,1086,35
20260504,55,202663,1084,24
20260504,56,222661,1057,21
20260504,57,263857,1044,31
20260504,58,214388,1043,27
20260504,59,222045,1041,27
20260504,60,211107,1036,25
20260504,61,219875,1032,24
20260504,62,221883,1021,30
20260504,63,216083,1018,26
20260504,64,221039,1007,27
20260504,65,220309,998,28
20260504,66,214082,987,24
20260504,67,211817,963,23
20260504,68,220716,940,29
20260504,69,238075,934,29
20260504,70,206368,933,13
20260504,71,215910,931,31
20260504,72,221333,924,23
20260504,73,201533,924,26
20260504,74,213550,922,26
20260504,75,213887,920,30
20260504,76,215872,919,33
20260504,77,201709,918,26
20260504,78,206242,904,26
20260504,79,219917,902,34
20260504,80,220332,901,23
20260504,81,220435,888,32
20260504,82,214040,880,30
20260504,83,215785,876,26
20260504,84,221407,871,27
20260504,85,215306,868,29
20260504,86,220662,868,29
20260504,87,211337,868,33
20260504,88,201548,867,26
20260504,89,202499,862,24
20260504,90,203530,854,26
20260504,91,215899,840,29
20260504,92,260172,836,17
20260504,93,211843,833,15
20260504,94,223360,831,21
20260504,95,220750,828,24
20260504,96,203501,824,12
20260504,97,215020,823,29
20260504,98,243420,804,30
20260504,99,222290,801,28
20260504,100,230870,789,26
20260504,101,215936,784,23
20260504,102,211651,781,21
20260504,103,221257,780,31
20260504,104,220465,761,27
20260504,105,221909,746,25
20260504,106,221307,740,23
20260504,107,215138,735,25
20260504,108,220348,730,26
20260504,109,220416,729,30
20260504,110,201499,727,16
20260504,111,223286,711,28
20260504,112,221985,701,31
20260504,113,216081,697,21
20260504,114,210886,693,29
20260504,115,206294,683,26
20260504,116,215219,683,21
20260504,117,222966,676,29
20260504,118,211685,675,28
20260504,119,213646,674,27
20260504,120,205925,664,25
20260504,121,211814,662,32
20260504,122,252499,657,26
20260504,123,221236,631,26
20260504,124,215480,630,30
20260504,125,221406,625,29
20260504,126,223194,609,30
20260504,127,206417,608,31
20260504,128,222233,601,16
20260504,129,263644,592,18
20260504,130,201662,590,7
20260504,131,221124,582,27
20260504,132,202684,574,22
20260504,133,214461,573,20
20260504,134,203389,572,11
20260504,135,211880,569,23
20260504,136,221237,565,28
20260504,137,215370,564,20
20260504,138,203514,560,31
20260504,139,259733,556,26
20260504,140,220722,553,31
20260504,141,221354,547,25
20260504,142,216016,536,19
20260504,143,213666,534,24
20260504,144,215337,534,17
20260504,145,236957,531,28
20260504,146,223321,527,30
20260504,147,201551,525,34
20260504,148,215037,522,28
20260504,149,223168,521,25
20260504,150,220466,520,17
20260504,151,210622,513,26
20260504,152,247669,511,22
20260504,153,214452,495,23
20260504,154,214593,495,27
20260504,155,222258,492,23
20260504,156,266671,492,21
20260504,157,221626,491,19
20260504,158,202600,484,26
20260504,159,239456,480,27
20260504,160,214119,479,22
20260504,161,236955,479,24
20260504,162,201478,477,33
20260504,163,222017,477,26
20260504,164,220742,475,29
20260504,165,223325,474,23
20260504,166,223333,472,31
20260504,167,215250,467,20
20260504,168,216097,465,27
20260504,169,220446,465,27
20260504,170,202604,464,34
20260504,171,215572,463,28
20260504,172,213889,460,22
20260504,173,214459,459,32
20260504,174,211279,450,25
20260504,175,216566,447,14
20260504,176,215453,441,30
20260504,177,221803,436,27
20260504,178,267439,435,26
20260504,179,259871,432,19
20260504,180,211316,423,28
20260504,181,220733,419,31
20260504,182,215946,418,26
20260504,183,259857,405,20
20260504,184,201593,399,6
20260504,185,211702,395,25
20260504,186,201621,393,29
20260504,187,213576,391,25
20260504,188,236972,391,20
20260504,189,215571,389,29
20260504,190,214236,388,34
20260504,191,211227,385,23
20260504,192,214254,383,30
20260504,193,215992,381,29
20260504,194,214646,379,29
20260504,195,220680,378,22
20260504,196,213525,377,13
20260504,197,211539,375,14
20260504,198,239436,374,30
20260504,199,204411,369,16
20260504,200,214181,368,26
20260504,1001,220614,20,6
20260504,1002,264150,20,6
20260504,1003,221463,20,7
20260504,1004,252586,20,7
20260504,1005,221139,20,7
20260504,1006,211541,20,8
20260504,1007,267431,20,9
20260504,1008,259981,20,9
20260504,1009,260224,20,9
20260504,1010,216078,20,9
20260504,1011,215712,20,13
20260504,1012,239390,19,9
20260504,1013,221410,19,10
20260504,1014,215696,19,12
20260504,1015,260297,19,4
20260504,1016,222202,19,5
20260504,1017,216340,19,5
20260504,1018,264073,19,5
20260504,1019,215492,19,7
20260504,1020,260871,19,7
20260504,1021,260777,19,7
20260504,1022,214398,19,9
20260504,1023,260261,19,9
20260504,1024,249659,19,11
20260504,1025,221740,19,11
20260504,1026,260323,19,12
20260504,1027,206335,18,1
20260504,1028,266651,18,6
20260504,1029,264975,18,2
20260504,1030,223160,18,2
20260504,1031,260306,18,3
20260504,1032,259576,18,4
20260504,1032,269275,18,4
20260504,1034,220470,18,4
20260504,1035,222367,18,5
20260504,1036,221396,18,5
20260504,1037,266720,18,6
20260504,1038,266765,18,6
20260504,1039,267449,18,8
20260504,1040,221203,18,8
20260504,1041,259854,18,9
20260504,1042,221055,18,9
20260504,1043,222177,18,10
20260504,1044,222294,18,10
20260504,1045,267932,18,11
20260504,1046,265207,17,6
20260504,1047,261964,17,10
20260504,1048,269710,17,2
20260504,1049,268787,17,3
20260504,1050,215697,17,5
20260504,1051,224485,17,6
20260504,1052,266523,17,6
20260504,1053,260398,17,7
20260504,1054,221736,17,7
20260504,1055,260828,17,8
20260504,1056,220048,17,9
20260504,1057,211043,16,8
20260504,1058,264961,16,6
20260504,1059,266722,16,7
20260504,1060,246476,16,9
20260504,1061,269954,16,2
20260504,1062,261133,16,8
20260504,1063,260842,16,2
20260504,1063,270322,16,2
20260504,1065,201481,16,3
20260504,1066,222602,16,4
20260504,1067,239474,16,5
20260504,1068,214901,16,6
20260504,1069,259797,16,6
20260504,1070,259907,16,7
20260504,1070,222213,16,7
20260504,1072,220551,16,7
20260504,1073,239449,16,8
20260504,1074,261082,16,8
20260504,1075,260185,16,8
20260504,1076,269254,16,9
20260504,1077,270262,15,1
20260504,1078,201565,15,3
20260504,1079,212043,15,8
20260504,1080,220297,15,8
20260504,1081,270100,15,4
20260504,1082,211021,15,1
20260504,1082,205964,15,1
20260504,1084,267534,15,2
20260504,1085,270091,15,4
20260504,1086,214784,15,4
20260504,1087,214746,15,5
20260504,1088,269772,15,5
20260504,1089,262883,15,5
20260504,1090,252519,15,6
20260504,1091,223284,15,7
20260504,1092,252582,15,7
20260504,1093,260717,15,7
20260504,1094,221310,15,7
20260504,1095,202387,15,7
20260504,1096,237465,15,8
20260504,1096,267425,15,8
20260504,1098,215467,15,8
20260504,1099,244079,15,9
20260504,1100,219444,15,9
20260504,1101,216381,15,12
20260504,1102,260400,15,12
20260504,1103,260580,14,2
20260504,1104,221441,14,5
20260504,1105,215721,14,8
20260504,1106,259713,14,4
20260504,1107,216225,14,6
20260504,1108,215802,14,6
20260504,1109,221069,14,9
20260504,1110,267180,14,4
20260504,1111,263981,14,4
20260504,1112,220564,14,5
20260504,1112,241715,14,5
20260504,1112,215970,14,5
20260504,1115,219872,14,5
20260504,1116,214503,14,6
20260504,1117,220689,14,6
20260504,1117,267927,14,6
20260504,1119,221258,14,8
20260504,1119,246518,14,8
20260504,1121,266795,14,8
20260504,1122,222748,14,9
20260504,1123,260556,14,9
20260504,1124,263676,14,10
20260504,1125,259739,13,8
20260504,1126,211407,13,2
20260504,1126,267616,13,2
20260504,1128,270204,13,2
20260504,1128,261278,13,2
20260504,1128,267920,13,2
20260504,1131,261008,13,3
20260504,1132,260631,13,4
20260504,1133,266629,13,4
20260504,1134,219983,13,4
20260504,1135,264280,13,4
20260504,1136,221377,13,5
20260504,1137,269734,13,5
20260504,1138,261968,13,5
20260504,1139,264505,13,6
20260504,1140,267734,13,6
20260504,1141,269835,13,6
20260504,1142,222035,13,6
20260504,1143,222376,13,6
20260504,1144,222734,13,7
20260504,1144,203370,13,7
20260504,1146,269801,13,7
20260504,1146,261104,13,7
20260504,1148,221158,13,7
20260504,1149,225861,13,8
20260504,1150,239126,13,8
20260504,1151,215735,12,7
20260504,1152,211285,12,7
20260504,1153,221933,12,8
20260504,1154,269704,12,3
20260504,1155,269872,12,7
20260504,1156,221688,12,1
20260504,1157,213976,12,2
20260504,1158,223159,12,2
20260504,1158,263865,12,2
20260504,1160,260926,12,3
20260504,1160,270132,12,3
20260504,1162,260693,12,3
20260504,1162,214019,12,3
20260504,1164,215236,12,4
20260504,1165,259590,12,4
20260504,1166,214460,12,5
20260504,1167,215926,12,6
20260504,1168,216315,12,6
20260504,1169,219874,12,7
20260504,1170,266374,12,7
20260504,1171,221013,12,7
20260504,1171,259113,12,7
20260504,1173,263889,12,8
20260504,1173,268772,12,8
20260504,1175,236968,12,9
20260504,1176,220563,12,11
20260504,1177,211592,11,7
20260504,1178,260827,11,1
20260504,1179,264510,11,2
20260504,1179,270089,11,2
20260504,1179,222557,11,2
20260504,1182,265628,11,3
20260504,1183,264107,11,4
20260504,1183,267540,11,4
20260504,1183,221025,11,4
20260504,1186,214450,11,4
20260504,1187,270274,11,4
20260504,1188,221913,11,5
20260504,1189,265020,11,5
20260504,1190,259623,11,5
20260504,1191,222215,11,6
20260504,1192,215854,11,6
20260504,1193,223411,11,6
20260504,1194,223435,11,7
20260504,1194,201691,11,7
20260504,1194,260583,11,7
20260504,1197,264226,11,7
20260504,1197,268778,11,7
20260504,1197,260085,11,7
20260504,1197,259998,11,7
20260504,1201,206161,11,7
20260504,1202,266549,11,9
20260504,1202,241735,11,9
20260504,1204,201616,10,6
20260504,1205,266383,10,4
20260504,1206,205562,10,7
20260504,1207,213830,10,7
20260504,1208,266378,10,2
20260504,1209,238209,10,2
20260504,1210,219965,10,3
20260504,1210,266476,10,3
20260504,1212,261073,10,3
20260504,1212,220436,10,3
20260504,1212,253665,10,3
20260504,1215,266819,10,3
20260504,1216,260604,10,4
20260504,1216,221621,10,4
20260504,1218,263940,10,4
20260504,1219,202478,10,4
20260504,1220,267387,10,5
20260504,1220,265713,10,5
20260504,1222,259914,10,5
20260504,1223,266533,10,5
20260504,1223,214277,10,5
20260504,1223,260455,10,5
20260504,1226,219754,10,5
20260504,1227,223198,10,6
20260504,1227,223153,10,6
20260504,1227,220394,10,6
20260504,1227,264114,10,6
20260504,1231,266409,10,6
20260504,1231,259964,10,6
20260504,1233,211600,10,7
20260504,1234,223389,10,7
20260504,1235,221315,10,7
20260504,1236,222613,10,8
20260504,1237,216405,10,8
20260504,1238,268781,9,4
20260504,1239,211779,9,6
20260504,1240,206205,9,8
20260504,1241,270302,9,6
20260504,1242,215085,9,3
20260504,1243,270266,9,3
20260504,1244,266543,9,4
20260504,1244,263625,9,4
20260504,1244,238068,9,4
20260504,1244,259849,9,4
20260504,1248,270194,9,4
20260504,1249,259769,9,5
20260504,1249,221940,9,5
20260504,1251,246484,9,5
20260504,1251,270281,9,5
20260504,1253,220512,9,5
20260504,1253,220286,9,5
20260504,1255,239484,9,6
20260504,1256,221524,9,7
20260504,1256,221771,9,7
20260504,1256,260378,9,7
20260504,1256,270115,9,7
20260504,1260,222158,9,7
20260504,1261,260715,9,8
20260504,1262,263775,8,5
20260504,1263,259104,8,4
20260504,1264,269943,8,3
20260504,1264,222377,8,3
20260504,1264,260839,8,3
20260504,1264,270087,8,3
20260504,1268,267441,8,3
20260504,1268,260159,8,3
20260504,1268,215144,8,3
20260504,1271,264063,8,3
20260504,1272,266406,8,4
20260504,1272,266467,8,4
20260504,1272,269267,8,4
20260504,1272,202639,8,4
20260504,1272,257898,8,4
20260504,1277,205492,8,4
20260504,1278,260122,8,4
20260504,1278,260091,8,4
20260504,1278,221371,8,4
20260504,1278,261094,8,4
20260504,1282,220469,8,5
20260504,1282,215161,8,5
20260504,1284,220633,8,5
20260504,1284,264252,8,5
20260504,1284,267723,8,5
20260504,1284,267722,8,5
20260504,1284,267435,8,5
20260504,1289,260742,8,6
20260504,1289,257881,8,6
20260504,1289,237467,8,6
20260504,1289,230120,8,6
20260504,1293,222318,8,6
20260504,1294,216156,8,7
20260504,1294,260774,8,7
20260504,1296,202440,7,4
20260504,1297,256710,7,7
20260504,1298,260888,7,4
20260504,1299,215222,7,7
20260504,1300,215956,7,3
20260504,1300,254760,7,3
20260504,1300,223161,7,3
20260504,1300,222838,7,3
20260504,1300,222847,7,3
20260504,1300,263890,7,3
20260504,1300,267473,7,3
20260504,1300,266686,7,3
20260504,1300,264275,7,3
20260504,1309,264215,7,3
20260504,1309,267423,7,3
20260504,1309,222061,7,3
20260504,1309,221214,7,3
20260504,1313,259719,7,4
20260504,1313,260204,7,4
20260504,1313,264138,7,4
20260504,1316,263706,7,4
20260504,1316,270186,7,4
20260504,1316,220289,7,4
20260504,1319,260881,7,5
20260504,1319,214974,7,5
20260504,1319,256682,7,5
20260504,1319,246485,7,5
20260504,1319,221083,7,5
20260504,1319,263717,7,5
20260504,1319,263701,7,5
20260504,1319,269906,7,5
20260504,1319,264966,7,5
20260504,1328,260993,7,5
20260504,1329,267695,7,7
20260504,1329,269757,7,7
20260504,1329,221197,7,7
20260504,1329,216140,7,7
20260504,1333,263978,6,4
20260504,1334,264986,6,6
20260504,1334,220422,6,6
20260504,1336,215043,6,4
20260504,1337,270133,6,6
20260504,1338,270047,6,3
20260504,1338,215647,6,3
20260504,1338,257867,6,3
20260504,1338,259987,6,3
20260504,1342,259608,6,3
20260504,1342,223356,6,3
20260504,1342,222637,6,3
20260504,1345,222309,6,4
20260504,1345,221515,6,4
20260504,1345,222332,6,4
20260504,1345,222274,6,4
20260504,1345,266492,6,4
20260504,1345,260066,6,4
20260504,1345,216092,6,4
20260504,1345,216073,6,4
20260504,1345,220772,6,4
20260504,1345,264198,6,4
20260504,1345,267465,6,4
20260504,1345,266805,6,4
20260504,1345,266781,6,4
20260504,1345,260962,6,4
20260504,1345,261129,6,4
20260504,1345,260792,6,4
20260504,1345,260503,6,4
20260504,1345,260653,6,4
20260504,1345,260373,6,4
20260504,1345,266532,6,4
20260504,1365,260393,6,5
20260504,1365,222161,6,5
20260504,1365,223352,6,5
20260504,1365,241018,6,5
20260504,1369,237481,6,6
20260504,1369,238071,6,6
20260504,1369,252494,6,6
20260504,1369,260723,6,6
20260504,1369,222520,6,6
20260504,1369,220071,6,6
20260504,1369,221269,6,6
20260504,1369,267408,6,6
20260504,1377,201399,5,4
20260504,1378,270350,5,3
20260504,1379,248660,5,4
20260504,1380,246489,5,3
20260504,1380,258195,5,3
20260504,1380,259887,5,3
20260504,1380,239172,5,3
20260504,1380,245076,5,3
20260504,1380,223214,5,3
20260504,1380,223397,5,3
20260504,1380,233729,5,3
20260504,1380,223452,5,3
20260504,1380,221923,5,3
20260504,1380,221963,5,3
20260504,1380,222623,5,3
20260504,1380,222606,5,3
20260504,1380,215174,5,3
20260504,1380,270203,5,3
20260504,1380,270237,5,3
20260504,1380,270164,5,3
20260504,1380,270383,5,3
20260504,1380,267748,5,3
20260504,1380,267462,5,3
20260504,1380,267671,5,3
20260504,1380,267424,5,3
20260504,1380,266713,5,3
20260504,1380,264243,5,3
20260504,1380,264248,5,3
20260504,1380,266372,5,3
20260504,1380,260974,5,3
20260504,1380,261021,5,3
20260504,1380,263766,5,3
20260504,1409,263809,5,4
20260504,1409,260893,5,4
20260504,1409,221346,5,4
20260504,1409,230121,5,4
20260504,1409,259803,5,4
20260504,1414,259569,5,5
20260504,1414,223416,5,5
20260504,1414,242450,5,5
20260504,1414,241003,5,5
20260504,1414,215430,5,5
20260504,1414,220492,5,5
20260504,1414,264229,5,5
20260504,1414,266593,5,5
20260504,1414,270207,5,5
20260504,1414,269753,5,5
20260504,1424,270380,4,4
20260504,1425,265610,4,4
20260504,1425,221988,4,4
20260504,1427,221222,4,3
20260504,1427,260178,4,3
20260504,1427,220687,4,3
20260504,1427,270154,4,3
20260504,1427,267083,4,3
20260504,1427,265015,4,3
20260504,1427,260464,4,3
20260504,1427,260674,4,3
20260504,1435,260387,4,4
20260504,1435,260779,4,4
20260504,1435,263838,4,4
20260504,1435,265195,4,4
20260504,1435,264998,4,4
20260504,1435,264068,4,4
20260504,1435,267493,4,4
20260504,1435,267732,4,4
20260504,1435,266700,4,4
20260504,1435,266849,4,4
20260504,1435,270066,4,4
20260504,1435,269937,4,4
20260504,1435,269769,4,4
20260504,1435,269773,4,4
20260504,1435,270258,4,4
20260504,1435,259763,4,4
20260504,1435,259614,4,4
20260504,1435,252565,4,4
20260504,1435,252487,4,4
20260504,1435,244077,4,4
20260504,1435,246480,4,4
20260504,1435,260479,4,4
20260504,1435,235155,4,4
20260504,1435,222180,4,4
20260504,1435,223006,4,4
20260504,1435,221520,4,4
20260504,1461,202453,3,3
20260504,1461,213596,3,3
20260504,1463,270481,3,3
20260504,1463,264086,3,3
20260504,1463,264242,3,3
20260504,1463,269948,3,3
20260504,1467,264079,3,3
20260504,1467,266892,3,3
20260504,1467,261092,3,3
20260504,1467,270463,3,3
20260504,1467,214694,3,3
20260504,1467,240163,3,3
20260504,1467,256711,3,3
20260504,1474,255666,3,3
20260504,1474,249668,3,3
20260504,1474,259990,3,3
20260504,1474,221979,3,3
20260504,1474,239157,3,3
20260504,1474,238084,3,3
20260504,1474,238205,3,3
20260504,1474,235154,3,3
20260504,1474,234223,3,3
20260504,1474,234506,3,3
20260504,1474,223071,3,3
20260504,1474,222866,3,3
20260504,1474,222845,3,3
20260504,1474,222659,3,3
20260504,1474,220790,3,3
20260504,1474,216198,3,3
20260504,1474,211208,3,3
20260504,1474,213898,3,3
20260504,1474,270139,3,3
20260504,1474,269775,3,3
20260504,1474,269718,3,3
20260504,1474,269732,3,3
20260504,1474,269797,3,3
20260504,1474,267937,3,3
20260504,1474,270039,3,3
20260504,1474,270109,3,3
20260504,1474,270117,3,3
20260504,1474,260957,3,3
20260504,1474,263866,3,3
20260504,1474,263666,3,3
20260504,1474,260709,3,3
20260504,1474,260443,3,3
20260504,1474,260622,3,3
20260504,1474,264139,3,3
20260504,1474,264980,3,3
20260504,1474,264270,3,3
20260504,1474,266772,3,3
20260504,1474,266463,3,3
20260504,1474,266591,3,3
20260504,201,223335,367,22
20260504,202,202493,364,34
20260504,203,220454,359,27
20260504,204,216055,356,26
20260504,205,260168,355,22
20260504,206,213873,347,33
20260504,207,220699,346,26
20260504,208,215988,346,32
20260504,209,214604,343,29
20260504,210,214906,343,22
20260504,211,204431,343,27
20260504,212,222980,343,20
20260504,213,216265,342,23
20260504,214,239389,333,27
20260504,215,201458,330,5
20260504,216,232447,327,22
20260504,217,213706,322,32
20260504,218,260203,322,21
20260504,219,214149,320,28
20260504,220,211552,317,27
20260504,221,214386,316,21
20260504,222,204419,314,24
20260504,223,214480,313,28
20260504,224,260664,313,18
20260504,225,214684,312,29
20260504,226,201545,311,14
20260504,227,201555,310,17
20260504,228,211635,308,27
20260504,229,214826,308,28
20260504,230,221209,308,24
20260504,231,221434,308,23
20260504,232,256684,307,18
20260504,233,260171,307,24
20260504,234,261972,305,18
20260504,235,222919,303,20
20260504,236,210303,302,33
20260504,237,221018,302,27
20260504,238,216074,296,22
20260504,239,214937,296,21
20260504,240,264149,295,25
20260504,241,206124,293,21
20260504,242,206007,290,32
20260504,243,223087,289,19
20260504,244,211920,288,22
20260504,245,220770,286,26
20260504,246,211344,282,31
20260504,247,221885,278,24
20260504,248,221911,277,34
20260504,249,221164,277,28
20260504,250,212303,275,34
20260504,251,221213,275,17
20260504,252,259685,274,20
20260504,253,213620,273,27
20260504,254,260598,270,30
20260504,255,215386,270,22
20260504,256,220554,269,19
20260504,257,256705,269,29
20260504,258,213767,266,21
20260504,259,222080,263,21
20260504,260,223323,263,31
20260504,261,221073,262,29
20260504,262,211643,262,23
20260504,263,211901,261,27
20260504,264,203463,260,23
20260504,265,221411,260,23
20260504,266,216367,259,27
20260504,267,239392,259,32
20260504,268,216139,259,28
20260504,269,215042,258,22
20260504,270,221243,258,21
20260504,271,223331,257,11
20260504,272,221178,257,24
20260504,273,266376,253,9
20260504,274,214919,252,26
20260504,275,261963,251,18
20260504,276,221512,251,16
20260504,277,203564,248,30
20260504,278,202662,248,23
20260504,279,215290,247,29
20260504,280,222156,246,21
20260504,281,214262,244,24
20260504,282,201606,243,10
20260504,283,213779,235,31
20260504,284,206430,235,25
20260504,285,211846,232,26
20260504,286,211095,231,11
20260504,287,246493,231,25
20260504,288,201483,229,25
20260504,289,222189,229,33
20260504,290,258199,227,31
20260504,291,204427,226,14
20260504,292,216213,226,22
20260504,293,215614,225,28
20260504,294,215062,224,15
20260504,295,216116,224,23
20260504,296,260581,223,27
20260504,297,221486,221,20
20260504,298,222296,219,8
20260504,299,260765,219,12
20260504,300,221099,219,30
20260504,301,260206,217,25
20260504,302,239438,216,20
20260504,303,222506,214,29
20260504,304,221004,214,21
20260504,305,211878,213,25
20260504,306,222965,213,21
20260504,307,206345,213,21
20260504,308,221382,212,26
20260504,309,220757,211,32
20260504,310,221362,211,16
20260504,311,238064,210,12
20260504,312,220589,210,18
20260504,313,221191,209,22
20260504,314,215807,208,28
20260504,315,221104,208,23
20260504,316,221220,207,25
20260504,317,259758,207,26
20260504,318,201610,205,15
20260504,319,201613,203,20
20260504,320,215077,202,27
20260504,321,201329,201,8
20260504,322,223410,201,24
20260504,323,221159,201,20
20260504,324,215996,200,20
20260504,325,260170,200,29
20260504,326,214081,200,12
20260504,327,215840,199,27
20260504,328,213908,198,21
20260504,329,222559,197,28
20260504,330,216385,196,14
20260504,331,236956,195,26
20260504,332,220432,195,23
20260504,333,260913,194,25
20260504,334,213544,193,12
20260504,335,206194,192,23
20260504,336,266622,191,22
20260504,337,215820,190,30
20260504,338,211844,189,24
20260504,339,221905,188,7
20260504,340,260761,188,11
20260504,341,221395,188,19
20260504,342,215501,187,20
20260504,343,222944,187,16
20260504,344,223302,187,20
20260504,345,239397,184,27
20260504,346,213949,183,27
20260504,347,215726,181,29
20260504,348,239476,181,20
20260504,349,206374,180,10
20260504,350,211342,180,19
20260504,351,246478,180,21
20260504,352,260951,179,13
20260504,353,202460,177,7
20260504,354,201586,177,15
20260504,355,256673,177,15
20260504,356,220735,176,19
20260504,357,221000,175,28
20260504,358,246481,175,21
20260504,359,221096,174,20
20260504,360,216324,174,21
20260504,361,213657,173,24
20260504,362,201585,172,12
20260504,363,206292,171,18
20260504,364,267420,171,19
20260504,365,221369,171,21
20260504,366,264075,170,14
20260504,367,214189,170,26
20260504,368,220718,170,19
20260504,369,220613,170,21
20260504,370,222675,168,16
20260504,371,213974,168,27
20260504,372,259794,167,21
20260504,373,203435,167,30
20260504,374,220489,166,28
20260504,375,221023,166,25
20260504,376,214301,165,21
20260504,377,252495,165,8
20260504,378,213789,165,24
20260504,379,210847,163,20
20260504,380,260006,163,24
20260504,381,206362,163,24
20260504,382,221242,161,19
20260504,383,220781,159,25
20260504,384,215592,159,24
20260504,385,201666,158,22
20260504,386,211874,157,21
20260504,387,203288,157,22
20260504,388,215878,157,23
20260504,389,202688,157,24
20260504,390,259853,157,20
20260504,391,214992,156,18
20260504,392,211529,156,20
20260504,393,260541,155,19
20260504,394,231639,154,11
20260504,395,221768,153,19
20260504,396,215588,153,26
20260504,397,261038,152,13
20260504,398,252587,151,33
20260504,399,211820,151,19
20260504,400,214546,151,29
20260504,401,254733,151,25
20260504,402,221187,150,21
20260504,403,219887,150,16
20260504,404,203281,149,23
20260504,405,215566,149,25
20260504,406,264187,149,22
20260504,407,220364,148,35
20260504,408,216095,147,30
20260504,409,221789,147,13
20260504,410,223415,145,27
20260504,411,221014,145,23
20260504,412,260510,145,19
20260504,413,215314,144,18
20260504,414,220673,144,24
20260504,415,262891,143,12
20260504,416,222397,143,16
20260504,417,221229,143,20
20260504,418,261049,141,24
20260504,419,220164,141,16
20260504,420,221259,141,17
20260504,421,232881,140,24
20260504,422,269714,140,9
20260504,423,202410,138,25
20260504,424,221020,138,20
20260504,425,221109,138,20
20260504,426,203475,137,14
20260504,427,231625,137,22
20260504,428,260514,136,20
20260504,429,215468,135,15
20260504,430,239156,135,20
20260504,431,252531,135,17
20260504,432,214521,134,28
20260504,433,213821,134,22
20260504,434,215550,133,16
20260504,435,221181,133,31
20260504,436,219625,132,20
20260504,437,222276,132,20
20260504,438,221945,131,23
20260504,439,259913,131,15
20260504,440,239442,130,23
20260504,441,215166,130,15
20260504,442,222092,130,22
20260504,443,222986,130,22
20260504,444,214653,129,19
20260504,445,264228,129,18
20260504,446,214862,128,16
20260504,447,220447,128,18
20260504,448,214418,128,18
20260504,449,216253,128,18
20260504,450,220502,127,20
20260504,451,222891,127,24
20260504,452,235159,126,20
20260504,453,214930,126,12
20260504,454,213837,125,16
20260504,455,216044,125,17
20260504,456,211756,125,9
20260504,457,222454,124,9
20260504,458,200748,123,10
20260504,459,213849,123,23
20260504,460,221265,123,18
20260504,461,215459,123,19
20260504,462,221364,123,20
20260504,463,220598,123,16
20260504,464,215898,122,23
20260504,465,214507,122,19
20260504,466,221031,122,21
20260504,467,221157,122,23
20260504,468,236967,122,20
20260504,469,214219,121,17
20260504,470,266800,121,13
20260504,471,259591,120,19
20260504,472,213753,120,16
20260504,473,211329,120,26
20260504,474,220306,119,19
20260504,475,221982,119,24
20260504,476,260565,119,16
20260504,477,220808,118,9
20260504,478,223141,118,20
20260504,479,264192,114,10
20260504,480,222171,114,20
20260504,481,216162,113,21
20260504,482,216331,112,20
20260504,483,215018,111,16
20260504,484,211646,111,20
20260504,485,260667,110,15
20260504,486,215398,110,23
20260504,487,204394,110,17
20260504,488,240998,110,9
20260504,489,213998,109,22
20260504,490,222273,109,18
20260504,491,269755,109,16
20260504,492,260539,109,18
20260504,493,223100,109,19
20260504,494,220827,108,18
20260504,495,252493,107,20
20260504,496,211719,107,16
20260504,497,213771,107,20
20260504,498,263881,107,21
20260504,499,215431,106,22
20260504,500,233742,106,28
20260504,501,221168,106,19
20260504,502,220351,105,20
20260504,503,213734,104,10
20260504,504,216579,104,20
20260504,505,216268,104,13
20260504,506,259883,103,10
20260504,507,211328,103,18
20260504,508,221443,103,18
20260504,509,202619,103,13
20260504,510,230880,103,18
20260504,511,215134,102,25
20260504,512,211809,102,14
20260504,513,247647,101,20
20260504,514,214741,101,17
20260504,515,244087,101,16
20260504,516,203354,100,19
20260504,517,206219,100,14
20260504,518,245077,100,23
20260504,519,203578,100,9
20260504,520,220513,100,17
20260504,521,265197,100,17
20260504,522,222369,99,25
20260504,523,215733,99,21
20260504,524,222859,99,19
20260504,525,211063,98,26
20260504,526,215971,98,21
20260504,527,252488,97,20
20260504,528,220842,97,9
20260504,529,214600,97,12
20260504,530,201554,96,12
20260504,531,259690,96,23
20260504,532,211411,95,6
20260504,533,214839,95,13
20260504,534,214091,95,18
20260504,535,264144,95,13
20260504,536,264227,94,12
20260504,537,216173,94,18
20260504,538,221657,94,18
20260504,539,222837,93,16
20260504,540,214238,93,21
20260504,541,260847,93,10
20260504,542,201549,92,5
20260504,543,213947,92,17
20260504,544,260647,92,18
20260504,545,266450,92,22
20260504,546,264967,91,14
20260504,547,216160,91,16
20260504,548,220496,91,25
20260504,549,216007,91,14
20260504,550,263872,90,13
20260504,551,203591,90,15
20260504,552,260142,90,10
20260504,553,260714,90,9
20260504,554,261015,90,16
20260504,555,221468,89,13
20260504,556,216076,89,13
20260504,557,260339,89,13
20260504,558,214271,89,16
20260504,559,219892,89,19
20260504,560,256712,89,20
20260504,561,221959,89,23
20260504,562,206255,88,10
20260504,563,211765,88,11
20260504,564,214505,88,12
20260504,565,215163,87,17
20260504,566,260737,87,13
20260504,567,220946,87,17
20260504,568,260141,87,23
20260504,569,260763,86,16
20260504,570,216051,85,19
20260504,571,260296,85,16
20260504,572,239158,85,19
20260504,573,213896,84,17
20260504,574,216186,84,17
20260504,575,221834,84,6
20260504,576,260446,84,17
20260504,577,215151,83,18
20260504,578,266864,83,10
20260504,579,221952,83,13
20260504,580,210537,83,18
20260504,581,260613,83,18
20260504,582,214779,82,15
20260504,583,259575,82,19
20260504,584,222390,82,14
20260504,585,261071,82,17
20260504,586,265701,81,11
20260504,587,254765,81,13
20260504,588,260708,81,16
20260504,589,266448,81,17
20260504,590,221116,80,8
20260504,591,221497,80,12
20260504,592,220891,80,23
20260504,593,220597,79,14
20260504,594,216075,79,13
20260504,595,203513,79,8
20260504,596,216013,79,11
20260504,597,214319,79,17
20260504,598,221914,79,19
20260504,599,215909,79,23
20260504,600,202672,78,27
20260504,601,267882,78,16
20260504,602,260490,78,17
20260504,603,221003,78,18
20260504,604,228909,78,18
20260504,605,260966,77,14
20260504,606,216062,77,13
20260504,607,206102,77,18
20260504,608,202921,77,10
20260504,609,260445,77,16
20260504,610,215545,77,16
20260504,611,211668,76,9
20260504,612,260368,76,12
20260504,613,202454,76,12
20260504,614,215472,76,18
20260504,615,215064,75,9
20260504,616,259916,75,8
20260504,617,215832,75,15
20260504,618,221473,75,8
20260504,619,230882,75,11
20260504,620,220453,75,15
20260504,621,221141,75,17
20260504,622,239393,75,17
20260504,623,266469,74,9
20260504,624,220550,74,12
20260504,625,237454,74,15
20260504,626,220672,74,19
20260504,627,206108,73,6
20260504,628,222297,73,12
20260504,629,257874,73,20
20260504,630,266431,73,14
20260504,631,252535,73,21
20260504,632,220560,72,17
20260504,633,213772,72,16
20260504,634,270058,72,8
20260504,635,206406,72,14
20260504,636,222878,72,13
20260504,637,220429,72,14
20260504,638,215259,71,14
20260504,639,223120,70,22
20260504,640,206248,70,15
20260504,641,269870,70,16
20260504,642,236980,70,18
20260504,643,214007,70,21
20260504,644,258191,70,21
20260504,645,221454,70,23
20260504,646,223203,69,8
20260504,647,263853,69,11
20260504,648,263909,69,11
20260504,649,202430,69,12
20260504,650,252509,69,13
20260504,651,215013,69,15
20260504,652,264140,67,10
20260504,653,213739,67,19
20260504,654,222458,67,16
20260504,655,241717,67,7
20260504,656,201520,66,5
20260504,657,259967,66,11
20260504,658,252571,66,19
20260504,659,221469,66,13
20260504,660,222037,66,6
20260504,661,222481,66,14
20260504,662,214212,66,16
20260504,663,260032,66,19
20260504,664,210138,65,17
20260504,665,206075,65,18
20260504,666,266901,65,12
20260504,667,254748,65,5
20260504,668,260338,65,8
20260504,669,214868,65,9
20260504,670,261097,65,18
20260504,671,213672,64,11
20260504,672,264064,64,16
20260504,673,214872,64,18
20260504,674,264207,64,19
20260504,675,267382,63,6
20260504,676,221994,63,21
20260504,677,221165,63,13
20260504,678,260694,63,15
20260504,679,233747,63,16
20260504,680,221773,63,16
20260504,681,234474,63,18
20260504,682,259567,62,15
20260504,683,216587,62,12
20260504,684,210526,62,12
20260504,685,201611,61,5
20260504,686,221247,61,9
20260504,687,211269,61,8
20260504,688,270080,61,9
20260504,689,260254,61,12
20260504,690,241714,61,13
20260504,691,263941,61,15
20260504,692,265692,61,16
20260504,693,201524,60,16
20260504,694,235161,60,7
20260504,695,260787,59,9
20260504,696,239386,59,12
20260504,697,221465,59,14
20260504,698,215921,59,12
20260504,699,220491,59,16
20260504,700,220997,59,16
20260504,701,203500,58,9
20260504,702,221370,58,16
20260504,703,266642,58,20
20260504,704,225854,57,18
20260504,705,263626,57,12
20260504,706,263869,56,13
20260504,707,204294,56,12
20260504,708,225850,56,11
20260504,709,260225,56,12
20260504,710,270061,56,13
20260504,711,221864,56,14
20260504,712,222346,56,15
20260504,713,220645,56,17
20260504,714,201614,55,4
20260504,715,220578,55,19
20260504,716,216038,55,23
20260504,717,270076,55,9
20260504,718,220740,55,12
20260504,719,215707,55,12
20260504,720,215806,54,14
20260504,721,215778,54,8
20260504,722,221086,53,6
20260504,723,221192,53,8
20260504,724,259754,53,10
20260504,725,269717,53,11
20260504,726,222347,53,13
20260504,727,220497,53,15
20260504,728,202536,52,6
20260504,729,202464,52,9
20260504,730,204223,52,16
20260504,731,221746,52,16
20260504,732,239422,52,7
20260504,733,215616,51,10
20260504,734,220875,51,10
20260504,735,260273,51,13
20260504,736,233718,50,7
20260504,737,220053,50,11
20260504,738,220494,50,14
20260504,739,220392,49,7
20260504,740,260766,49,11
20260504,741,221173,49,13
20260504,742,260848,48,14
20260504,743,264205,48,17
20260504,744,206060,48,9
20260504,745,269866,48,11
20260504,746,270082,48,5
20260504,747,260017,48,11
20260504,748,222421,48,11
20260504,749,260214,48,12
20260504,750,215505,48,14
20260504,751,216180,48,15
20260504,752,267115,47,16
20260504,753,225858,47,12
20260504,754,222330,47,10
20260504,755,259858,47,13
20260504,756,263148,47,14
20260504,757,260101,46,9
20260504,758,266682,46,8
20260504,759,221624,46,10
20260504,760,213551,46,11
20260504,761,221903,46,12
20260504,762,221062,46,12
20260504,763,214713,46,15
20260504,764,221509,46,9
20260504,765,221474,46,14
20260504,766,267651,46,19
20260504,767,266937,45,12
20260504,768,215019,45,12
20260504,769,220684,45,12
20260504,770,260042,45,6
20260504,771,222255,45,7
20260504,772,239454,45,16
20260504,773,260582,45,17
20260504,774,221568,45,21
20260504,775,245094,44,10
20260504,776,221221,44,10
20260504,777,264973,44,13
20260504,778,211544,44,14
20260504,779,267428,43,5
20260504,780,222667,43,15
20260504,781,223402,43,9
20260504,782,215015,43,10
20260504,783,202693,43,11
20260504,784,264085,42,7
20260504,785,222184,42,10
20260504,786,266851,41,7
20260504,787,223373,41,7
20260504,788,266407,41,8
20260504,789,266509,41,9
20260504,790,221886,41,11
20260504,791,222299,41,12
20260504,792,222262,41,14
20260504,793,215966,41,16
20260504,794,201518,40,4
20260504,795,265688,40,19
20260504,796,214935,40,11
20260504,797,266488,40,9
20260504,798,216107,40,12
20260504,799,223421,40,12
20260504,800,214540,40,12
20260504,801,221219,40,14
20260504,802,220713,39,10
20260504,803,210158,39,7
20260504,804,267176,39,8
20260504,805,260845,39,9
20260504,806,228910,39,13
20260504,807,260003,39,16
20260504,808,263995,38,9
20260504,809,211864,38,13
20260504,810,260638,38,6
20260504,811,264130,38,13
20260504,812,214909,38,8
20260504,813,223146,38,16
20260504,814,216256,38,16
20260504,815,253681,37,11
20260504,816,216316,37,8
20260504,817,221195,37,10
20260504,818,266529,37,11
20260504,819,216158,37,12
20260504,820,203509,37,13
20260504,821,202446,36,2
20260504,822,260762,36,13
20260504,823,210500,36,8
20260504,824,264029,36,11
20260504,825,214934,36,11
20260504,826,222028,36,12
20260504,827,266381,35,7
20260504,828,264151,35,4
20260504,829,214020,35,8
20260504,830,259996,35,8
20260504,831,266771,35,11
20260504,832,230876,35,11
20260504,833,269864,35,7
20260504,834,223326,35,7
20260504,835,221862,35,7
20260504,836,221413,35,9
20260504,837,260277,35,10
20260504,838,214771,35,10
20260504,839,258192,35,10
20260504,840,219979,35,14
20260504,841,239446,34,5
20260504,842,266541,34,9
20260504,843,263980,34,10
20260504,844,223418,34,11
20260504,845,260860,34,12
20260504,846,214696,33,6
20260504,847,220825,33,13
20260504,848,260914,33,14
20260504,849,263974,33,4
20260504,850,259762,33,5
20260504,851,260062,33,12
20260504,852,201540,32,6
20260504,853,211951,32,13
20260504,854,214877,32,7
20260504,855,270195,32,5
20260504,856,260612,32,9
20260504,857,211511,32,5
20260504,858,267400,32,5
20260504,859,270320,32,5
20260504,860,210672,32,7
20260504,861,206336,32,12
20260504,862,234481,32,14
20260504,863,221585,32,15
20260504,864,259965,32,16
20260504,865,202580,31,8
20260504,866,214535,31,8
20260504,867,215693,31,17
20260504,868,202443,31,9
20260504,869,204309,31,6
20260504,870,264131,31,9
20260504,871,264978,31,11
20260504,872,270078,31,12
20260504,873,263801,31,13
20260504,874,260279,31,14
20260504,875,201506,30,2
20260504,876,222000,30,12
20260504,877,210705,30,4
20260504,878,267104,30,5
20260504,879,223399,30,4
20260504,880,260767,30,7
20260504,881,222668,30,15
20260504,882,222239,29,10
20260504,883,264180,29,12
20260504,884,268770,29,1
20260504,885,270019,29,4
20260504,886,223080,29,6
20260504,887,264167,29,6
20260504,888,215795,29,6
20260504,889,220591,29,7
20260504,890,221440,29,7
20260504,891,221741,29,7
20260504,892,264069,29,10
20260504,893,260528,29,11
20260504,894,266455,28,14
20260504,895,269968,28,3
20260504,896,239387,28,4
20260504,897,259820,28,5
20260504,898,211796,28,6
20260504,899,267409,28,8
20260504,900,223404,28,9
20260504,901,235160,28,10
20260504,902,239453,28,15
20260504,903,202434,27,7
20260504,904,264962,27,9
20260504,905,222856,27,10
20260504,906,260226,27,9
20260504,907,221929,27,4
20260504,908,263677,27,6
20260504,909,270065,27,7
20260504,910,223308,27,12
20260504,911,220493,27,13
20260504,912,220642,27,14
20260504,913,269253,26,8
20260504,914,261957,26,10
20260504,915,211921,26,4
20260504,916,220690,26,5
20260504,917,223375,26,6
20260504,918,256686,26,6
20260504,919,266379,26,7
20260504,920,220695,26,7
20260504,921,220276,26,9
20260504,922,267841,26,10
20260504,923,215177,26,11
20260504,924,266659,26,13
20260504,925,266758,26,13
20260504,926,210913,25,11
20260504,927,213721,25,10
20260504,928,260374,25,5
20260504,929,213948,25,6
20260504,930,245079,25,11
20260504,931,260984,25,11
20260504,932,214519,25,13
20260504,933,263905,24,7
20260504,934,223163,24,10
20260504,935,263808,24,12
20260504,936,213775,24,5
20260504,937,221422,24,6
20260504,938,214605,24,8
20260504,939,260100,24,9
20260504,940,202596,23,8
20260504,941,261132,23,10
20260504,942,270159,23,5
20260504,943,263751,23,6
20260504,944,265040,23,8
20260504,945,202916,23,8
20260504,946,270129,23,9
20260504,947,253679,23,9
20260504,948,270165,23,10
20260504,949,215440,23,10
20260504,950,215805,23,11
20260504,951,221542,23,12
20260504,952,259105,23,13
20260504,953,221210,22,5
20260504,954,239102,22,3
20260504,955,214800,22,11
20260504,956,269259,22,5
20260504,957,260711,22,6
20260504,958,259989,22,7
20260504,959,221150,22,7
20260504,960,215879,22,11
20260504,961,266645,22,3
20260504,962,260150,22,3
20260504,963,221371,22,5
20260504,964,267422,22,5
20260504,965,222509,22,5
20260504,966,263622,22,6
20260504,967,216311,22,7
20260504,968,270125,22,7
20260504,969,264216,22,9
20260504,970,255662,22,10
20260504,971,215372,22,11
20260504,972,210645,22,12
20260504,973,261098,22,12
20260504,974,201582,21,7
20260504,975,213541,21,7
20260504,976,211222,21,7
20260504,977,222225,21,7
20260504,978,221915,21,10
20260504,979,222762,21,3
20260504,980,267022,21,6
20260504,981,263687,21,8
20260504,982,252584,21,8
20260504,983,261066,21,8
20260504,984,222305,21,9
20260504,985,241745,21,10
20260504,986,239160,21,11
20260504,986,219331,21,11
20260504,988,221148,21,11
20260504,989,205815,20,1
20260504,990,220887,20,10
20260504,991,260433,20,13
20260504,992,202858,20,2
20260504,993,215096,20,2
20260504,994,214182,20,3
20260504,995,270449,20,4
20260504,996,270315,20,4
20260504,997,260167,20,4
20260504,998,270181,20,5
20260504,999,223398,20,5
20260504,1000,203537,20,5
20260511,1,214544,10110,0
20260511,2,214981,8555,0
20260511,3,216347,6948,0
20260511,4,221103,6749,0
20260511,5,202468,6136,0
20260511,6,216153,5985,0
20260511,7,259799,4181,0
20260511,8,211148,3722,0
20260511,9,239475,3531,0
20260511,10,202494,3530,0
20260511,11,214096,3318,0
20260511,12,202505,3090,0
20260511,13,222328,2999,0
20260511,14,206420,2669,0
20260511,15,216146,2507,0
20260511,16,211768,2341,0
20260511,17,260300,2235,0
20260511,18,220704,2030,0
20260511,19,201619,1946,0
20260511,20,223670,1946,0
20260511,21,214643,1895,0
20260511,22,210722,1858,0
20260511,23,220367,1851,0
20260511,24,214939,1758,0
20260511,25,221024,1747,0
20260511,26,213631,1651,0
20260511,27,201514,1595,0
20260511,28,211713,1437,0
20260511,29,215983,1435,0
20260511,30,221054,1430,0
20260511,31,213710,1406,0
20260511,32,221012,1405,0
20260511,33,216133,1401,0
20260511,34,233741,1380,0
20260511,35,215613,1377,0
20260511,36,211533,1369,0
20260511,37,239383,1360,0
20260511,38,215713,1355,0
20260511,39,211701,1342,0
20260511,40,222145,1317,0
20260511,41,220714,1290,0
20260511,42,223253,1285,0
20260511,43,222391,1268,0
20260511,44,214954,1263,0
20260511,45,211684,1263,0
20260511,46,201696,1250,0
20260511,47,206289,1238,0
20260511,48,238184,1231,0
20260511,49,220548,1211,0
20260511,50,220520,1204,0
20260511,51,222601,1186,0
20260511,52,215035,1175,0
20260511,53,206252,1156,0
20260511,54,213583,1086,0
20260511,55,202663,1084,0
20260511,56,222661,1057,0
20260511,57,263857,1044,0
20260511,58,214388,1043,0
20260511,59,222045,1041,0
20260511,60,211107,1036,0
20260511,61,219875,1032,0
20260511,62,221883,1021,0
20260511,63,216083,1018,0
20260511,64,221039,1007,0
20260511,65,220309,998,0
20260511,66,214082,987,0
20260511,67,211817,963,0
20260511,68,220716,940,0
20260511,69,238075,934,0
20260511,70,206368,933,0
20260511,71,215910,931,0
20260511,72,221333,924,0
20260511,73,201533,924,0
20260511,74,213550,922,0
20260511,75,213887,920,0
20260511,76,215872,919,0
20260511,77,201709,918,0
20260511,78,206242,904,0
20260511,79,219917,902,0
20260511,80,220332,901,0
20260511,81,220435,888,0
20260511,82,214040,880,0
20260511,83,215785,876,0
20260511,84,221407,871,0
20260511,85,215306,868,0
20260511,86,220662,868,0
20260511,87,211337,868,0
20260511,88,201548,867,0
20260511,89,202499,862,0
20260511,90,203530,854,0
20260511,91,215899,840,0
20260511,92,260172,836,0
20260511,93,211843,833,0
20260511,94,223360,831,0
20260511,95,220750,828,0
20260511,96,203501,824,0
20260511,97,215020,823,0
20260511,98,243420,804,0
20260511,99,222290,801,0
20260511,100,230870,789,0
20260511,101,215936,784,0
20260511,102,211651,781,0
20260511,103,221257,780,0
20260511,104,220465,761,0
20260511,105,221909,746,0
20260511,106,221307,740,0
20260511,107,215138,735,0
20260511,108,220348,730,0
20260511,109,220416,729,0
20260511,110,201499,727,0
20260511,111,223286,711,0
20260511,112,221985,701,0
20260511,113,216081,697,0
20260511,114,210886,693,0
20260511,115,206294,683,0
20260511,116,215219,683,0
20260511,117,222966,676,0
20260511,118,211685,675,0
20260511,119,213646,674,0
20260511,120,205925,664,0
20260511,121,211814,662,0
20260511,122,252499,657,0
20260511,123,221236,631,0
20260511,124,215480,630,0
20260511,125,221406,625,0
20260511,126,223194,609,0
20260511,127,206417,608,0
20260511,128,222233,601,0
20260511,129,263644,592,0
20260511,130,201662,590,0
20260511,131,221124,582,0
20260511,132,202684,574,0
20260511,133,214461,573,0
20260511,134,203389,572,0
20260511,135,211880,569,0
20260511,136,221237,565,0
20260511,137,215370,564,0
20260511,138,203514,560,0
20260511,139,259733,556,0
20260511,140,220722,553,0
20260511,141,221354,547,0
20260511,142,216016,536,0
20260511,143,213666,534,0
20260511,144,215337,534,0
20260511,145,236957,531,0
20260511,146,223321,527,0
20260511,147,201551,525,0
20260511,148,215037,522,0
20260511,149,223168,521,0
20260511,150,220466,520,0
20260511,151,210622,513,0
20260511,152,247669,511,0
20260511,153,214452,495,0
20260511,154,214593,495,0
20260511,155,222258,492,0
20260511,156,266671,492,0
20260511,157,221626,491,0
20260511,158,202600,484,0
20260511,159,239456,480,0
20260511,160,214119,479,0
20260511,161,236955,479,0
20260511,162,201478,477,0
20260511,163,222017,477,0
20260511,164,220742,475,0
20260511,165,223325,474,0
20260511,166,223333,472,0
20260511,167,215250,467,0
20260511,168,216097,465,0
20260511,169,220446,465,0
20260511,170,202604,464,0
20260511,171,215572,463,0
20260511,172,213889,460,0
20260511,173,214459,459,0
20260511,174,211279,450,0
20260511,175,216566,447,0
20260511,176,215453,441,0
20260511,177,221803,436,0
20260511,178,267439,435,0
20260511,179,259871,432,0
20260511,180,211316,423,0
20260511,181,220733,419,0
20260511,182,215946,418,0
20260511,183,259857,405,0
20260511,184,201593,399,0
20260511,185,211702,395,0
20260511,186,201621,393,0
20260511,187,213576,391,0
20260511,188,236972,391,0
20260511,189,215571,389,0
20260511,190,214236,388,0
20260511,191,211227,385,0
20260511,192,214254,383,0
20260511,193,215992,381,0
20260511,194,214646,379,0
20260511,195,220680,378,0
20260511,196,213525,377,0
20260511,197,211539,375,0
20260511,198,239436,374,0
20260511,199,204411,369,0
20260511,200,214181,368,0
20260511,1001,220614,20,0
20260511,1002,264150,20,0
20260511,1003,221463,20,0
20260511,1004,252586,20,0
20260511,1005,221139,20,0
20260511,1006,211541,20,0
20260511,1007,267431,20,0
20260511,1008,259981,20,0
20260511,1009,260224,20,0
20260511,1010,216078,20,0
20260511,1011,215712,20,0
20260511,1012,239390,19,0
20260511,1013,221410,19,0
20260511,1014,215696,19,0
20260511,1015,260297,19,0
20260511,1016,222202,19,0
20260511,1017,216340,19,0
20260511,1018,264073,19,0
20260511,1019,215492,19,0
20260511,1020,260871,19,0
20260511,1021,260777,19,0
20260511,1022,214398,19,0
20260511,1023,260261,19,0
20260511,1024,249659,19,0
20260511,1025,221740,19,0
20260511,1026,260323,19,0
20260511,1027,206335,18,0
20260511,1028,266651,18,0
20260511,1029,264975,18,0
20260511,1030,223160,18,0
20260511,1031,260306,18,0
20260511,1032,259576,18,0
20260511,1032,269275,18,0
20260511,1034,220470,18,0
20260511,1035,222367,18,0
20260511,1036,221396,18,0
20260511,1037,266720,18,0
20260511,1038,266765,18,0
20260511,1039,267449,18,0
20260511,1040,221203,18,0
20260511,1041,259854,18,0
20260511,1042,221055,18,0
20260511,1043,222177,18,0
20260511,1044,222294,18,0
20260511,1045,267932,18,0
20260511,1046,265207,17,0
20260511,1047,261964,17,0
20260511,1048,269710,17,0
20260511,1049,268787,17,0
20260511,1050,215697,17,0
20260511,1051,224485,17,0
20260511,1052,266523,17,0
20260511,1053,260398,17,0
20260511,1054,221736,17,0
20260511,1055,260828,17,0
20260511,1056,220048,17,0
20260511,1057,211043,16,0
20260511,1058,264961,16,0
20260511,1059,266722,16,0
20260511,1060,246476,16,0
20260511,1061,269954,16,0
20260511,1062,261133,16,0
20260511,1063,260842,16,0
20260511,1063,270322,16,0
20260511,1065,201481,16,0
20260511,1066,222602,16,0
20260511,1067,239474,16,0
20260511,1068,214901,16,0
20260511,1069,259797,16,0
20260511,1070,259907,16,0
20260511,1070,222213,16,0
20260511,1072,220551,16,0
20260511,1073,239449,16,0
20260511,1074,261082,16,0
20260511,1075,260185,16,0
20260511,1076,269254,16,0
20260511,1077,270262,15,0
20260511,1078,201565,15,0
20260511,1079,212043,15,0
20260511,1080,220297,15,0
20260511,1081,270100,15,0
20260511,1082,211021,15,0
20260511,1082,205964,15,0
20260511,1084,267534,15,0
20260511,1085,270091,15,0
20260511,1086,214784,15,0
20260511,1087,214746,15,0
20260511,1088,269772,15,0
20260511,1089,262883,15,0
20260511,1090,252519,15,0
20260511,1091,223284,15,0
20260511,1092,252582,15,0
20260511,1093,260717,15,0
20260511,1094,221310,15,0
20260511,1095,202387,15,0
20260511,1096,237465,15,0
20260511,1096,267425,15,0
20260511,1098,215467,15,0
20260511,1099,244079,15,0
20260511,1100,219444,15,0
20260511,1101,216381,15,0
20260511,1102,260400,15,0
20260511,1103,260580,14,0
20260511,1104,221441,14,0
20260511,1105,215721,14,0
20260511,1106,259713,14,0
20260511,1107,216225,14,0
20260511,1108,215802,14,0
20260511,1109,221069,14,0
20260511,1110,267180,14,0
20260511,1111,263981,14,0
20260511,1112,220564,14,0
20260511,1112,241715,14,0
20260511,1112,215970,14,0
20260511,1115,219872,14,0
20260511,1116,214503,14,0
20260511,1117,220689,14,0
20260511,1117,267927,14,0
20260511,1119,221258,14,0
20260511,1119,246518,14,0
20260511,1121,266795,14,0
20260511,1122,222748,14,0
20260511,1123,260556,14,0
20260511,1124,263676,14,0
20260511,1125,259739,13,0
20260511,1126,211407,13,0
20260511,1126,267616,13,0
20260511,1128,270204,13,0
20260511,1128,261278,13,0
20260511,1128,267920,13,0
20260511,1131,261008,13,0
20260511,1132,260631,13,0
20260511,1133,266629,13,0
20260511,1134,219983,13,0
20260511,1135,264280,13,0
20260511,1136,221377,13,0
20260511,1137,269734,13,0
20260511,1138,261968,13,0
20260511,1139,264505,13,0
20260511,1140,267734,13,0
20260511,1141,269835,13,0
20260511,1142,222035,13,0
20260511,1143,222376,13,0
20260511,1144,222734,13,0
20260511,1144,203370,13,0
20260511,1146,269801,13,0
20260511,1146,261104,13,0
20260511,1148,221158,13,0
20260511,1149,225861,13,0
20260511,1150,239126,13,0
20260511,1151,215735,12,0
20260511,1152,211285,12,0
20260511,1153,221933,12,0
20260511,1154,269704,12,0
20260511,1155,269872,12,0
20260511,1156,221688,12,0
20260511,1157,213976,12,0
20260511,1158,223159,12,0
20260511,1158,263865,12,0
20260511,1160,260926,12,0
20260511,1160,270132,12,0
20260511,1162,260693,12,0
20260511,1162,214019,12,0
20260511,1164,215236,12,0
20260511,1165,259590,12,0
20260511,1166,214460,12,0
20260511,1167,215926,12,0
20260511,1168,216315,12,0
20260511,1169,219874,12,0
20260511,1170,266374,12,0
20260511,1171,221013,12,0
20260511,1171,259113,12,0
20260511,1173,263889,12,0
20260511,1173,268772,12,0
20260511,1175,236968,12,0
20260511,1176,220563,12,0
20260511,1177,211592,11,0
20260511,1178,260827,11,0
20260511,1179,264510,11,0
20260511,1179,270089,11,0
20260511,1179,222557,11,0
20260511,1182,265628,11,0
20260511,1183,264107,11,0
20260511,1183,267540,11,0
20260511,1183,221025,11,0
20260511,1186,214450,11,0
20260511,1187,270274,11,0
20260511,1188,221913,11,0
20260511,1189,265020,11,0
20260511,1190,259623,11,0
20260511,1191,222215,11,0
20260511,1192,215854,11,0
20260511,1193,223411,11,0
20260511,1194,223435,11,0
20260511,1194,201691,11,0
20260511,1194,260583,11,0
20260511,1197,264226,11,0
20260511,1197,268778,11,0
20260511,1197,260085,11,0
20260511,1197,259998,11,0
20260511,1201,206161,11,0
20260511,1202,266549,11,0
20260511,1202,241735,11,0
20260511,1204,201616,10,0
20260511,1205,266383,10,0
20260511,1206,205562,10,0
20260511,1207,213830,10,0
20260511,1208,266378,10,0
20260511,1209,238209,10,0
20260511,1210,219965,10,0
20260511,1210,266476,10,0
20260511,1212,261073,10,0
20260511,1212,220436,10,0
20260511,1212,253665,10,0
20260511,1215,266819,10,0
20260511,1216,260604,10,0
20260511,1216,221621,10,0
20260511,1218,263940,10,0
20260511,1219,202478,10,0
20260511,1220,267387,10,0
20260511,1220,265713,10,0
20260511,1222,259914,10,0
20260511,1223,266533,10,0
20260511,1223,214277,10,0
20260511,1223,260455,10,0
20260511,1226,219754,10,0
20260511,1227,223198,10,0
20260511,1227,223153,10,0
20260511,1227,220394,10,0
20260511,1227,264114,10,0
20260511,1231,266409,10,0
20260511,1231,259964,10,0
20260511,1233,211600,10,0
20260511,1234,223389,10,0
20260511,1235,221315,10,0
20260511,1236,222613,10,0
20260511,1237,216405,10,0
20260511,1238,268781,9,0
20260511,1239,211779,9,0
20260511,1240,206205,9,0
20260511,1241,270302,9,0
20260511,1242,215085,9,0
20260511,1243,270266,9,0
20260511,1244,266543,9,0
20260511,1244,263625,9,0
20260511,1244,238068,9,0
20260511,1244,259849,9,0
20260511,1248,270194,9,0
20260511,1249,259769,9,0
20260511,1249,221940,9,0
20260511,1251,246484,9,0
20260511,1251,270281,9,0
20260511,1253,220512,9,0
20260511,1253,220286,9,0
20260511,1255,239484,9,0
20260511,1256,221524,9,0
20260511,1256,221771,9,0
20260511,1256,260378,9,0
20260511,1256,270115,9,0
20260511,1260,222158,9,0
20260511,1261,260715,9,0
20260511,1262,263775,8,0
20260511,1263,259104,8,0
20260511,1264,269943,8,0
20260511,1264,222377,8,0
20260511,1264,260839,8,0
20260511,1264,270087,8,0
20260511,1268,267441,8,0
20260511,1268,260159,8,0
20260511,1268,215144,8,0
20260511,1271,264063,8,0
20260511,1272,266406,8,0
20260511,1272,266467,8,0
20260511,1272,269267,8,0
20260511,1272,202639,8,0
20260511,1272,257898,8,0
20260511,1277,205492,8,0
20260511,1278,260122,8,0
20260511,1278,260091,8,0
20260511,1278,221371,8,0
20260511,1278,261094,8,0
20260511,1282,220469,8,0
20260511,1282,215161,8,0
20260511,1284,220633,8,0
20260511,1284,264252,8,0
20260511,1284,267723,8,0
20260511,1284,267722,8,0
20260511,1284,267435,8,0
20260511,1289,260742,8,0
20260511,1289,257881,8,0
20260511,1289,237467,8,0
20260511,1289,230120,8,0
20260511,1293,222318,8,0
20260511,1294,216156,8,0
20260511,1294,260774,8,0
20260511,1296,202440,7,0
20260511,1297,256710,7,0
20260511,1298,260888,7,0
20260511,1299,215222,7,0
20260511,1300,215956,7,0
20260511,1300,254760,7,0
20260511,1300,223161,7,0
20260511,1300,222838,7,0
20260511,1300,222847,7,0
20260511,1300,263890,7,0
20260511,1300,267473,7,0
20260511,1300,266686,7,0
20260511,1300,264275,7,0
20260511,1309,264215,7,0
20260511,1309,267423,7,0
20260511,1309,222061,7,0
20260511,1309,221214,7,0
20260511,1313,259719,7,0
20260511,1313,260204,7,0
20260511,1313,264138,7,0
20260511,1316,263706,7,0
20260511,1316,270186,7,0
20260511,1316,220289,7,0
20260511,1319,260881,7,0
20260511,1319,214974,7,0
20260511,1319,256682,7,0
20260511,1319,246485,7,0
20260511,1319,221083,7,0
20260511,1319,263717,7,0
20260511,1319,263701,7,0
20260511,1319,269906,7,0
20260511,1319,264966,7,0
20260511,1328,260993,7,0
20260511,1329,267695,7,0
20260511,1329,269757,7,0
20260511,1329,221197,7,0
20260511,1329,216140,7,0
20260511,1333,263978,6,0
20260511,1334,264986,6,0
20260511,1334,220422,6,0
20260511,1336,215043,6,0
20260511,1337,270133,6,0
20260511,1338,270047,6,0
20260511,1338,215647,6,0
20260511,1338,257867,6,0
20260511,1338,259987,6,0
20260511,1342,259608,6,0
20260511,1342,223356,6,0
20260511,1342,222637,6,0
20260511,1345,222309,6,0
20260511,1345,221515,6,0
20260511,1345,222332,6,0
20260511,1345,222274,6,0
20260511,1345,266492,6,0
20260511,1345,260066,6,0
20260511,1345,216092,6,0
20260511,1345,216073,6,0
20260511,1345,220772,6,0
20260511,1345,264198,6,0
20260511,1345,267465,6,0
20260511,1345,266805,6,0
20260511,1345,266781,6,0
20260511,1345,260962,6,0
20260511,1345,261129,6,0
20260511,1345,260792,6,0
20260511,1345,260503,6,0
20260511,1345,260653,6,0
20260511,1345,260373,6,0
20260511,1345,266532,6,0
20260511,1365,260393,6,0
20260511,1365,222161,6,0
20260511,1365,223352,6,0
20260511,1365,241018,6,0
20260511,1369,237481,6,0
20260511,1369,238071,6,0
20260511,1369,252494,6,0
20260511,1369,260723,6,0
20260511,1369,222520,6,0
20260511,1369,220071,6,0
20260511,1369,221269,6,0
20260511,1369,267408,6,0
20260511,1377,201399,5,0
20260511,1378,267525,5,0
20260511,1378,270350,5,0
20260511,1380,248660,5,0
20260511,1381,246489,5,0
20260511,1381,258195,5,0
20260511,1381,259887,5,0
20260511,1381,239172,5,0
20260511,1381,245076,5,0
20260511,1381,223214,5,0
20260511,1381,223397,5,0
20260511,1381,233729,5,0
20260511,1381,223452,5,0
20260511,1381,221923,5,0
20260511,1381,221963,5,0
20260511,1381,222623,5,0
20260511,1381,222606,5,0
20260511,1381,215174,5,0
20260511,1381,270203,5,0
20260511,1381,270237,5,0
20260511,1381,270164,5,0
20260511,1381,270383,5,0
20260511,1381,267748,5,0
20260511,1381,267462,5,0
20260511,1381,267671,5,0
20260511,1381,267424,5,0
20260511,1381,266713,5,0
20260511,1381,264243,5,0
20260511,1381,264248,5,0
20260511,1381,266372,5,0
20260511,1381,260974,5,0
20260511,1381,261021,5,0
20260511,1381,263766,5,0
20260511,1410,263809,5,0
20260511,1410,260893,5,0
20260511,1410,221346,5,0
20260511,1410,230121,5,0
20260511,1410,259803,5,0
20260511,1415,259569,5,0
20260511,1415,223416,5,0
20260511,1415,242450,5,0
20260511,1415,241003,5,0
20260511,1415,215430,5,0
20260511,1415,220492,5,0
20260511,1415,264229,5,0
20260511,1415,266593,5,0
20260511,1415,270207,5,0
20260511,1415,269753,5,0
20260511,1425,270380,4,0
20260511,1426,265610,4,0
20260511,1426,221988,4,0
20260511,1428,221222,4,0
20260511,1428,260178,4,0
20260511,1428,220687,4,0
20260511,1428,270154,4,0
20260511,1428,267083,4,0
20260511,1428,265015,4,0
20260511,1428,260464,4,0
20260511,1428,260674,4,0
20260511,1436,260387,4,0
20260511,1436,260779,4,0
20260511,1436,263838,4,0
20260511,1436,265195,4,0
20260511,1436,264998,4,0
20260511,1436,264068,4,0
20260511,1436,267493,4,0
20260511,1436,267732,4,0
20260511,1436,266700,4,0
20260511,1436,266849,4,0
20260511,1436,270066,4,0
20260511,1436,269937,4,0
20260511,1436,269769,4,0
20260511,1436,269773,4,0
20260511,1436,270258,4,0
20260511,1436,259763,4,0
20260511,1436,259614,4,0
20260511,1436,252565,4,0
20260511,1436,252487,4,0
20260511,1436,244077,4,0
20260511,1436,246480,4,0
20260511,1436,260479,4,0
20260511,1436,235155,4,0
20260511,1436,222180,4,0
20260511,1436,223006,4,0
20260511,1436,221520,4,0
20260511,1462,202453,3,0
20260511,1462,213596,3,0
20260511,1464,270481,3,0
20260511,1464,264086,3,0
20260511,1464,264242,3,0
20260511,1464,269948,3,0
20260511,1468,264079,3,0
20260511,1468,266892,3,0
20260511,1468,261092,3,0
20260511,1468,270463,3,0
20260511,1468,214694,3,0
20260511,1468,240163,3,0
20260511,1468,256711,3,0
20260511,1475,255666,3,0
20260511,1475,249668,3,0
20260511,1475,259990,3,0
20260511,1475,221979,3,0
20260511,1475,239157,3,0
20260511,1475,238084,3,0
20260511,1475,238205,3,0
20260511,1475,235154,3,0
20260511,1475,234223,3,0
20260511,1475,234506,3,0
20260511,1475,223071,3,0
20260511,1475,222866,3,0
20260511,1475,222845,3,0
20260511,1475,222659,3,0
20260511,1475,220790,3,0
20260511,1475,216198,3,0
20260511,1475,211208,3,0
20260511,1475,213898,3,0
20260511,1475,270139,3,0
20260511,1475,269775,3,0
20260511,1475,269718,3,0
20260511,1475,269732,3,0
20260511,1475,269797,3,0
20260511,1475,267937,3,0
20260511,1475,270039,3,0
20260511,1475,270109,3,0
20260511,1475,270117,3,0
20260511,1475,260957,3,0
20260511,1475,263866,3,0
20260511,1475,263666,3,0
20260511,1475,260709,3,0
20260511,1475,260443,3,0
20260511,1475,260622,3,0
20260511,1475,264139,3,0
20260511,1475,264980,3,0
20260511,1475,264270,3,0
20260511,1475,266772,3,0
20260511,1475,266463,3,0
20260511,1475,266591,3,0
20260511,201,223335,367,0
20260511,202,202493,364,0
20260511,203,220454,359,0
20260511,204,216055,356,0
20260511,205,260168,355,0
20260511,206,213873,347,0
20260511,207,220699,346,0
20260511,208,215988,346,0
20260511,209,214604,343,0
20260511,210,214906,343,0
20260511,211,204431,343,0
20260511,212,222980,343,0
20260511,213,216265,342,0
20260511,214,239389,333,0
20260511,215,201458,330,0
20260511,216,232447,327,0
20260511,217,213706,322,0
20260511,218,260203,322,0
20260511,219,214149,320,0
20260511,220,211552,317,0
20260511,221,214386,316,0
20260511,222,204419,314,0
20260511,223,214480,313,0
20260511,224,260664,313,0
20260511,225,214684,312,0
20260511,226,201545,311,0
20260511,227,201555,310,0
20260511,228,211635,308,0
20260511,229,214826,308,0
20260511,230,221209,308,0
20260511,231,221434,308,0
20260511,232,256684,307,0
20260511,233,260171,307,0
20260511,234,261972,305,0
20260511,235,222919,303,0
20260511,236,210303,302,0
20260511,237,221018,302,0
20260511,238,216074,296,0
20260511,239,214937,296,0
20260511,240,264149,295,0
20260511,241,206124,293,0
20260511,242,206007,290,0
20260511,243,223087,289,0
20260511,244,211920,288,0
20260511,245,220770,286,0
20260511,246,211344,282,0
20260511,247,221885,278,0
20260511,248,221911,277,0
20260511,249,221164,277,0
20260511,250,212303,275,0
20260511,251,221213,275,0
20260511,252,259685,274,0
20260511,253,213620,273,0
20260511,254,260598,270,0
20260511,255,215386,270,0
20260511,256,220554,269,0
20260511,257,256705,269,0
20260511,258,213767,266,0
20260511,259,222080,263,0
20260511,260,223323,263,0
20260511,261,221073,262,0
20260511,262,211643,262,0
20260511,263,211901,261,0
20260511,264,203463,260,0
20260511,265,221411,260,0
20260511,266,216367,259,0
20260511,267,239392,259,0
20260511,268,216139,259,0
20260511,269,215042,258,0
20260511,270,221243,258,0
20260511,271,223331,257,0
20260511,272,221178,257,0
20260511,273,266376,253,0
20260511,274,214919,252,0
20260511,275,261963,251,0
20260511,276,221512,251,0
20260511,277,203564,248,0
20260511,278,202662,248,0
20260511,279,215290,247,0
20260511,280,222156,246,0
20260511,281,214262,244,0
20260511,282,201606,243,0
20260511,283,213779,235,0
20260511,284,206430,235,0
20260511,285,211846,232,0
20260511,286,211095,231,0
20260511,287,246493,231,0
20260511,288,201483,229,0
20260511,289,222189,229,0
20260511,290,258199,227,0
20260511,291,204427,226,0
20260511,292,216213,226,0
20260511,293,215614,225,0
20260511,294,215062,224,0
20260511,295,216116,224,0
20260511,296,260581,223,0
20260511,297,221486,221,0
20260511,298,222296,219,0
20260511,299,260765,219,0
20260511,300,221099,219,0
20260511,301,260206,217,0
20260511,302,239438,216,0
20260511,303,222506,214,0
20260511,304,221004,214,0
20260511,305,211878,213,0
20260511,306,222965,213,0
20260511,307,206345,213,0
20260511,308,221382,212,0
20260511,309,220757,211,0
20260511,310,221362,211,0
20260511,311,238064,210,0
20260511,312,220589,210,0
20260511,313,221191,209,0
20260511,314,215807,208,0
20260511,315,221104,208,0
20260511,316,221220,207,0
20260511,317,259758,207,0
20260511,318,201610,205,0
20260511,319,201613,203,0
20260511,320,215077,202,0
20260511,321,201329,201,0
20260511,322,223410,201,0
20260511,323,221159,201,0
20260511,324,215996,200,0
20260511,325,260170,200,0
20260511,326,214081,200,0
20260511,327,215840,199,0
20260511,328,213908,198,0
20260511,329,222559,197,0
20260511,330,216385,196,0
20260511,331,236956,195,0
20260511,332,220432,195,0
20260511,333,260913,194,0
20260511,334,213544,193,0
20260511,335,206194,192,0
20260511,336,266622,191,0
20260511,337,215820,190,0
20260511,338,211844,189,0
20260511,339,221905,188,0
20260511,340,260761,188,0
20260511,341,221395,188,0
20260511,342,215501,187,0
20260511,343,222944,187,0
20260511,344,223302,187,0
20260511,345,239397,184,0
20260511,346,213949,183,0
20260511,347,215726,181,0
20260511,348,239476,181,0
20260511,349,206374,180,0
20260511,350,211342,180,0
20260511,351,246478,180,0
20260511,352,260951,179,0
20260511,353,202460,177,0
20260511,354,201586,177,0
20260511,355,256673,177,0
20260511,356,220735,176,0
20260511,357,221000,175,0
20260511,358,246481,175,0
20260511,359,221096,174,0
20260511,360,216324,174,0
20260511,361,213657,173,0
20260511,362,201585,172,0
20260511,363,206292,171,0
20260511,364,267420,171,0
20260511,365,221369,171,0
20260511,366,264075,170,0
20260511,367,214189,170,0
20260511,368,220718,170,0
20260511,369,220613,170,0
20260511,370,222675,168,0
20260511,371,213974,168,0
20260511,372,259794,167,0
20260511,373,203435,167,0
20260511,374,220489,166,0
20260511,375,221023,166,0
20260511,376,214301,165,0
20260511,377,252495,165,0
20260511,378,213789,165,0
20260511,379,210847,163,0
20260511,380,260006,163,0
20260511,381,206362,163,0
20260511,382,221242,161,0
20260511,383,220781,159,0
20260511,384,215592,159,0
20260511,385,201666,158,0
20260511,386,211874,157,0
20260511,387,203288,157,0
20260511,388,215878,157,0
20260511,389,202688,157,0
20260511,390,259853,157,0
20260511,391,214992,156,0
20260511,392,211529,156,0
20260511,393,260541,155,0
20260511,394,231639,154,0
20260511,395,221768,153,0
20260511,396,215588,153,0
20260511,397,261038,152,0
20260511,398,252587,151,0
20260511,399,211820,151,0
20260511,400,214546,151,0
20260511,401,254733,151,0
20260511,402,221187,150,0
20260511,403,219887,150,0
20260511,404,203281,149,0
20260511,405,215566,149,0
20260511,406,264187,149,0
20260511,407,220364,148,0
20260511,408,216095,147,0
20260511,409,221789,147,0
20260511,410,223415,145,0
20260511,411,221014,145,0
20260511,412,260510,145,0
20260511,413,215314,144,0
20260511,414,220673,144,0
20260511,415,262891,143,0
20260511,416,222397,143,0
20260511,417,221229,143,0
20260511,418,261049,141,0
20260511,419,220164,141,0
20260511,420,221259,141,0
20260511,421,232881,140,0
20260511,422,269714,140,0
20260511,423,202410,138,0
20260511,424,221020,138,0
20260511,425,221109,138,0
20260511,426,203475,137,0
20260511,427,231625,137,0
20260511,428,260514,136,0
20260511,429,215468,135,0
20260511,430,239156,135,0
20260511,431,252531,135,0
20260511,432,214521,134,0
20260511,433,213821,134,0
20260511,434,215550,133,0
20260511,435,221181,133,0
20260511,436,219625,132,0
20260511,437,222276,132,0
20260511,438,221945,131,0
20260511,439,259913,131,0
20260511,440,239442,130,0
20260511,441,215166,130,0
20260511,442,222092,130,0
20260511,443,222986,130,0
20260511,444,214653,129,0
20260511,445,264228,129,0
20260511,446,214862,128,0
20260511,447,220447,128,0
20260511,448,214418,128,0
20260511,449,216253,128,0
20260511,450,220502,127,0
20260511,451,222891,127,0
20260511,452,235159,126,0
20260511,453,214930,126,0
20260511,454,213837,125,0
20260511,455,216044,125,0
20260511,456,211756,125,0
20260511,457,222454,124,0
20260511,458,200748,123,0
20260511,459,213849,123,0
20260511,460,221265,123,0
20260511,461,215459,123,0
20260511,462,221364,123,0
20260511,463,220598,123,0
20260511,464,215898,122,0
20260511,465,214507,122,0
20260511,466,221031,122,0
20260511,467,221157,122,0
20260511,468,236967,122,0
20260511,469,214219,121,0
20260511,470,266800,121,0
20260511,471,259591,120,0
20260511,472,213753,120,0
20260511,473,211329,120,0
20260511,474,220306,119,0
20260511,475,221982,119,0
20260511,476,260565,119,0
20260511,477,220808,118,0
20260511,478,223141,118,0
20260511,479,264192,114,0
20260511,480,222171,114,0
20260511,481,216162,113,0
20260511,482,216331,112,0
20260511,483,215018,111,0
20260511,484,211646,111,0
20260511,485,260667,110,0
20260511,486,215398,110,0
20260511,487,204394,110,0
20260511,488,240998,110,0
20260511,489,213998,109,0
20260511,490,222273,109,0
20260511,491,269755,109,0
20260511,492,260539,109,0
20260511,493,223100,109,0
20260511,494,220827,108,0
20260511,495,252493,107,0
20260511,496,211719,107,0
20260511,497,213771,107,0
20260511,498,263881,107,0
20260511,499,215431,106,0
20260511,500,233742,106,0
20260511,501,221168,106,0
20260511,502,220351,105,0
20260511,503,213734,104,0
20260511,504,216579,104,0
20260511,505,216268,104,0
20260511,506,259883,103,0
20260511,507,211328,103,0
20260511,508,221443,103,0
20260511,509,202619,103,0
20260511,510,230880,103,0
20260511,511,215134,102,0
20260511,512,211809,102,0
20260511,513,247647,101,0
20260511,514,214741,101,0
20260511,515,244087,101,0
20260511,516,203354,100,0
20260511,517,206219,100,0
20260511,518,245077,100,0
20260511,519,203578,100,0
20260511,520,220513,100,0
20260511,521,265197,100,0
20260511,522,222369,99,0
20260511,523,215733,99,0
20260511,524,222859,99,0
20260511,525,211063,98,0
20260511,526,215971,98,0
20260511,527,252488,97,0
20260511,528,220842,97,0
20260511,529,214600,97,0
20260511,530,201554,96,0
20260511,531,259690,96,0
20260511,532,211411,95,0
20260511,533,214839,95,0
20260511,534,214091,95,0
20260511,535,264144,95,0
20260511,536,264227,94,0
20260511,537,216173,94,0
20260511,538,221657,94,0
20260511,539,222837,93,0
20260511,540,214238,93,0
20260511,541,260847,93,0
20260511,542,201549,92,0
20260511,543,213947,92,0
20260511,544,260647,92,0
20260511,545,266450,92,0
20260511,546,264967,91,0
20260511,547,216160,91,0
20260511,548,220496,91,0
20260511,549,216007,91,0
20260511,550,263872,90,0
20260511,551,203591,90,0
20260511,552,260142,90,0
20260511,553,260714,90,0
20260511,554,261015,90,0
20260511,555,221468,89,0
20260511,556,216076,89,0
20260511,557,260339,89,0
20260511,558,214271,89,0
20260511,559,219892,89,0
20260511,560,256712,89,0
20260511,561,221959,89,0
20260511,562,206255,88,0
20260511,563,211765,88,0
20260511,564,214505,88,0
20260511,565,215163,87,0
20260511,566,260737,87,0
20260511,567,220946,87,0
20260511,568,260141,87,0
20260511,569,260763,86,0
20260511,570,216051,85,0
20260511,571,260296,85,0
20260511,572,239158,85,0
20260511,573,213896,84,0
20260511,574,216186,84,0
20260511,575,221834,84,0
20260511,576,260446,84,0
20260511,577,215151,83,0
20260511,578,266864,83,0
20260511,579,221952,83,0
20260511,580,210537,83,0
20260511,581,260613,83,0
20260511,582,214779,82,0
20260511,583,259575,82,0
20260511,584,222390,82,0
20260511,585,261071,82,0
20260511,586,265701,81,0
20260511,587,254765,81,0
20260511,588,260708,81,0
20260511,589,266448,81,0
20260511,590,221116,80,0
20260511,591,221497,80,0
20260511,592,220891,80,0
20260511,593,220597,79,0
20260511,594,216075,79,0
20260511,595,203513,79,0
20260511,596,216013,79,0
20260511,597,214319,79,0
20260511,598,221914,79,0
20260511,599,215909,79,0
20260511,600,202672,78,0
20260511,601,267882,78,0
20260511,602,260490,78,0
20260511,603,221003,78,0
20260511,604,228909,78,0
20260511,605,260966,77,0
20260511,606,216062,77,0
20260511,607,206102,77,0
20260511,608,202921,77,0
20260511,609,260445,77,0
20260511,610,215545,77,0
20260511,611,211668,76,0
20260511,612,260368,76,0
20260511,613,202454,76,0
20260511,614,215472,76,0
20260511,615,215064,75,0
20260511,616,259916,75,0
20260511,617,215832,75,0
20260511,618,221473,75,0
20260511,619,230882,75,0
20260511,620,220453,75,0
20260511,621,221141,75,0
20260511,622,239393,75,0
20260511,623,266469,74,0
20260511,624,220550,74,0
20260511,625,237454,74,0
20260511,626,220672,74,0
20260511,627,206108,73,0
20260511,628,222297,73,0
20260511,629,257874,73,0
20260511,630,266431,73,0
20260511,631,252535,73,0
20260511,632,220560,72,0
20260511,633,213772,72,0
20260511,634,270058,72,0
20260511,635,206406,72,0
20260511,636,222878,72,0
20260511,637,220429,72,0
20260511,638,215259,71,0
20260511,639,223120,70,0
20260511,640,206248,70,0
20260511,641,269870,70,0
20260511,642,236980,70,0
20260511,643,214007,70,0
20260511,644,258191,70,0
20260511,645,221454,70,0
20260511,646,223203,69,0
20260511,647,263853,69,0
20260511,648,263909,69,0
20260511,649,202430,69,0
20260511,650,252509,69,0
20260511,651,215013,69,0
20260511,652,264140,67,0
20260511,653,213739,67,0
20260511,654,222458,67,0
20260511,655,241717,67,0
20260511,656,201520,66,0
20260511,657,259967,66,0
20260511,658,252571,66,0
20260511,659,221469,66,0
20260511,660,222037,66,0
20260511,661,222481,66,0
20260511,662,214212,66,0
20260511,663,260032,66,0
20260511,664,210138,65,0
20260511,665,206075,65,0
20260511,666,266901,65,0
20260511,667,254748,65,0
20260511,668,260338,65,0
20260511,669,214868,65,0
20260511,670,261097,65,0
20260511,671,213672,64,0
20260511,672,264064,64,0
20260511,673,214872,64,0
20260511,674,264207,64,0
20260511,675,267382,63,0
20260511,676,221994,63,0
20260511,677,221165,63,0
20260511,678,260694,63,0
20260511,679,233747,63,0
20260511,680,221773,63,0
20260511,681,234474,63,0
20260511,682,259567,62,0
20260511,683,216587,62,0
20260511,684,210526,62,0
20260511,685,201611,61,0
20260511,686,221247,61,0
20260511,687,211269,61,0
20260511,688,270080,61,0
20260511,689,260254,61,0
20260511,690,241714,61,0
20260511,691,263941,61,0
20260511,692,265692,61,0
20260511,693,201524,60,0
20260511,694,235161,60,0
20260511,695,260787,59,0
20260511,696,239386,59,0
20260511,697,221465,59,0
20260511,698,215921,59,0
20260511,699,220491,59,0
20260511,700,220997,59,0
20260511,701,203500,58,0
20260511,702,221370,58,0
20260511,703,266642,58,0
20260511,704,225854,57,0
20260511,705,263626,57,0
20260511,706,263869,56,0
20260511,707,204294,56,0
20260511,708,225850,56,0
20260511,709,260225,56,0
20260511,710,270061,56,0
20260511,711,221864,56,0
20260511,712,222346,56,0
20260511,713,220645,56,0
20260511,714,201614,55,0
20260511,715,220578,55,0
20260511,716,216038,55,0
20260511,717,270076,55,0
20260511,718,220740,55,0
20260511,719,215707,55,0
20260511,720,215806,54,0
20260511,721,215778,54,0
20260511,722,221086,53,0
20260511,723,221192,53,0
20260511,724,259754,53,0
20260511,725,269717,53,0
20260511,726,222347,53,0
20260511,727,220497,53,0
20260511,728,202536,52,0
20260511,729,202464,52,0
20260511,730,204223,52,0
20260511,731,221746,52,0
20260511,732,239422,52,0
20260511,733,215616,51,0
20260511,734,220875,51,0
20260511,735,260273,51,0
20260511,736,233718,50,0
20260511,737,220053,50,0
20260511,738,220494,50,0
20260511,739,220392,49,0
20260511,740,260766,49,0
20260511,741,221173,49,0
20260511,742,260848,48,0
20260511,743,264205,48,0
20260511,744,206060,48,0
20260511,745,269866,48,0
20260511,746,270082,48,0
20260511,747,260017,48,0
20260511,748,222421,48,0
20260511,749,260214,48,0
20260511,750,215505,48,0
20260511,751,216180,48,0
20260511,752,267115,47,0
20260511,753,225858,47,0
20260511,754,222330,47,0
20260511,755,259858,47,0
20260511,756,263148,47,0
20260511,757,260101,46,0
20260511,758,266682,46,0
20260511,759,221624,46,0
20260511,760,213551,46,0
20260511,761,221903,46,0
20260511,762,221062,46,0
20260511,763,214713,46,0
20260511,764,221509,46,0
20260511,765,221474,46,0
20260511,766,267651,46,0
20260511,767,266937,45,0
20260511,768,215019,45,0
20260511,769,220684,45,0
20260511,770,260042,45,0
20260511,771,222255,45,0
20260511,772,239454,45,0
20260511,773,260582,45,0
20260511,774,221568,45,0
20260511,775,245094,44,0
20260511,776,221221,44,0
20260511,777,264973,44,0
20260511,778,211544,44,0
20260511,779,267428,43,0
20260511,780,222667,43,0
20260511,781,223402,43,0
20260511,782,215015,43,0
20260511,783,202693,43,0
20260511,784,264085,42,0
20260511,785,222184,42,0
20260511,786,266851,41,0
20260511,787,223373,41,0
20260511,788,266407,41,0
20260511,789,266509,41,0
20260511,790,221886,41,0
20260511,791,222299,41,0
20260511,792,222262,41,0
20260511,793,215966,41,0
20260511,794,201518,40,0
20260511,795,265688,40,0
20260511,796,214935,40,0
20260511,797,266488,40,0
20260511,798,216107,40,0
20260511,799,223421,40,0
20260511,800,214540,40,0
20260511,801,221219,40,0
20260511,802,220713,39,0
20260511,803,210158,39,0
20260511,804,267176,39,0
20260511,805,260845,39,0
20260511,806,228910,39,0
20260511,807,260003,39,0
20260511,808,263995,38,0
20260511,809,211864,38,0
20260511,810,260638,38,0
20260511,811,264130,38,0
20260511,812,214909,38,0
20260511,813,223146,38,0
20260511,814,216256,38,0
20260511,815,253681,37,0
20260511,816,216316,37,0
20260511,817,221195,37,0
20260511,818,266529,37,0
20260511,819,216158,37,0
20260511,820,203509,37,0
20260511,821,202446,36,0
20260511,822,260762,36,0
20260511,823,210500,36,0
20260511,824,264029,36,0
20260511,825,214934,36,0
20260511,826,222028,36,0
20260511,827,266381,35,0
20260511,828,264151,35,0
20260511,829,214020,35,0
20260511,830,259996,35,0
20260511,831,266771,35,0
20260511,832,230876,35,0
20260511,833,269864,35,0
20260511,834,223326,35,0
20260511,835,221862,35,0
20260511,836,221413,35,0
20260511,837,260277,35,0
20260511,838,214771,35,0
20260511,839,258192,35,0
20260511,840,219979,35,0
20260511,841,239446,34,0
20260511,842,266541,34,0
20260511,843,263980,34,0
20260511,844,223418,34,0
20260511,845,260860,34,0
20260511,846,214696,33,0
20260511,847,220825,33,0
20260511,848,260914,33,0
20260511,849,263974,33,0
20260511,850,259762,33,0
20260511,851,260062,33,0
20260511,852,201540,32,0
20260511,853,211951,32,0
20260511,854,214877,32,0
20260511,855,270195,32,0
20260511,856,260612,32,0
20260511,857,211511,32,0
20260511,858,267400,32,0
20260511,859,270320,32,0
20260511,860,210672,32,0
20260511,861,206336,32,0
20260511,862,234481,32,0
20260511,863,221585,32,0
20260511,864,259965,32,0
20260511,865,202580,31,0
20260511,866,214535,31,0
20260511,867,215693,31,0
20260511,868,202443,31,0
20260511,869,204309,31,0
20260511,870,264131,31,0
20260511,871,264978,31,0
20260511,872,270078,31,0
20260511,873,263801,31,0
20260511,874,260279,31,0
20260511,875,201506,30,0
20260511,876,222000,30,0
20260511,877,210705,30,0
20260511,878,267104,30,0
20260511,879,223399,30,0
20260511,880,260767,30,0
20260511,881,222668,30,0
20260511,882,222239,29,0
20260511,883,264180,29,0
20260511,884,268770,29,0
20260511,885,270019,29,0
20260511,886,223080,29,0
20260511,887,264167,29,0
20260511,888,215795,29,0
20260511,889,220591,29,0
20260511,890,221440,29,0
20260511,891,221741,29,0
20260511,892,264069,29,0
20260511,893,260528,29,0
20260511,894,266455,28,0
20260511,895,269968,28,0
20260511,896,239387,28,0
20260511,897,259820,28,0
20260511,898,211796,28,0
20260511,899,267409,28,0
20260511,900,223404,28,0
20260511,901,235160,28,0
20260511,902,239453,28,0
20260511,903,202434,27,0
20260511,904,264962,27,0
20260511,905,222856,27,0
20260511,906,260226,27,0
20260511,907,221929,27,0
20260511,908,263677,27,0
20260511,909,270065,27,0
20260511,910,223308,27,0
20260511,911,220493,27,0
20260511,912,220642,27,0
20260511,913,269253,26,0
20260511,914,261957,26,0
20260511,915,211921,26,0
20260511,916,220690,26,0
20260511,917,223375,26,0
20260511,918,256686,26,0
20260511,919,266379,26,0
20260511,920,220695,26,0
20260511,921,220276,26,0
20260511,922,267841,26,0
20260511,923,215177,26,0
20260511,924,266659,26,0
20260511,925,266758,26,0
20260511,926,210913,25,0
20260511,927,213721,25,0
20260511,928,260374,25,0
20260511,929,213948,25,0
20260511,930,245079,25,0
20260511,931,260984,25,0
20260511,932,214519,25,0
20260511,933,263905,24,0
20260511,934,223163,24,0
20260511,935,263808,24,0
20260511,936,213775,24,0
20260511,937,221422,24,0
20260511,938,214605,24,0
20260511,939,260100,24,0
20260511,940,202596,23,0
20260511,941,261132,23,0
20260511,942,270159,23,0
20260511,943,263751,23,0
20260511,944,265040,23,0
20260511,945,202916,23,0
20260511,946,270129,23,0
20260511,947,253679,23,0
20260511,948,270165,23,0
20260511,949,215440,23,0
20260511,950,215805,23,0
20260511,951,221542,23,0
20260511,952,259105,23,0
20260511,953,221210,22,0
20260511,954,239102,22,0
20260511,955,214800,22,0
20260511,956,269259,22,0
20260511,957,260711,22,0
20260511,958,259989,22,0
20260511,959,221150,22,0
20260511,960,215879,22,0
20260511,961,266645,22,0
20260511,962,260150,22,0
20260511,963,221371,22,0
20260511,964,267422,22,0
20260511,965,222509,22,0
20260511,966,263622,22,0
20260511,967,216311,22,0
20260511,968,270125,22,0
20260511,969,264216,22,0
20260511,970,255662,22,0
20260511,971,215372,22,0
20260511,972,210645,22,0
20260511,973,261098,22,0
20260511,974,201582,21,0
20260511,975,213541,21,0
20260511,976,211222,21,0
20260511,977,222225,21,0
20260511,978,221915,21,0
20260511,979,222762,21,0
20260511,980,267022,21,0
20260511,981,263687,21,0
20260511,982,252584,21,0
20260511,983,261066,21,0
20260511,984,222305,21,0
20260511,985,241745,21,0
20260511,986,239160,21,0
20260511,986,219331,21,0
20260511,988,221148,21,0
20260511,989,205815,20,0
20260511,990,220887,20,0
20260511,991,260433,20,0
20260511,992,202858,20,0
20260511,993,215096,20,0
20260511,994,214182,20,0
20260511,995,270449,20,0
20260511,996,270315,20,0
20260511,997,260167,20,0
20260511,998,270181,20,0
20260511,999,223398,20,0
20260511,1000,203537,20,0
20260518,1,214544,9960,19
20260518,2,214981,8705,23
20260518,3,216347,7273,19
20260518,4,221103,6749,19
20260518,5,202468,6286,21
20260518,6,216153,5958,19
20260518,7,202494,4315,15
20260518,8,259799,4181,21
20260518,9,239475,3395,20
20260518,10,214096,3318,19
20260518,11,202505,3145,19
20260518,12,222328,3054,23
20260518,13,211148,2787,20
20260518,14,206420,2679,26
20260518,15,216146,2387,19
20260518,16,211768,2341,20
20260518,17,260300,2306,22
20260518,18,201514,1985,25
20260518,19,201619,1962,20
20260518,20,214643,1950,24
20260518,21,220704,1920,23
20260518,22,214939,1868,22
20260518,23,210722,1858,21
20260518,24,220367,1796,29
20260518,25,223670,1796,25
20260518,26,221024,1712,25
20260518,27,213631,1596,24
20260518,28,215713,1470,21
20260518,29,211533,1464,21
20260518,30,215983,1460,28
20260518,31,213710,1406,26
20260518,32,216133,1401,26
20260518,33,211713,1382,27
20260518,34,233741,1370,26
20260518,35,239383,1369,21
20260518,36,211701,1362,21
20260518,37,221054,1360,20
20260518,38,223253,1340,29
20260518,39,215613,1327,26
20260518,40,220714,1320,26
20260518,41,222145,1292,28
20260518,42,206252,1271,19
20260518,43,238184,1265,18
20260518,44,214954,1263,15
20260518,45,215035,1246,26
20260518,46,201696,1230,19
20260518,47,220520,1229,26
20260518,48,206289,1208,24
20260518,49,211684,1208,24
20260518,50,222391,1204,17
20260518,51,222601,1200,25
20260518,52,213583,1111,35
20260518,53,221012,1080,14
20260518,54,263857,1078,31
20260518,55,221883,1036,32
20260518,56,216083,1032,26
20260518,57,202663,1029,24
20260518,58,214388,1023,26
20260518,59,220309,1020,27
20260518,60,222661,1019,17
20260518,61,222045,1011,26
20260518,62,214082,987,24
20260518,63,221039,984,26
20260518,64,221333,974,23
20260518,65,223360,970,21
20260518,66,220716,970,28
20260518,67,219875,966,23
20260518,68,215910,951,31
20260518,69,211107,941,25
20260518,70,202499,933,24
20260518,71,211817,928,23
20260518,72,213887,925,30
20260518,73,203501,919,13
20260518,74,201533,919,27
20260518,75,201709,918,26
20260518,76,238075,917,29
20260518,77,215785,912,26
20260518,78,206242,904,27
20260518,79,220435,903,32
20260518,80,219917,902,34
20260518,81,220332,901,23
20260518,82,203530,901,26
20260518,83,214040,880,30
20260518,84,211843,873,15
20260518,85,220662,873,29
20260518,86,215872,872,32
20260518,87,206368,868,12
20260518,88,213550,867,26
20260518,89,221407,865,28
20260518,90,201548,857,26
20260518,91,260172,857,18
20260518,92,220548,856,21
20260518,93,215899,856,29
20260518,94,220348,853,27
20260518,95,220750,839,25
20260518,96,211337,829,33
20260518,97,230870,818,26
20260518,98,215306,813,28
20260518,99,215020,803,30
20260518,100,222290,799,28
20260518,101,221257,795,32
20260518,102,243420,790,31
20260518,103,211651,782,20
20260518,104,221307,767,24
20260518,105,215936,736,23
20260518,106,223286,730,29
20260518,107,221909,721,25
20260518,108,220465,715,28
20260518,109,201662,710,8
20260518,110,220416,707,30
20260518,111,215138,702,24
20260518,112,221985,701,31
20260518,113,215219,696,22
20260518,114,201499,694,16
20260518,115,222966,694,30
20260518,116,216081,693,22
20260518,117,213646,691,27
20260518,118,206294,688,26
20260518,119,221237,686,28
20260518,120,252499,685,28
20260518,121,211685,670,28
20260518,122,221406,664,28
20260518,123,211814,661,32
20260518,124,206417,653,30
20260518,125,221236,648,26
20260518,126,205925,642,25
20260518,127,259733,622,25
20260518,128,223194,611,30
20260518,129,215480,604,31
20260518,130,210886,593,29
20260518,131,221124,587,27
20260518,132,214119,572,23
20260518,133,222233,572,14
20260518,134,214461,565,19
20260518,135,220722,561,31
20260518,136,263644,557,17
20260518,137,202684,552,21
20260518,138,221354,551,26
20260518,139,203514,546,30
20260518,140,210622,546,25
20260518,141,213666,534,24
20260518,142,247669,530,22
20260518,143,211880,527,22
20260518,144,223321,527,30
20260518,145,215037,522,27
20260518,146,223168,521,26
20260518,147,236957,519,28
20260518,148,216016,516,17
20260518,149,201551,516,33
20260518,150,222258,506,23
20260518,151,220466,501,17
20260518,152,220446,501,28
20260518,153,215337,499,16
20260518,154,214593,495,28
20260518,155,239456,494,27
20260518,156,266671,492,21
20260518,157,221626,491,19
20260518,158,222017,489,28
20260518,159,220742,487,28
20260518,160,215370,479,20
20260518,161,202600,475,25
20260518,162,216097,475,28
20260518,163,223325,474,23
20260518,164,223333,472,32
20260518,165,215572,463,29
20260518,166,214452,461,22
20260518,167,213889,460,22
20260518,168,215250,454,21
20260518,169,203389,452,10
20260518,170,202604,452,34
20260518,171,201478,450,32
20260518,172,211279,449,24
20260518,173,214459,448,33
20260518,174,216566,447,14
20260518,175,214646,446,28
20260518,176,267439,443,27
20260518,177,215453,438,28
20260518,178,236955,432,23
20260518,179,259871,432,19
20260518,180,220699,431,27
20260518,181,211316,423,28
20260518,182,214906,417,23
20260518,183,215946,411,25
20260518,184,259857,403,19
20260518,185,211702,395,25
20260518,186,221803,393,27
20260518,187,201621,393,29
20260518,188,213576,391,25
20260518,189,236972,391,20
20260518,190,215571,389,29
20260518,191,211227,385,23
20260518,192,214236,383,34
20260518,193,204411,382,16
20260518,194,215992,381,31
20260518,195,220733,377,31
20260518,196,214181,377,26
20260518,197,214254,377,29
20260518,198,239436,374,30
20260518,199,220680,371,21
20260518,200,211539,370,14
20260518,1001,201506,20,1
20260518,1001,205815,20,1
20260518,1003,201582,20,6
20260518,1004,248660,20,6
20260518,1005,261133,20,10
20260518,1006,260433,20,13
20260518,1007,202858,20,2
20260518,1008,215096,20,2
20260518,1009,214182,20,3
20260518,1010,270315,20,4
20260518,1011,270181,20,5
20260518,1012,223398,20,5
20260518,1013,203537,20,5
20260518,1014,264073,20,6
20260518,1015,252586,20,7
20260518,1016,211541,20,8
20260518,1017,267431,20,9
20260518,1018,259981,20,9
20260518,1019,267932,20,11
20260518,1020,221740,20,12
20260518,1021,239390,19,9
20260518,1022,221410,19,10
20260518,1023,215696,19,12
20260518,1024,260297,19,4
20260518,1025,222202,19,5
20260518,1026,239126,19,9
20260518,1027,260185,19,9
20260518,1028,260261,19,9
20260518,1029,225861,19,10
20260518,1030,215712,19,12
20260518,1030,260323,19,12
20260518,1032,206335,18,1
20260518,1033,220297,18,9
20260518,1034,266651,18,6
20260518,1035,223160,18,2
20260518,1036,260306,18,3
20260518,1037,269275,18,4
20260518,1037,259576,18,4
20260518,1039,220470,18,4
20260518,1040,221396,18,5
20260518,1041,266765,18,6
20260518,1042,267449,18,8
20260518,1043,221203,18,8
20260518,1044,237465,18,9
20260518,1045,260828,18,9
20260518,1046,259854,18,9
20260518,1047,221055,18,9
20260518,1048,222177,18,10
20260518,1049,249659,18,10
20260518,1049,220048,18,10
20260518,1051,216381,18,11
20260518,1052,261964,17,10
20260518,1053,260612,17,8
20260518,1054,269710,17,2
20260518,1055,268787,17,3
20260518,1056,222557,17,3
20260518,1057,260167,17,3
20260518,1058,215697,17,5
20260518,1059,213775,17,6
20260518,1060,224485,17,6
20260518,1061,260091,17,6
20260518,1061,266523,17,6
20260518,1063,221139,17,6
20260518,1064,260398,17,7
20260518,1065,221736,17,7
20260518,1066,269254,17,10
20260518,1067,211043,16,8
20260518,1068,212043,16,9
20260518,1069,264961,16,6
20260518,1070,266722,16,7
20260518,1071,246476,16,9
20260518,1072,269954,16,2
20260518,1073,213721,16,8
20260518,1074,222236,16,2
20260518,1074,270322,16,2
20260518,1074,260842,16,2
20260518,1077,222602,16,4
20260518,1078,264243,16,5
20260518,1079,239474,16,5
20260518,1080,259797,16,6
20260518,1081,260777,16,6
20260518,1082,222213,16,7
20260518,1083,239449,16,8
20260518,1084,261082,16,8
20260518,1085,270262,15,1
20260518,1086,201565,15,3
20260518,1087,270100,15,4
20260518,1088,211021,15,1
20260518,1088,205964,15,1
20260518,1090,267534,15,2
20260518,1091,270091,15,4
20260518,1092,214746,15,5
20260518,1093,267180,15,5
20260518,1094,269772,15,5
20260518,1095,252519,15,6
20260518,1096,223284,15,7
20260518,1097,252582,15,7
20260518,1098,260717,15,7
20260518,1099,267927,15,7
20260518,1100,202387,15,7
20260518,1101,267425,15,8
20260518,1102,215467,15,8
20260518,1103,244079,15,9
20260518,1104,219444,15,9
20260518,1104,263889,15,9
20260518,1106,260400,15,12
20260518,1107,260580,14,2
20260518,1108,221441,14,5
20260518,1109,215721,14,8
20260518,1110,216225,14,6
20260518,1111,221069,14,9
20260518,1112,215144,14,4
20260518,1113,215970,14,5
20260518,1113,220564,14,5
20260518,1113,241715,14,5
20260518,1116,219872,14,5
20260518,1117,214503,14,6
20260518,1118,221377,14,6
20260518,1119,264114,14,7
20260518,1120,216315,14,7
20260518,1121,221258,14,8
20260518,1121,246518,14,8
20260518,1123,266795,14,8
20260518,1124,219874,14,9
20260518,1125,222748,14,9
20260518,1126,260556,14,9
20260518,1127,222225,13,5
20260518,1128,259739,13,8
20260518,1129,211407,13,2
20260518,1130,267920,13,2
20260518,1130,261278,13,2
20260518,1130,270204,13,2
20260518,1133,261008,13,3
20260518,1134,260631,13,4
20260518,1135,266629,13,4
20260518,1135,220614,13,4
20260518,1137,219983,13,4
20260518,1138,264280,13,4
20260518,1139,269734,13,5
20260518,1140,220689,13,5
20260518,1141,261968,13,5
20260518,1142,264505,13,6
20260518,1143,267734,13,6
20260518,1144,269835,13,6
20260518,1145,260583,13,6
20260518,1145,222035,13,6
20260518,1147,222376,13,6
20260518,1148,222734,13,7
20260518,1149,261104,13,7
20260518,1149,269801,13,7
20260518,1151,221158,13,7
20260518,1151,221310,13,7
20260518,1153,230120,13,8
20260518,1153,266374,13,8
20260518,1155,221013,13,8
20260518,1156,260085,13,9
20260518,1157,263676,13,9
20260518,1158,215735,12,7
20260518,1159,211285,12,7
20260518,1160,221933,12,8
20260518,1161,269704,12,3
20260518,1162,215802,12,5
20260518,1163,269872,12,7
20260518,1164,221688,12,1
20260518,1165,213976,12,2
20260518,1166,223159,12,2
20260518,1166,263865,12,2
20260518,1168,260926,12,3
20260518,1168,270132,12,3
20260518,1170,260693,12,3
20260518,1170,214019,12,3
20260518,1172,260443,12,4
20260518,1172,260957,12,4
20260518,1174,264150,12,5
20260518,1174,214460,12,5
20260518,1176,266467,12,6
20260518,1177,215926,12,6
20260518,1178,270115,12,8
20260518,1179,236968,12,9
20260518,1180,241735,12,10
20260518,1181,213830,11,8
20260518,1182,211592,11,7
20260518,1183,270089,11,2
20260518,1183,264510,11,2
20260518,1185,214784,11,3
20260518,1186,267509,11,3
20260518,1187,265628,11,3
20260518,1188,219965,11,4
20260518,1189,221025,11,4
20260518,1189,267540,11,4
20260518,1189,267845,11,4
20260518,1189,264107,11,4
20260518,1193,214450,11,4
20260518,1194,259608,11,4
20260518,1195,270274,11,4
20260518,1196,265020,11,5
20260518,1197,259623,11,5
20260518,1198,242450,11,6
20260518,1198,203370,11,6
20260518,1198,267387,11,6
20260518,1201,261129,11,6
20260518,1201,215854,11,6
20260518,1203,223411,11,6
20260518,1204,223435,11,7
20260518,1204,201691,11,7
20260518,1206,268778,11,7
20260518,1207,206161,11,7
20260518,1208,221315,11,7
20260518,1209,201616,10,6
20260518,1210,266383,10,4
20260518,1211,205562,10,7
20260518,1212,266378,10,2
20260518,1212,270357,10,2
20260518,1214,238209,10,2
20260518,1215,215236,10,3
20260518,1215,266476,10,3
20260518,1217,261073,10,3
20260518,1217,220436,10,3
20260518,1217,253665,10,3
20260518,1220,260604,10,4
20260518,1221,262883,10,4
20260518,1221,221913,10,4
20260518,1223,263940,10,4
20260518,1224,265713,10,5
20260518,1224,222215,10,5
20260518,1224,214901,10,5
20260518,1227,259914,10,5
20260518,1228,266533,10,5
20260518,1228,214277,10,5
20260518,1228,260455,10,5
20260518,1231,219754,10,5
20260518,1232,246484,10,6
20260518,1233,259998,10,6
20260518,1233,223198,10,6
20260518,1233,223153,10,6
20260518,1233,220394,10,6
20260518,1233,264226,10,6
20260518,1238,259964,10,6
20260518,1239,211600,10,7
20260518,1240,260100,10,7
20260518,1241,221771,10,8
20260518,1241,266549,10,8
20260518,1241,221269,10,8
20260518,1244,216405,10,8
20260518,1244,216156,10,8
20260518,1246,268781,9,4
20260518,1247,211779,9,6
20260518,1248,264986,9,7
20260518,1249,206205,9,8
20260518,1250,270302,9,6
20260518,1251,234246,9,3
20260518,1252,215085,9,3
20260518,1252,270265,9,3
20260518,1254,270266,9,3
20260518,1255,266543,9,4
20260518,1255,263625,9,4
20260518,1255,238068,9,4
20260518,1255,259849,9,4
20260518,1259,270194,9,4
20260518,1260,214787,9,4
20260518,1261,221940,9,5
20260518,1261,259769,9,5
20260518,1261,266406,9,5
20260518,1264,270281,9,5
20260518,1265,260122,9,5
20260518,1266,220286,9,5
20260518,1266,266409,9,5
20260518,1266,263706,9,5
20260518,1269,215161,9,6
20260518,1269,259763,9,6
20260518,1271,259113,9,6
20260518,1271,267723,9,6
20260518,1273,260378,9,7
20260518,1273,221524,9,7
20260518,1275,222158,9,7
20260518,1276,260715,9,8
20260518,1276,260774,9,8
20260518,1278,265207,8,5
20260518,1279,263775,8,5
20260518,1280,259104,8,4
20260518,1281,269943,8,3
20260518,1281,222377,8,3
20260518,1281,222112,8,3
20260518,1281,260839,8,3
20260518,1285,267441,8,3
20260518,1285,260159,8,3
20260518,1287,202478,8,3
20260518,1288,215956,8,4
20260518,1288,257898,8,4
20260518,1288,269267,8,4
20260518,1288,270039,8,4
20260518,1292,205492,8,4
20260518,1293,221371,8,4
20260518,1293,261094,8,4
20260518,1295,223356,8,4
20260518,1296,223006,8,5
20260518,1296,220469,8,5
20260518,1296,264138,8,5
20260518,1299,265015,8,5
20260518,1299,264252,8,5
20260518,1299,267722,8,5
20260518,1299,267435,8,5
20260518,1299,220633,8,5
20260518,1299,223389,8,5
20260518,1299,239484,8,5
20260518,1306,237467,8,6
20260518,1306,256682,8,6
20260518,1306,257881,8,6
20260518,1306,222613,8,6
20260518,1306,214974,8,6
20260518,1306,260742,8,6
20260518,1312,222318,8,6
20260518,1313,252494,8,8
20260518,1314,202440,7,4
20260518,1315,256710,7,7
20260518,1316,260888,7,4
20260518,1317,215222,7,7
20260518,1318,202639,7,3
20260518,1318,254760,7,3
20260518,1318,222847,7,3
20260518,1318,223161,7,3
20260518,1318,222838,7,3
20260518,1318,266686,7,3
20260518,1318,263890,7,3
20260518,1318,264275,7,3
20260518,1318,267473,7,3
20260518,1327,267423,7,3
20260518,1327,264215,7,3
20260518,1327,221214,7,3
20260518,1327,259590,7,3
20260518,1327,220356,7,3
20260518,1332,260204,7,4
20260518,1332,270047,7,4
20260518,1334,270186,7,4
20260518,1334,266805,7,4
20260518,1334,220289,7,4
20260518,1337,260881,7,5
20260518,1337,215492,7,5
20260518,1337,246485,7,5
20260518,1337,221083,7,5
20260518,1337,264966,7,5
20260518,1337,269906,7,5
20260518,1337,263717,7,5
20260518,1337,263701,7,5
20260518,1345,263809,7,5
20260518,1346,267695,7,7
20260518,1346,269757,7,7
20260518,1346,268772,7,7
20260518,1346,221197,7,7
20260518,1346,241003,7,7
20260518,1346,216140,7,7
20260518,1352,263978,6,4
20260518,1353,220422,6,6
20260518,1354,215043,6,4
20260518,1355,270133,6,6
20260518,1356,215647,6,3
20260518,1356,257867,6,3
20260518,1356,259987,6,3
20260518,1356,259719,6,3
20260518,1360,220512,6,3
20260518,1360,222637,6,3
20260518,1362,222309,6,4
20260518,1362,221515,6,4
20260518,1362,222332,6,4
20260518,1362,222274,6,4
20260518,1362,260066,6,4
20260518,1362,266492,6,4
20260518,1362,216092,6,4
20260518,1362,220772,6,4
20260518,1362,270216,6,4
20260518,1362,267465,6,4
20260518,1362,264198,6,4
20260518,1362,266781,6,4
20260518,1362,266372,6,4
20260518,1362,263766,6,4
20260518,1362,260792,6,4
20260518,1362,260962,6,4
20260518,1362,260653,6,4
20260518,1362,260373,6,4
20260518,1362,260503,6,4
20260518,1381,260993,6,4
20260518,1382,260393,6,5
20260518,1382,222161,6,5
20260518,1382,259803,6,5
20260518,1382,241018,6,5
20260518,1382,223352,6,5
20260518,1387,237481,6,6
20260518,1387,260723,6,6
20260518,1387,267408,6,6
20260518,1387,269753,6,6
20260518,1391,201399,5,4
20260518,1392,270350,5,3
20260518,1392,270400,5,3
20260518,1392,267525,5,3
20260518,1392,263728,5,3
20260518,1396,260974,5,3
20260518,1396,261021,5,3
20260518,1396,266532,5,3
20260518,1396,267462,5,3
20260518,1396,267671,5,3
20260518,1396,267885,5,3
20260518,1396,266823,5,3
20260518,1396,266713,5,3
20260518,1396,264248,5,3
20260518,1396,264274,5,3
20260518,1396,267025,5,3
20260518,1396,270203,5,3
20260518,1396,270237,5,3
20260518,1396,270383,5,3
20260518,1396,270164,5,3
20260518,1396,267748,5,3
20260518,1396,267424,5,3
20260518,1396,221078,5,3
20260518,1396,215174,5,3
20260518,1396,222623,5,3
20260518,1396,222606,5,3
20260518,1396,223452,5,3
20260518,1396,221923,5,3
20260518,1396,222061,5,3
20260518,1396,222845,5,3
20260518,1396,221963,5,3
20260518,1396,233729,5,3
20260518,1396,239172,5,3
20260518,1396,223397,5,3
20260518,1396,223214,5,3
20260518,1396,259887,5,3
20260518,1396,259946,5,3
20260518,1396,223046,5,3
20260518,1396,246489,5,3
20260518,1396,245076,5,3
20260518,1396,258195,5,3
20260518,1432,230121,5,4
20260518,1432,221346,5,4
20260518,1432,260893,5,4
20260518,1435,260387,5,5
20260518,1435,264229,5,5
20260518,1435,266593,5,5
20260518,1435,264998,5,5
20260518,1435,270258,5,5
20260518,1435,270207,5,5
20260518,1435,222180,5,5
20260518,1435,222520,5,5
20260518,1435,223416,5,5
20260518,1435,235155,5,5
20260518,1435,238071,5,5
20260518,1435,259569,5,5
20260518,1435,220790,5,5
20260518,1435,220071,5,5
20260518,1449,270380,4,4
20260518,1450,265610,4,4
20260518,1450,221988,4,4
20260518,1452,221222,4,3
20260518,1452,220687,4,3
20260518,1452,260178,4,3
20260518,1452,270154,4,3
20260518,1452,267083,4,3
20260518,1452,260464,4,3
20260518,1452,260674,4,3
20260518,1459,260779,4,4
20260518,1459,263838,4,4
20260518,1459,265195,4,4
20260518,1459,266591,4,4
20260518,1459,266849,4,4
20260518,1459,264068,4,4
20260518,1459,267493,4,4
20260518,1459,267732,4,4
20260518,1459,269769,4,4
20260518,1459,269937,4,4
20260518,1459,269773,4,4
20260518,1459,270066,4,4
20260518,1459,252487,4,4
20260518,1459,252565,4,4
20260518,1459,246480,4,4
20260518,1459,244077,4,4
20260518,1459,235154,4,4
20260518,1459,234506,4,4
20260518,1459,260479,4,4
20260518,1459,222367,4,4
20260518,1459,221520,4,4
20260518,1459,215430,4,4
20260518,1481,202453,3,3
20260518,1481,213596,3,3
20260518,1483,216262,3,3
20260518,1483,270481,3,3
20260518,1483,264086,3,3
20260518,1483,264242,3,3
20260518,1483,269948,3,3
20260518,1488,264079,3,3
20260518,1488,264090,3,3
20260518,1488,266892,3,3
20260518,1488,261092,3,3
20260518,1488,270463,3,3
20260518,1488,214694,3,3
20260518,1488,240163,3,3
20260518,1488,256711,3,3
20260518,1496,255666,3,3
20260518,1496,206708,3,3
20260518,1496,249668,3,3
20260518,1496,259990,3,3
20260518,1496,259614,3,3
20260518,1496,239157,3,3
20260518,1496,221979,3,3
20260518,1496,234223,3,3
20260518,1496,238084,3,3
20260518,1496,238205,3,3
20260518,1496,223071,3,3
20260518,1496,267708,3,3
20260518,1496,222866,3,3
20260518,1496,222659,3,3
20260518,1496,266803,3,3
20260518,1496,214679,3,3
20260518,1496,216198,3,3
20260518,1496,216073,3,3
20260518,1496,220492,3,3
20260518,1496,211208,3,3
20260518,1496,270109,3,3
20260518,1496,270117,3,3
20260518,1496,270475,3,3
20260518,1496,270139,3,3
20260518,1496,269775,3,3
20260518,1496,269718,3,3
20260518,1496,269732,3,3
20260518,1496,269797,3,3
20260518,1496,270177,3,3
20260518,1496,267937,3,3
20260518,1496,263866,3,3
20260518,1496,263666,3,3
20260518,1496,260622,3,3
20260518,1496,260709,3,3
20260518,1496,264139,3,3
20260518,1496,264184,3,3
20260518,1496,264980,3,3
20260518,1496,264270,3,3
20260518,1496,266463,3,3
20260518,1496,266700,3,3
20260518,1496,266772,3,3
20260518,1496,266714,3,3
20260518,201,260203,368,22
20260518,202,223335,367,22
20260518,203,215042,366,24
20260518,204,220454,359,28
20260518,205,216055,356,25
20260518,206,260168,355,22
20260518,207,213525,352,12
20260518,208,213873,348,32
20260518,209,214604,343,28
20260518,210,222980,343,21
20260518,211,201593,342,5
20260518,212,216074,342,22
20260518,213,204431,337,27
20260518,214,202493,337,35
20260518,215,214826,337,29
20260518,216,232447,335,23
20260518,217,201555,333,19
20260518,218,260171,331,25
20260518,219,261972,330,18
20260518,220,239389,330,26
20260518,221,215988,326,32
20260518,222,260664,324,18
20260518,223,216265,323,22
20260518,224,214149,320,27
20260518,225,211552,320,28
20260518,226,220554,317,21
20260518,227,214386,316,22
20260518,228,213706,316,33
20260518,229,206007,315,33
20260518,230,214684,312,30
20260518,231,216367,309,29
20260518,232,256684,307,18
20260518,233,221209,307,24
20260518,234,221434,306,24
20260518,235,214480,305,29
20260518,236,204419,305,25
20260518,237,212303,304,34
20260518,238,211635,304,25
20260518,239,220770,303,27
20260518,240,222919,303,22
20260518,241,210303,302,32
20260518,242,201545,301,13
20260518,243,211643,298,25
20260518,244,222965,297,21
20260518,245,201458,295,4
20260518,246,211344,295,31
20260518,247,211846,292,26
20260518,248,211920,288,22
20260518,249,221911,287,34
20260518,250,206124,287,20
20260518,251,221164,282,29
20260518,252,215386,280,23
20260518,253,221885,278,24
20260518,254,221243,277,22
20260518,255,221213,275,17
20260518,256,264149,271,24
20260518,257,213620,271,27
20260518,258,222296,268,9
20260518,259,256705,268,29
20260518,260,239392,268,31
20260518,261,259685,267,19
20260518,262,223323,266,31
20260518,263,221018,266,27
20260518,264,221411,266,23
20260518,265,215314,265,18
20260518,266,222080,263,21
20260518,267,221073,262,28
20260518,268,215290,262,30
20260518,269,214937,262,21
20260518,270,260598,261,29
20260518,271,203463,260,23
20260518,272,216213,260,23
20260518,273,215614,259,29
20260518,274,216139,259,28
20260518,275,221178,258,24
20260518,276,211901,257,26
20260518,277,258199,257,31
20260518,278,213767,256,22
20260518,279,266376,253,9
20260518,280,221512,251,16
20260518,281,260206,250,26
20260518,282,222156,246,20
20260518,283,201606,243,10
20260518,284,261963,243,17
20260518,285,206430,243,27
20260518,286,246493,243,26
20260518,287,211878,242,25
20260518,288,213908,240,22
20260518,289,201483,239,26
20260518,290,223331,237,10
20260518,291,222189,235,33
20260518,292,216385,234,16
20260518,293,221104,230,24
20260518,294,211095,229,10
20260518,295,222506,228,29
20260518,296,223410,228,26
20260518,297,204427,226,14
20260518,298,213779,222,32
20260518,299,202662,219,21
20260518,300,214919,219,25
20260518,301,260765,219,12
20260518,302,259758,218,26
20260518,303,269714,218,9
20260518,304,221486,217,19
20260518,305,206345,216,23
20260518,306,223087,215,19
20260518,307,260170,215,30
20260518,308,260581,215,26
20260518,309,216116,215,22
20260518,310,221004,214,21
20260518,311,220432,214,24
20260518,312,215077,213,28
20260518,313,239438,213,18
20260518,314,221382,212,25
20260518,315,211844,211,26
20260518,316,238064,210,12
20260518,317,215807,210,28
20260518,318,221191,209,21
20260518,319,215062,207,13
20260518,320,213949,207,27
20260518,321,221099,207,31
20260518,322,221220,207,24
20260518,323,201586,204,16
20260518,324,222559,203,28
20260518,325,221362,203,15
20260518,326,201329,201,8
20260518,327,231625,201,24
20260518,328,215996,200,19
20260518,329,220589,200,17
20260518,330,214081,200,12
20260518,331,215840,199,27
20260518,332,252587,198,32
20260518,333,214262,196,22
20260518,334,236956,195,26
20260518,335,221369,195,22
20260518,336,221905,192,8
20260518,337,206194,192,23
20260518,338,266622,191,22
20260518,339,215820,190,30
20260518,340,203564,189,30
20260518,341,260913,187,24
20260518,342,221395,187,17
20260518,343,223302,187,19
20260518,344,213544,184,11
20260518,345,239397,184,27
20260518,346,215501,181,20
20260518,347,206374,180,10
20260518,348,211342,179,19
20260518,349,213657,179,24
20260518,350,222944,179,15
20260518,351,221159,178,18
20260518,352,256673,177,15
20260518,353,223415,176,28
20260518,354,220489,176,28
20260518,355,220735,176,19
20260518,356,215726,176,30
20260518,357,222397,176,18
20260518,358,246481,175,22
20260518,359,221096,174,18
20260518,360,216324,174,21
20260518,361,201585,173,13
20260518,362,221000,173,27
20260518,363,215588,173,28
20260518,364,220613,172,21
20260518,365,201613,171,19
20260518,366,267420,170,19
20260518,367,239476,170,20
20260518,368,213974,170,28
20260518,369,264187,169,23
20260518,370,214189,167,26
20260518,371,259794,167,21
20260518,372,220718,167,18
20260518,373,221023,167,26
20260518,374,260951,166,12
20260518,375,261038,166,16
20260518,376,210847,165,21
20260518,377,252495,165,8
20260518,378,221242,165,20
20260518,379,213789,165,24
20260518,380,260006,163,25
20260518,381,264075,162,13
20260518,382,220757,162,32
20260518,383,211874,160,22
20260518,384,214992,160,18
20260518,385,202688,160,25
20260518,386,215592,160,23
20260518,387,259853,160,21
20260518,388,260761,159,10
20260518,389,203435,159,30
20260518,390,211529,159,21
20260518,391,221014,158,24
20260518,392,260514,158,20
20260518,393,203288,157,23
20260518,394,215878,157,22
20260518,395,254733,157,27
20260518,396,246478,157,20
20260518,397,216095,157,31
20260518,398,206292,155,17
20260518,399,214301,155,21
20260518,400,221229,155,19
20260518,401,215468,153,15
20260518,402,201666,153,22
20260518,403,203475,152,14
20260518,404,252531,152,18
20260518,405,260541,152,19
20260518,406,211820,151,19
20260518,407,264192,150,12
20260518,408,221187,150,22
20260518,409,211756,150,11
20260518,410,214546,149,28
20260518,411,220364,148,36
20260518,412,221789,147,13
20260518,413,220781,146,24
20260518,414,260510,145,19
20260518,415,203281,143,23
20260518,416,202460,142,6
20260518,417,214521,142,29
20260518,418,264228,142,18
20260518,419,222986,142,22
20260518,420,201610,141,13
20260518,421,261049,141,24
20260518,422,220673,141,24
20260518,423,214418,141,19
20260518,424,221109,141,21
20260518,425,206362,139,22
20260518,426,219625,139,21
20260518,427,221020,138,21
20260518,428,215431,137,24
20260518,429,214507,136,20
20260518,430,213821,136,23
20260518,431,259913,136,15
20260518,432,221768,135,18
20260518,433,220164,135,16
20260518,434,216253,135,18
20260518,435,239156,134,19
20260518,436,221181,133,32
20260518,437,216044,133,18
20260518,438,221259,133,16
20260518,439,231639,132,9
20260518,440,222092,132,22
20260518,441,219887,131,14
20260518,442,239442,130,23
20260518,443,260708,130,18
20260518,444,222891,130,26
20260518,445,215566,129,23
20260518,446,211329,128,26
20260518,447,232881,128,24
20260518,448,220447,128,18
20260518,449,214653,128,18
20260518,450,222276,128,18
20260518,451,220502,127,20
20260518,452,235159,127,21
20260518,453,236967,127,22
20260518,454,211328,127,19
20260518,455,214238,127,21
20260518,456,221945,125,23
20260518,457,202410,125,26
20260518,458,221364,125,21
20260518,459,222454,124,9
20260518,460,220598,124,17
20260518,461,200748,123,10
20260518,462,215459,123,20
20260518,463,221157,122,23
20260518,464,213837,122,15
20260518,465,214219,121,17
20260518,466,221031,121,19
20260518,467,266800,121,13
20260518,468,252493,120,20
20260518,469,214862,120,16
20260518,470,213753,120,16
20260518,471,216162,120,22
20260518,472,263881,120,22
20260518,473,222675,119,14
20260518,474,221265,119,18
20260518,475,259690,119,23
20260518,476,213734,118,11
20260518,477,260565,118,15
20260518,478,223141,118,20
20260518,479,259591,117,18
20260518,480,213849,117,22
20260518,481,220306,117,18
20260518,482,216331,117,21
20260518,483,222171,116,22
20260518,484,215398,115,24
20260518,485,221982,115,23
20260518,486,269755,115,17
20260518,487,215166,114,15
20260518,488,213998,112,23
20260518,489,215018,111,16
20260518,490,203354,111,21
20260518,491,260667,110,15
20260518,492,240998,110,9
20260518,493,220808,109,8
20260518,494,211719,109,16
20260518,495,222273,109,18
20260518,496,260539,109,18
20260518,497,233742,108,28
20260518,498,220827,108,18
20260518,499,214741,107,18
20260518,500,211646,107,20
20260518,501,221168,106,18
20260518,502,204394,106,16
20260518,503,230880,106,19
20260518,504,213771,106,19
20260518,505,222837,105,18
20260518,506,215550,105,15
20260518,507,221443,105,19
20260518,508,220351,105,20
20260518,509,266450,105,23
20260518,510,262891,104,10
20260518,511,252488,104,21
20260518,512,216579,104,20
20260518,513,214930,104,12
20260518,514,223100,104,18
20260518,515,215898,103,22
20260518,516,215151,103,17
20260518,517,259883,103,10
20260518,518,215163,103,19
20260518,519,206219,102,15
20260518,520,215134,102,26
20260518,521,211809,102,14
20260518,522,214271,102,16
20260518,523,265197,102,18
20260518,524,261015,101,17
20260518,525,201554,100,12
20260518,526,215733,100,21
20260518,527,222859,100,18
20260518,528,245077,100,23
20260518,529,203578,100,9
20260518,530,220513,100,17
20260518,531,216173,100,20
20260518,532,260339,99,15
20260518,533,269870,99,16
20260518,534,215971,99,22
20260518,535,221959,99,23
20260518,536,221468,98,14
20260518,537,263872,97,13
20260518,538,260847,97,11
20260518,539,260613,97,20
20260518,540,222369,97,24
20260518,541,264227,95,13
20260518,542,214091,95,19
20260518,543,202619,95,11
20260518,544,211411,94,5
20260518,545,214839,94,12
20260518,546,247647,94,18
20260518,547,260141,94,25
20260518,548,203591,93,16
20260518,549,213947,92,17
20260518,550,221497,92,14
20260518,551,221657,92,17
20260518,552,214600,91,11
20260518,553,244087,91,15
20260518,554,260445,91,17
20260518,555,260142,90,10
20260518,556,260296,90,16
20260518,557,211063,90,25
20260518,558,264967,90,13
20260518,559,260763,89,17
20260518,560,213896,89,18
20260518,561,264144,89,11
20260518,562,211765,88,11
20260518,563,220496,88,24
20260518,564,216007,88,13
20260518,565,256712,88,20
20260518,566,216051,87,19
20260518,567,260647,87,17
20260518,568,260737,87,13
20260518,569,220842,86,8
20260518,570,220550,86,13
20260518,571,214779,86,16
20260518,572,260714,86,8
20260518,573,260446,86,18
20260518,574,202672,85,27
20260518,575,216268,85,13
20260518,576,233747,85,17
20260518,577,261071,85,17
20260518,578,263853,84,12
20260518,579,270058,84,9
20260518,580,216186,84,17
20260518,581,266864,84,11
20260518,582,214505,84,11
20260518,583,239393,84,19
20260518,584,216013,83,12
20260518,585,220946,83,16
20260518,586,220891,83,23
20260518,587,206255,82,9
20260518,588,259575,82,19
20260518,589,202454,82,13
20260518,590,222390,82,14
20260518,591,210537,82,17
20260518,592,219892,82,18
20260518,593,216076,81,12
20260518,594,265701,81,11
20260518,595,221952,81,13
20260518,596,237454,81,17
20260518,597,221003,81,19
20260518,598,261097,81,19
20260518,599,266642,81,22
20260518,600,221116,80,8
20260518,601,254765,80,12
20260518,602,266448,80,16
20260518,603,239158,80,19
20260518,604,214007,80,20
20260518,605,216160,79,14
20260518,606,223120,79,22
20260518,607,203513,79,8
20260518,608,260368,79,13
20260518,609,214319,79,17
20260518,610,265692,79,18
20260518,611,215909,79,24
20260518,612,220597,78,14
20260518,613,259916,78,7
20260518,614,201549,77,4
20260518,615,260966,77,14
20260518,616,206102,77,18
20260518,617,267882,76,15
20260518,618,215545,76,15
20260518,619,220429,76,15
20260518,620,252535,76,22
20260518,621,221834,75,5
20260518,622,221473,75,8
20260518,623,220453,75,15
20260518,624,221141,75,17
20260518,625,266469,74,9
20260518,626,215064,74,8
20260518,627,230882,74,10
20260518,628,215472,74,16
20260518,629,206108,73,6
20260518,630,260338,73,10
20260518,631,266431,73,14
20260518,632,215013,73,17
20260518,633,264140,72,11
20260518,634,222297,72,11
20260518,635,257874,72,19
20260518,636,206406,72,14
20260518,637,222878,72,13
20260518,638,220672,72,18
20260518,639,215259,71,14
20260518,640,270082,71,6
20260518,641,228909,71,16
20260518,642,221624,70,11
20260518,643,222481,70,15
20260518,644,236980,70,18
20260518,645,258191,70,21
20260518,646,259967,69,12
20260518,647,223203,69,8
20260518,648,220560,69,16
20260518,649,263909,69,11
20260518,650,202430,69,12
20260518,651,252509,69,13
20260518,652,264064,68,17
20260518,653,221465,68,15
20260518,654,260490,68,16
20260518,655,221454,68,23
20260518,656,213739,67,19
20260518,657,215832,67,15
20260518,658,241717,67,7
20260518,659,260694,67,17
20260518,660,252571,66,19
20260518,661,225850,66,12
20260518,662,222037,66,6
20260518,663,221914,66,17
20260518,664,260032,66,19
20260518,665,210138,65,17
20260518,666,254748,65,5
20260518,667,215616,65,10
20260518,668,213672,64,11
20260518,669,214872,64,18
20260518,670,216587,64,12
20260518,671,213772,64,15
20260518,672,204294,64,13
20260518,673,206075,64,17
20260518,674,264207,64,19
20260518,675,206248,64,15
20260518,676,221370,64,18
20260518,677,267382,63,6
20260518,678,221994,63,20
20260518,679,266901,63,13
20260518,680,214212,63,15
20260518,681,221773,63,16
20260518,682,234474,63,19
20260518,683,259567,62,15
20260518,684,202921,62,8
20260518,685,241714,62,14
20260518,686,220997,62,17
20260518,687,211269,61,8
20260518,688,270080,61,9
20260518,689,210526,61,11
20260518,690,263941,61,15
20260518,691,221469,60,13
20260518,692,260787,60,10
20260518,693,216075,60,12
20260518,694,235161,60,7
20260518,695,201524,59,15
20260518,696,239386,59,12
20260518,697,214868,59,10
20260518,698,260017,59,13
20260518,699,203500,58,9
20260518,700,215778,58,9
20260518,701,260254,58,11
20260518,702,221165,58,12
20260518,703,270061,58,14
20260518,704,216062,57,12
20260518,705,225854,57,18
20260518,706,270065,57,9
20260518,707,263626,57,12
20260518,708,263869,56,13
20260518,709,260225,56,12
20260518,710,220053,56,12
20260518,711,221864,56,14
20260518,712,220645,56,17
20260518,713,201614,55,4
20260518,714,204223,55,16
20260518,715,220578,55,19
20260518,716,222458,55,15
20260518,717,221746,55,17
20260518,718,270076,55,9
20260518,719,215707,55,12
20260518,720,222347,55,13
20260518,721,216038,54,22
20260518,722,264205,54,18
20260518,723,215921,54,11
20260518,724,221086,53,6
20260518,725,225858,53,13
20260518,726,221192,53,8
20260518,727,220491,53,15
20260518,728,202536,52,6
20260518,729,211668,52,7
20260518,730,202464,52,9
20260518,731,239422,52,7
20260518,732,259754,52,9
20260518,733,269717,52,10
20260518,734,220740,52,11
20260518,735,260766,52,12
20260518,736,267651,52,19
20260518,737,222255,51,9
20260518,738,220875,51,10
20260518,739,215015,51,11
20260518,740,202693,51,12
20260518,741,215806,50,13
20260518,742,206060,50,10
20260518,743,233718,50,7
20260518,744,260273,50,12
20260518,745,215505,50,15
20260518,746,228910,50,15
20260518,747,267115,49,16
20260518,748,213551,49,12
20260518,749,221173,49,13
20260518,750,260848,48,14
20260518,751,222330,48,11
20260518,752,259762,48,6
20260518,753,222421,48,11
20260518,754,260214,48,12
20260518,755,263148,48,15
20260518,756,216180,48,15
20260518,757,239454,48,16
20260518,758,269866,47,10
20260518,759,221903,47,13
20260518,760,221062,47,13
20260518,761,210158,47,8
20260518,762,259858,47,13
20260518,763,211544,47,14
20260518,764,260101,46,9
20260518,765,260638,46,8
20260518,766,220684,46,13
20260518,767,214713,46,15
20260518,768,221509,46,9
20260518,769,222028,46,13
20260518,770,223421,46,13
20260518,771,222346,46,14
20260518,772,221474,46,14
20260518,773,220497,46,16
20260518,774,266937,45,12
20260518,775,230876,45,11
20260518,776,222667,45,15
20260518,777,260042,45,6
20260518,778,216316,45,9
20260518,779,210500,45,10
20260518,780,221568,45,20
20260518,781,201611,44,3
20260518,782,259996,44,8
20260518,783,221221,44,10
20260518,784,260528,44,12
20260518,785,260582,44,16
20260518,786,267428,43,5
20260518,787,253681,43,12
20260518,788,220392,43,5
20260518,789,223402,43,9
20260518,790,264973,43,12
20260518,791,266529,43,13
20260518,792,264085,42,7
20260518,793,222184,42,10
20260518,794,260845,42,10
20260518,795,223404,42,11
20260518,796,220494,42,13
20260518,797,222299,42,13
20260518,798,239453,42,16
20260518,799,245094,41,9
20260518,800,223373,41,7
20260518,801,266407,41,8
20260518,802,266509,41,9
20260518,803,221886,41,11
20260518,804,264069,41,12
20260518,805,222262,41,14
20260518,806,266851,40,6
20260518,807,216107,40,12
20260518,808,263980,40,12
20260518,809,223418,40,12
20260518,810,221219,40,14
20260518,811,263995,39,10
20260518,812,265688,39,18
20260518,813,220713,39,10
20260518,814,267176,39,8
20260518,815,263801,39,14
20260518,816,215966,39,14
20260518,817,201518,38,3
20260518,818,211864,38,13
20260518,819,264130,38,13
20260518,820,266488,38,8
20260518,821,260003,38,15
20260518,822,216256,38,16
20260518,823,221247,37,7
20260518,824,215019,37,11
20260518,825,214935,37,10
20260518,826,221195,37,10
20260518,827,221413,37,11
20260518,828,203509,37,13
20260518,829,223146,37,15
20260518,830,221585,37,16
20260518,831,202446,36,2
20260518,832,269253,36,9
20260518,833,260711,36,7
20260518,834,266771,36,12
20260518,835,260762,36,13
20260518,836,223399,36,5
20260518,837,221463,36,9
20260518,838,264029,36,11
20260518,839,215372,36,13
20260518,840,264151,35,4
20260518,841,269864,35,7
20260518,842,223326,35,7
20260518,843,221862,35,7
20260518,844,214771,35,10
20260518,845,258192,35,10
20260518,846,260984,35,12
20260518,847,219979,35,14
20260518,848,266682,34,6
20260518,849,220825,34,14
20260518,850,264975,34,4
20260518,851,239446,34,5
20260518,852,260860,34,12
20260518,853,260062,34,13
20260518,854,214696,33,6
20260518,855,260914,33,14
20260518,856,263974,33,4
20260518,857,260277,33,8
20260518,858,266541,33,9
20260518,859,206336,33,13
20260518,860,201540,32,6
20260518,861,214877,32,7
20260518,862,270195,32,5
20260518,863,211511,32,5
20260518,864,267400,32,5
20260518,865,270320,32,5
20260518,866,210672,32,7
20260518,867,266720,32,8
20260518,868,216158,32,10
20260518,869,220563,32,13
20260518,870,259965,32,16
20260518,871,201520,31,4
20260518,872,267409,31,10
20260518,873,202443,31,9
20260518,874,213948,31,8
20260518,875,264131,31,9
20260518,876,264978,31,11
20260518,877,270078,31,12
20260518,878,234481,31,13
20260518,879,261098,31,14
20260518,880,260279,31,14
20260518,881,222668,31,16
20260518,882,214535,30,7
20260518,883,222000,30,12
20260518,884,210705,30,4
20260518,885,267104,30,5
20260518,886,259989,30,9
20260518,887,222239,30,11
20260518,888,263808,30,13
20260518,889,223375,30,7
20260518,890,223080,30,7
20260518,891,260767,30,7
20260518,892,211951,29,11
20260518,893,268770,29,1
20260518,894,270019,29,4
20260518,895,204309,29,5
20260518,896,220690,29,6
20260518,897,264167,29,6
20260518,898,202580,29,7
20260518,899,221422,29,7
20260518,900,266379,29,7
20260518,901,222294,29,11
20260518,902,266455,28,14
20260518,903,215693,28,16
20260518,904,263905,28,8
20260518,905,264180,28,11
20260518,906,267616,28,3
20260518,907,239387,28,4
20260518,908,259820,28,5
20260518,909,211796,28,6
20260518,910,214909,28,9
20260518,911,202916,28,9
20260518,912,235160,28,10
20260518,913,220642,28,15
20260518,914,202434,27,7
20260518,915,264962,27,9
20260518,916,260226,27,9
20260518,917,261132,27,11
20260518,918,206408,27,3
20260518,919,221929,27,4
20260518,920,216340,27,5
20260518,921,263677,27,6
20260518,922,214934,27,9
20260518,923,253679,27,10
20260518,924,220493,27,13
20260518,925,261957,26,10
20260518,926,223163,26,12
20260518,927,211921,26,4
20260518,928,256686,26,6
20260518,929,221440,26,7
20260518,930,220695,26,7
20260518,931,220276,26,9
20260518,932,214540,26,10
20260518,933,223308,26,11
20260518,934,266758,26,13
20260518,935,266381,25,6
20260518,936,210913,25,11
20260518,937,220887,25,11
20260518,938,269968,25,2
20260518,939,260374,25,5
20260518,940,267841,25,9
20260518,941,214398,25,10
20260518,942,239160,25,11
20260518,943,259105,25,15
20260518,944,214020,24,7
20260518,945,260137,24,4
20260518,946,270449,24,5
20260518,947,221741,24,7
20260518,948,214605,24,8
20260518,949,265040,24,9
20260518,950,245079,24,10
20260518,951,202596,23,8
20260518,952,213541,23,8
20260518,953,214800,23,12
20260518,954,270159,23,5
20260518,955,220591,23,6
20260518,956,263751,23,6
20260518,957,221621,23,7
20260518,958,270129,23,9
20260518,959,259907,23,9
20260518,960,270165,23,10
20260518,961,260224,23,10
20260518,962,216078,23,10
20260518,963,215177,23,10
20260518,964,215440,23,10
20260518,965,255662,23,11
20260518,966,215805,23,11
20260518,967,221542,23,12
20260518,968,221210,22,5
20260518,969,239102,22,3
20260518,970,269259,22,5
20260518,971,221150,22,7
20260518,972,215879,22,11
20260518,973,266645,22,3
20260518,974,260150,22,3
20260518,975,221371,22,5
20260518,976,267422,22,5
20260518,977,222509,22,5
20260518,978,263981,22,5
20260518,979,263622,22,6
20260518,980,216311,22,7
20260518,981,270125,22,7
20260518,982,264216,22,9
20260518,983,241745,22,10
20260518,984,214519,22,11
20260518,985,222856,21,10
20260518,986,211222,21,7
20260518,987,221915,21,10
20260518,988,222762,21,3
20260518,989,267022,21,6
20260518,990,215795,21,6
20260518,991,263687,21,8
20260518,992,252584,21,8
20260518,993,261066,21,8
20260518,994,260871,21,8
20260518,995,220551,21,8
20260518,996,222305,21,9
20260518,997,219331,21,11
20260518,997,210645,21,11
20260518,999,221148,21,11
20260518,1000,266659,21,12
20260525,1,214544,9960,19
20260525,2,214981,8313,22
20260525,3,216347,7273,19
20260525,4,221103,6749,19
20260525,5,202468,6286,20
20260525,6,216153,5958,17
20260525,7,202494,4315,15
20260525,8,259799,4181,21
20260525,9,239475,3710,21
20260525,10,214096,3318,19
20260525,11,202505,3145,19
20260525,12,222328,3054,22
20260525,13,211148,2787,20
20260525,14,206420,2679,27
20260525,15,216146,2387,19
20260525,16,211768,2341,20
20260525,17,260300,2306,23
20260525,18,201514,1985,25
20260525,19,201619,1962,20
20260525,20,220704,1920,23
20260525,21,210722,1858,21
20260525,22,220367,1844,29
20260525,23,223670,1796,25
20260525,24,214939,1792,21
20260525,25,215613,1719,26
20260525,26,221024,1683,24
20260525,27,214643,1635,24
20260525,28,213631,1631,24
20260525,29,215983,1601,28
20260525,30,215713,1470,21
20260525,31,211533,1464,21
20260525,32,211713,1414,27
20260525,33,213710,1406,26
20260525,34,216133,1371,26
20260525,35,239383,1369,22
20260525,36,211701,1362,21
20260525,37,223253,1340,30
20260525,38,220714,1320,25
20260525,39,221054,1301,20
20260525,40,222145,1292,28
20260525,41,206252,1271,18
20260525,42,238184,1265,18
20260525,43,222391,1264,17
20260525,44,214954,1263,15
20260525,45,215035,1246,26
20260525,46,211684,1238,24
20260525,47,201696,1230,19
20260525,48,220520,1229,26
20260525,49,206289,1208,25
20260525,50,222601,1200,25
20260525,51,238075,1140,30
20260525,52,233741,1130,26
20260525,53,214082,1119,24
20260525,54,213583,1111,35
20260525,55,263857,1093,32
20260525,56,221012,1080,14
20260525,57,214388,1047,27
20260525,58,221883,1040,33
20260525,59,215910,1029,32
20260525,60,211843,1026,16
20260525,61,201533,1025,28
20260525,62,222661,1019,17
20260525,63,216083,1018,25
20260525,64,222045,1011,27
20260525,65,220716,1005,28
20260525,66,220309,1003,26
20260525,67,221039,984,26
20260525,68,221333,974,23
20260525,69,223360,970,21
20260525,70,219875,969,21
20260525,71,211107,941,25
20260525,72,202499,933,24
20260525,73,202663,931,23
20260525,74,213887,925,30
20260525,75,203501,919,13
20260525,76,201709,918,26
20260525,77,211817,918,23
20260525,78,220548,915,22
20260525,79,219917,905,35
20260525,80,220435,903,33
20260525,81,220332,901,23
20260525,82,203530,901,26
20260525,83,214040,880,30
20260525,84,220662,873,29
20260525,85,206368,868,12
20260525,86,215785,868,26
20260525,87,213550,867,26
20260525,88,221407,865,29
20260525,89,215872,860,31
20260525,90,260172,857,18
20260525,91,215899,856,30
20260525,92,220348,853,27
20260525,93,220750,839,25
20260525,94,215306,833,29
20260525,95,211337,829,33
20260525,96,230870,818,27
20260525,97,222290,799,28
20260525,98,221257,795,32
20260525,99,243420,790,32
20260525,100,201548,784,26
20260525,101,221307,767,24
20260525,102,215936,736,24
20260525,103,215020,733,29
20260525,104,223286,730,29
20260525,105,206242,724,27
20260525,106,201662,710,8
20260525,107,220416,707,31
20260525,108,220465,705,27
20260525,109,215138,702,24
20260525,110,221985,701,31
20260525,111,215219,696,22
20260525,112,201499,694,16
20260525,113,222966,694,30
20260525,114,216081,693,22
20260525,115,213646,691,27
20260525,116,206294,688,26
20260525,117,252499,685,28
20260525,118,221237,678,27
20260525,119,211651,675,19
20260525,120,221909,663,24
20260525,121,211814,661,32
20260525,122,206417,653,31
20260525,123,221236,648,26
20260525,124,205925,642,25
20260525,125,211685,640,27
20260525,126,259733,622,24
20260525,127,223194,611,30
20260525,128,215480,604,30
20260525,129,210886,593,29
20260525,130,221406,591,27
20260525,131,221124,587,27
20260525,132,214119,572,23
20260525,133,222233,572,14
20260525,134,214461,565,19
20260525,135,220722,561,30
20260525,136,263644,557,17
20260525,137,202684,552,21
20260525,138,221354,551,26
20260525,139,203514,546,30
20260525,140,210622,546,25
20260525,141,213666,534,24
20260525,142,247669,530,22
20260525,143,211880,527,22
20260525,144,223321,527,30
20260525,145,215037,522,26
20260525,146,223168,521,26
20260525,147,236957,519,28
20260525,148,216016,516,17
20260525,149,222258,506,23
20260525,150,220466,501,17
20260525,151,215337,499,16
20260525,152,214593,495,28
20260525,153,239456,494,27
20260525,154,201551,492,32
20260525,155,266671,492,21
20260525,156,221626,491,19
20260525,157,222017,489,28
20260525,158,220742,487,28
20260525,159,215370,479,20
20260525,160,202600,475,24
20260525,161,223325,474,23
20260525,162,223333,472,32
20260525,163,215572,463,29
20260525,164,213889,460,22
20260525,165,216097,459,27
20260525,166,215250,454,21
20260525,167,202604,452,33
20260525,168,220446,452,26
20260525,169,201478,450,32
20260525,170,213525,449,12
20260525,171,211279,449,24
20260525,172,214459,448,32
20260525,173,216566,448,15
20260525,174,214646,446,28
20260525,175,215453,438,28
20260525,176,214452,437,21
20260525,177,236955,432,23
20260525,178,259871,432,19
20260525,179,220699,431,27
20260525,180,211316,423,28
20260525,181,211539,418,15
20260525,182,214906,417,23
20260525,183,215946,411,25
20260525,184,261972,404,19
20260525,185,259857,403,19
20260525,186,211702,395,25
20260525,187,267439,393,26
20260525,188,201621,393,29
20260525,189,213576,391,25
20260525,190,236972,391,20
20260525,191,215571,389,29
20260525,192,214236,383,35
20260525,193,204411,382,16
20260525,194,221803,382,26
20260525,195,215992,381,31
20260525,196,220733,377,31
20260525,197,214181,377,26
20260525,198,211227,377,22
20260525,199,239436,374,30
20260525,200,214254,371,28
20260525,1001,211222,20,6
20260525,1002,261133,20,10
20260525,1003,260433,20,13
20260525,1004,202858,20,2
20260525,1005,214182,20,3
20260525,1006,270315,20,4
20260525,1007,270181,20,5
20260525,1008,223398,20,5
20260525,1009,264073,20,6
20260525,1010,213775,20,7
20260525,1011,211541,20,8
20260525,1012,267431,20,9
20260525,1013,259981,20,9
20260525,1014,266659,20,11
20260525,1015,267932,20,11
20260525,1016,260323,20,13
20260525,1017,214535,19,6
20260525,1018,215696,19,12
20260525,1019,260297,19,4
20260525,1020,220470,19,5
20260525,1021,222202,19,5
20260525,1022,239474,19,6
20260525,1023,239126,19,9
20260525,1024,261082,19,9
20260525,1025,260185,19,9
20260525,1026,260261,19,9
20260525,1027,225861,19,10
20260525,1028,221055,19,10
20260525,1029,210645,19,11
20260525,1030,215712,19,12
20260525,1031,206335,18,1
20260525,1032,239390,18,8
20260525,1033,220297,18,9
20260525,1034,266651,18,6
20260525,1035,221410,18,9
20260525,1036,223160,18,2
20260525,1037,260306,18,3
20260525,1038,269275,18,4
20260525,1038,259576,18,4
20260525,1040,263625,18,5
20260525,1041,221396,18,5
20260525,1042,266765,18,6
20260525,1043,261104,18,7
20260525,1044,267449,18,8
20260525,1045,221203,18,8
20260525,1046,222305,18,8
20260525,1047,237465,18,9
20260525,1048,260828,18,9
20260525,1049,259854,18,9
20260525,1050,222177,18,10
20260525,1051,249659,18,10
20260525,1052,216381,18,11
20260525,1053,261964,17,10
20260525,1054,246476,17,10
20260525,1055,260612,17,8
20260525,1056,269710,17,2
20260525,1057,268787,17,3
20260525,1058,260167,17,3
20260525,1059,215697,17,5
20260525,1060,252586,17,6
20260525,1061,224485,17,6
20260525,1062,259623,17,6
20260525,1062,266523,17,6
20260525,1064,260398,17,7
20260525,1065,221736,17,7
20260525,1066,222213,17,8
20260525,1067,269254,17,10
20260525,1068,213541,16,6
20260525,1069,264961,16,6
20260525,1070,266722,16,7
20260525,1071,269954,16,2
20260525,1072,260842,16,2
20260525,1072,270322,16,2
20260525,1072,222236,16,2
20260525,1075,222602,16,4
20260525,1076,261073,16,4
20260525,1077,264243,16,5
20260525,1078,221139,16,5
20260525,1079,259797,16,6
20260525,1080,260777,16,6
20260525,1081,239449,16,8
20260525,1082,266374,16,10
20260525,1083,270262,15,1
20260525,1084,201565,15,3
20260525,1085,211043,15,7
20260525,1086,205964,15,1
20260525,1086,211021,15,1
20260525,1088,267534,15,2
20260525,1089,263865,15,3
20260525,1090,260443,15,5
20260525,1091,214746,15,5
20260525,1092,267180,15,5
20260525,1093,269772,15,5
20260525,1094,252519,15,6
20260525,1095,223284,15,7
20260525,1096,252582,15,7
20260525,1097,267734,15,7
20260525,1098,260717,15,7
20260525,1099,267927,15,7
20260525,1100,267425,15,8
20260525,1101,215467,15,8
20260525,1102,244079,15,9
20260525,1103,219444,15,9
20260525,1103,263889,15,9
20260525,1105,219331,15,10
20260525,1106,260400,15,12
20260525,1107,260580,14,2
20260525,1108,221441,14,5
20260525,1109,201582,14,5
20260525,1110,212043,14,8
20260525,1111,215721,14,8
20260525,1112,210705,14,3
20260525,1113,216225,14,6
20260525,1114,221069,14,9
20260525,1115,215144,14,4
20260525,1115,203537,14,4
20260525,1117,238071,14,5
20260525,1118,266629,14,5
20260525,1119,215970,14,5
20260525,1119,220564,14,5
20260525,1121,219872,14,5
20260525,1122,214503,14,6
20260525,1123,221377,14,6
20260525,1124,264114,14,7
20260525,1125,216315,14,7
20260525,1126,246518,14,8
20260525,1126,221258,14,8
20260525,1128,214909,14,8
20260525,1129,219874,14,9
20260525,1130,222748,14,9
20260525,1131,222225,13,5
20260525,1132,213721,13,7
20260525,1133,259739,13,8
20260525,1134,211407,13,2
20260525,1135,270204,13,2
20260525,1135,267920,13,2
20260525,1135,261278,13,2
20260525,1138,261008,13,3
20260525,1139,220614,13,4
20260525,1140,219983,13,4
20260525,1141,264280,13,4
20260525,1142,220689,13,5
20260525,1143,261968,13,5
20260525,1144,264505,13,6
20260525,1145,269835,13,6
20260525,1146,260583,13,6
20260525,1147,222376,13,6
20260525,1148,222734,13,7
20260525,1149,269801,13,7
20260525,1150,221310,13,7
20260525,1150,221158,13,7
20260525,1152,266795,13,7
20260525,1153,230120,13,8
20260525,1154,221013,13,8
20260525,1154,260556,13,8
20260525,1156,260085,13,9
20260525,1157,263676,13,9
20260525,1158,241735,13,11
20260525,1159,215735,12,7
20260525,1160,211285,12,7
20260525,1161,269704,12,3
20260525,1162,215802,12,5
20260525,1163,269872,12,7
20260525,1164,221688,12,1
20260525,1165,223159,12,2
20260525,1166,270132,12,3
20260525,1166,260926,12,3
20260525,1166,260631,12,3
20260525,1169,260693,12,3
20260525,1169,214019,12,3
20260525,1171,269734,12,4
20260525,1172,214460,12,5
20260525,1172,264150,12,5
20260525,1174,214974,12,6
20260525,1174,266467,12,6
20260525,1176,202387,12,6
20260525,1177,270115,12,8
20260525,1178,213830,11,8
20260525,1179,211592,11,7
20260525,1180,264510,11,2
20260525,1180,270089,11,2
20260525,1182,270357,11,3
20260525,1182,266378,11,3
20260525,1182,260957,11,3
20260525,1185,214784,11,3
20260525,1186,260220,11,3
20260525,1186,267509,11,3
20260525,1188,265628,11,3
20260525,1189,219965,11,4
20260525,1190,264107,11,4
20260525,1190,221025,11,4
20260525,1190,267845,11,4
20260525,1190,222112,11,4
20260525,1190,267540,11,4
20260525,1195,259608,11,4
20260525,1196,270274,11,4
20260525,1197,262883,11,5
20260525,1198,265020,11,5
20260525,1199,214901,11,6
20260525,1199,267387,11,6
20260525,1199,242450,11,6
20260525,1202,215854,11,6
20260525,1203,223435,11,7
20260525,1203,201691,11,7
20260525,1205,246484,11,7
20260525,1206,260742,11,7
20260525,1207,206161,11,7
20260525,1208,221315,11,7
20260525,1209,236968,11,8
20260525,1210,221269,11,9
20260525,1211,201616,10,6
20260525,1212,266383,10,4
20260525,1213,205562,10,7
20260525,1214,262886,10,2
20260525,1215,220343,10,2
20260525,1215,238209,10,2
20260525,1217,215236,10,3
20260525,1217,266476,10,3
20260525,1219,253665,10,3
20260525,1219,220436,10,3
20260525,1221,260604,10,4
20260525,1222,221913,10,4
20260525,1223,263940,10,4
20260525,1224,222215,10,5
20260525,1225,221940,10,5
20260525,1226,261129,10,5
20260525,1226,260455,10,5
20260525,1226,214277,10,5
20260525,1226,266533,10,5
20260525,1230,219754,10,5
20260525,1231,259569,10,6
20260525,1232,223153,10,6
20260525,1232,268778,10,6
20260525,1232,223198,10,6
20260525,1232,220394,10,6
20260525,1236,259964,10,6
20260525,1236,266409,10,6
20260525,1238,260100,10,7
20260525,1239,266549,10,8
20260525,1239,221771,10,8
20260525,1241,216156,10,8
20260525,1241,222158,10,8
20260525,1241,216405,10,8
20260525,1244,268781,9,4
20260525,1245,211779,9,6
20260525,1246,221933,9,7
20260525,1247,264986,9,7
20260525,1248,206205,9,8
20260525,1249,270302,9,6
20260525,1250,234246,9,3
20260525,1250,270091,9,3
20260525,1252,270265,9,3
20260525,1253,270266,9,3
20260525,1254,266543,9,4
20260525,1254,265713,9,4
20260525,1254,238068,9,4
20260525,1254,259849,9,4
20260525,1258,264014,9,4
20260525,1258,270194,9,4
20260525,1260,267885,9,4
20260525,1260,214787,9,4
20260525,1262,266406,9,5
20260525,1262,215956,9,5
20260525,1262,269267,9,5
20260525,1262,259769,9,5
20260525,1266,270281,9,5
20260525,1267,260122,9,5
20260525,1267,259998,9,5
20260525,1267,264226,9,5
20260525,1270,220286,9,5
20260525,1270,263706,9,5
20260525,1272,211600,9,6
20260525,1272,215161,9,6
20260525,1272,259763,9,6
20260525,1275,259113,9,6
20260525,1275,223411,9,6
20260525,1275,267723,9,6
20260525,1278,256682,9,7
20260525,1278,221524,9,7
20260525,1278,260378,9,7
20260525,1281,260715,9,8
20260525,1282,252494,9,9
20260525,1283,265207,8,5
20260525,1284,263775,8,5
20260525,1285,259104,8,4
20260525,1286,215222,8,8
20260525,1287,260839,8,3
20260525,1287,215701,8,3
20260525,1287,222377,8,3
20260525,1287,269943,8,3
20260525,1291,267441,8,3
20260525,1291,260159,8,3
20260525,1293,270039,8,4
20260525,1293,259914,8,4
20260525,1293,223161,8,4
20260525,1293,257898,8,4
20260525,1297,205492,8,4
20260525,1298,221371,8,4
20260525,1298,223214,8,4
20260525,1298,261094,8,4
20260525,1301,223356,8,4
20260525,1302,223006,8,5
20260525,1302,264138,8,5
20260525,1304,215926,8,5
20260525,1304,267722,8,5
20260525,1304,220633,8,5
20260525,1304,265015,8,5
20260525,1304,239484,8,5
20260525,1304,264252,8,5
20260525,1304,223389,8,5
20260525,1304,267435,8,5
20260525,1312,260387,8,6
20260525,1312,257881,8,6
20260525,1312,222613,8,6
20260525,1312,237467,8,6
20260525,1316,241003,8,8
20260525,1317,256710,7,7
20260525,1318,260888,7,4
20260525,1319,222838,7,3
20260525,1319,222847,7,3
20260525,1319,202639,7,3
20260525,1319,264275,7,3
20260525,1319,263890,7,3
20260525,1319,254760,7,3
20260525,1319,267473,7,3
20260525,1319,221795,7,3
20260525,1327,267423,7,3
20260525,1327,259590,7,3
20260525,1327,220356,7,3
20260525,1327,264215,7,3
20260525,1327,221214,7,3
20260525,1332,220469,7,4
20260525,1332,270047,7,4
20260525,1332,260204,7,4
20260525,1335,220289,7,4
20260525,1335,270186,7,4
20260525,1337,221083,7,5
20260525,1337,263701,7,5
20260525,1337,246485,7,5
20260525,1337,264966,7,5
20260525,1337,260881,7,5
20260525,1337,260962,7,5
20260525,1337,263717,7,5
20260525,1337,215492,7,5
20260525,1345,222318,7,5
20260525,1345,263809,7,5
20260525,1347,269757,7,7
20260525,1347,268772,7,7
20260525,1347,216140,7,7
20260525,1350,202440,6,3
20260525,1351,263978,6,4
20260525,1352,201399,6,5
20260525,1353,220422,6,6
20260525,1354,215043,6,4
20260525,1355,270133,6,6
20260525,1356,214450,6,3
20260525,1356,215647,6,3
20260525,1356,259987,6,3
20260525,1356,259719,6,3
20260525,1356,215085,6,3
20260525,1361,266805,6,3
20260525,1361,222637,6,3
20260525,1361,220512,6,3
20260525,1364,221515,6,4
20260525,1364,269906,6,4
20260525,1364,260503,6,4
20260525,1364,259946,6,4
20260525,1364,260373,6,4
20260525,1364,222274,6,4
20260525,1364,220772,6,4
20260525,1364,216092,6,4
20260525,1364,270383,6,4
20260525,1364,260653,6,4
20260525,1364,260066,6,4
20260525,1364,264198,6,4
20260525,1364,270216,6,4
20260525,1364,260792,6,4
20260525,1364,266492,6,4
20260525,1364,266781,6,4
20260525,1364,267424,6,4
20260525,1364,266372,6,4
20260525,1364,222309,6,4
20260525,1364,239157,6,4
20260525,1364,222332,6,4
20260525,1385,222161,6,5
20260525,1385,259803,6,5
20260525,1385,241018,6,5
20260525,1385,260393,6,5
20260525,1389,267408,6,6
20260525,1389,269753,6,6
20260525,1389,237481,6,6
20260525,1389,220790,6,6
20260525,1389,260723,6,6
20260525,1389,260774,6,6
20260525,1389,221197,6,6
20260525,1389,267695,6,6
20260525,1397,270400,5,3
20260525,1397,270350,5,3
20260525,1397,270100,5,3
20260525,1397,263728,5,3
20260525,1397,267525,5,3
20260525,1402,245076,5,3
20260525,1402,221963,5,3
20260525,1402,266823,5,3
20260525,1402,267025,5,3
20260525,1402,222061,5,3
20260525,1402,239172,5,3
20260525,1402,223452,5,3
20260525,1402,221923,5,3
20260525,1402,215174,5,3
20260525,1402,267465,5,3
20260525,1402,270203,5,3
20260525,1402,221337,5,3
20260525,1402,233729,5,3
20260525,1402,259887,5,3
20260525,1402,266532,5,3
20260525,1402,267748,5,3
20260525,1402,222606,5,3
20260525,1402,270237,5,3
20260525,1402,261021,5,3
20260525,1402,264274,5,3
20260525,1402,223397,5,3
20260525,1402,258195,5,3
20260525,1402,270164,5,3
20260525,1402,264248,5,3
20260525,1402,222845,5,3
20260525,1402,266713,5,3
20260525,1402,222623,5,3
20260525,1402,267671,5,3
20260525,1402,221078,5,3
20260525,1402,223046,5,3
20260525,1402,267462,5,3
20260525,1433,260893,5,4
20260525,1433,230121,5,4
20260525,1433,269718,5,4
20260525,1433,223352,5,4
20260525,1433,221346,5,4
20260525,1438,220071,5,5
20260525,1438,264998,5,5
20260525,1438,270258,5,5
20260525,1438,223416,5,5
20260525,1438,235155,5,5
20260525,1438,266593,5,5
20260525,1438,222180,5,5
20260525,1438,222520,5,5
20260525,1438,270207,5,5
20260525,1438,203370,5,5
20260525,1448,270380,4,4
20260525,1449,264242,4,4
20260525,1450,221988,4,4
20260525,1450,265610,4,4
20260525,1452,260464,4,3
20260525,1452,270154,4,3
20260525,1452,260674,4,3
20260525,1452,260178,4,3
20260525,1452,220687,4,3
20260525,1452,267083,4,3
20260525,1458,260479,4,4
20260525,1458,249668,4,4
20260525,1458,269773,4,4
20260525,1458,270475,4,4
20260525,1458,214679,4,4
20260525,1458,246480,4,4
20260525,1458,263838,4,4
20260525,1458,264068,4,4
20260525,1458,206708,4,4
20260525,1458,267493,4,4
20260525,1458,266849,4,4
20260525,1458,222367,4,4
20260525,1458,244077,4,4
20260525,1458,260779,4,4
20260525,1458,252487,4,4
20260525,1458,215430,4,4
20260525,1458,266591,4,4
20260525,1458,269937,4,4
20260525,1458,263866,4,4
20260525,1458,264229,4,4
20260525,1458,235154,4,4
20260525,1458,265195,4,4
20260525,1458,267732,4,4
20260525,1458,252565,4,4
20260525,1458,221520,4,4
20260525,1458,269769,4,4
20260525,1484,213596,3,3
20260525,1484,202453,3,3
20260525,1486,264086,3,3
20260525,1486,270481,3,3
20260525,1486,216262,3,3
20260525,1486,269948,3,3
20260525,1490,270463,3,3
20260525,1490,261092,3,3
20260525,1490,266892,3,3
20260525,1490,256711,3,3
20260525,1490,214694,3,3
20260525,1490,264090,3,3
20260525,1490,264079,3,3
20260525,1490,240163,3,3
20260525,1498,234223,3,3
20260525,1498,270117,3,3
20260525,1498,260622,3,3
20260525,1498,260709,3,3
20260525,1498,269732,3,3
20260525,1498,270109,3,3
20260525,1498,266803,3,3
20260525,1498,264184,3,3
20260525,1498,221277,3,3
20260525,1498,266700,3,3
20260525,1498,222866,3,3
20260525,1498,266463,3,3
20260525,1498,269775,3,3
20260525,1498,222554,3,3
20260525,1498,270066,3,3
20260525,1498,234506,3,3
20260525,1498,269797,3,3
20260525,1498,267708,3,3
20260525,1498,264960,3,3
20260525,1498,259990,3,3
20260525,1498,263766,3,3
20260525,1498,216073,3,3
20260525,1498,263640,3,3
20260525,1498,238205,3,3
20260525,1498,222659,3,3
20260525,1498,270177,3,3
20260525,1498,264139,3,3
20260525,1498,267937,3,3
20260525,1498,270139,3,3
20260525,1498,266714,3,3
20260525,1498,266772,3,3
20260525,1498,259614,3,3
20260525,1498,255666,3,3
20260525,1498,216198,3,3
20260525,1498,221979,3,3
20260525,1498,220492,3,3
20260525,1498,264980,3,3
20260525,1498,238084,3,3
20260525,1498,223071,3,3
20260525,1498,268802,3,3
20260525,1498,264270,3,3
20260525,201,260203,368,22
20260525,202,223335,367,21
20260525,203,215042,366,24
20260525,204,220680,358,20
20260525,205,216055,356,24
20260525,206,260168,355,22
20260525,207,220454,352,27
20260525,208,213873,348,32
20260525,209,214604,343,28
20260525,210,222980,343,21
20260525,211,201593,342,5
20260525,212,260171,342,25
20260525,213,204431,337,27
20260525,214,202493,337,34
20260525,215,214826,337,29
20260525,216,232447,335,23
20260525,217,201555,333,20
20260525,218,239389,330,26
20260525,219,212303,327,35
20260525,220,215988,326,32
20260525,221,211344,324,31
20260525,222,216074,324,21
20260525,223,216265,323,22
20260525,224,260664,323,17
20260525,225,211552,320,27
20260525,226,220554,317,21
20260525,227,206007,315,33
20260525,228,214149,315,26
20260525,229,221209,315,24
20260525,230,222965,312,22
20260525,231,214684,312,30
20260525,232,220770,310,28
20260525,233,214386,308,21
20260525,234,256684,307,18
20260525,235,221434,306,24
20260525,236,214480,305,29
20260525,237,221243,305,23
20260525,238,211635,304,25
20260525,239,222919,303,21
20260525,240,210303,302,32
20260525,241,201483,302,27
20260525,242,201458,295,4
20260525,243,213706,294,31
20260525,244,211846,292,27
20260525,245,216367,291,29
20260525,246,221911,287,34
20260525,247,221885,287,26
20260525,248,206124,287,20
20260525,249,215386,287,24
20260525,250,221512,284,17
20260525,251,221164,282,28
20260525,252,211643,281,25
20260525,253,204419,279,23
20260525,254,258199,277,33
20260525,255,221213,276,18
20260525,256,211920,275,21
20260525,257,259685,270,20
20260525,258,213620,270,26
20260525,259,216139,270,29
20260525,260,222296,268,9
20260525,261,256705,268,29
20260525,262,216213,268,25
20260525,263,215614,267,29
20260525,264,239392,267,31
20260525,265,223323,266,31
20260525,266,221018,266,27
20260525,267,221411,266,23
20260525,268,215314,265,18
20260525,269,222080,263,22
20260525,270,215290,262,29
20260525,271,214937,262,21
20260525,272,239438,262,19
20260525,273,260598,261,29
20260525,274,203463,260,23
20260525,275,221073,260,27
20260525,276,203389,257,9
20260525,277,221178,257,23
20260525,278,213767,256,22
20260525,279,266376,253,9
20260525,280,216385,252,17
20260525,281,260206,250,26
20260525,282,211844,249,27
20260525,283,201545,247,12
20260525,284,222156,246,19
20260525,285,220489,245,29
20260525,286,216044,244,20
20260525,287,201606,243,10
20260525,288,261963,243,17
20260525,289,211878,242,26
20260525,290,213779,242,33
20260525,291,220432,241,24
20260525,292,213908,240,23
20260525,293,264149,237,23
20260525,294,223331,237,10
20260525,295,246493,237,26
20260525,296,222506,236,30
20260525,297,236956,234,25
20260525,298,221104,234,24
20260525,299,206430,232,27
20260525,300,211901,231,25
20260525,301,214919,230,26
20260525,302,223410,228,26
20260525,303,260170,226,31
20260525,304,204427,226,14
20260525,305,222189,226,33
20260525,306,221099,224,32
20260525,307,221382,222,25
20260525,308,201329,219,9
20260525,309,260765,219,12
20260525,310,238064,218,13
20260525,311,259758,218,27
20260525,312,269714,218,9
20260525,313,221486,217,19
20260525,314,211095,216,9
20260525,315,223087,215,19
20260525,316,215077,215,29
20260525,317,216116,215,21
20260525,318,213949,214,28
20260525,319,221004,214,21
20260525,320,260581,214,27
20260525,321,220589,212,18
20260525,322,215807,210,28
20260525,323,206345,210,23
20260525,324,221369,210,22
20260525,325,221191,209,21
20260525,326,215062,207,13
20260525,327,201586,204,16
20260525,328,222559,203,29
20260525,329,202662,202,20
20260525,330,231625,201,24
20260525,331,215996,200,19
20260525,332,214081,200,12
20260525,333,252587,198,32
20260525,334,215840,197,27
20260525,335,215468,197,16
20260525,336,214262,196,22
20260525,337,221362,195,14
20260525,338,223302,194,20
20260525,339,221905,192,8
20260525,340,259853,192,22
20260525,341,266622,191,22
20260525,342,215820,190,29
20260525,343,203564,189,30
20260525,344,221220,188,23
20260525,345,260913,187,25
20260525,346,213544,184,11
20260525,347,239397,184,28
20260525,348,221014,182,25
20260525,349,221159,181,19
20260525,350,206374,180,10
20260525,351,206194,180,23
20260525,352,216324,179,22
20260525,353,213657,179,25
20260525,354,222944,179,15
20260525,355,215501,178,19
20260525,356,223415,176,28
20260525,357,220735,176,19
20260525,358,215726,176,30
20260525,359,264228,176,19
20260525,360,246481,175,22
20260525,361,221096,174,18
20260525,362,215592,174,24
20260525,363,201585,173,13
20260525,364,221000,173,28
20260525,365,210847,173,22
20260525,366,215588,173,28
20260525,367,220718,172,20
20260525,368,220613,172,21
20260525,369,201613,171,19
20260525,370,221229,171,20
20260525,371,267420,170,19
20260525,372,239476,170,19
20260525,373,213974,170,28
20260525,374,264187,169,22
20260525,375,259794,167,21
20260525,376,256673,167,14
20260525,377,203435,166,31
20260525,378,261038,166,16
20260525,379,220781,165,24
20260525,380,252495,165,8
20260525,381,221242,165,21
20260525,382,213789,165,24
20260525,383,201666,165,23
20260525,384,260514,165,20
20260525,385,254733,164,28
20260525,386,211529,164,22
20260525,387,260006,163,25
20260525,388,221109,163,22
20260525,389,264075,162,13
20260525,390,264192,161,13
20260525,391,211820,160,19
20260525,392,211874,160,22
20260525,393,202688,160,26
20260525,394,222397,160,16
20260525,395,260761,159,10
20260525,396,221023,158,25
20260525,397,246478,157,20
20260525,398,216095,157,32
20260525,399,203288,156,22
20260525,400,211756,156,12
20260525,401,206292,155,17
20260525,402,214189,153,26
20260525,403,215878,152,21
20260525,404,252531,152,19
20260525,405,260541,152,19
20260525,406,203475,151,13
20260525,407,221395,151,16
20260525,408,260951,151,11
20260525,409,214546,149,29
20260525,410,239156,149,20
20260525,411,220673,148,25
20260525,412,220364,148,35
20260525,413,214418,148,20
20260525,414,220757,147,31
20260525,415,220447,145,20
20260525,416,260510,145,19
20260525,417,222986,144,22
20260525,418,203281,143,23
20260525,419,202460,142,6
20260525,420,214521,142,29
20260525,421,201610,141,13
20260525,422,261049,141,24
20260525,423,206362,139,22
20260525,424,221020,138,22
20260525,425,221789,138,12
20260525,426,215431,137,23
20260525,427,219625,137,21
20260525,428,214507,136,21
20260525,429,221187,136,21
20260525,430,220164,136,17
20260525,431,259913,136,15
20260525,432,221259,135,17
20260525,433,216253,135,18
20260525,434,221768,134,17
20260525,435,220598,134,18
20260525,436,214992,132,18
20260525,437,231639,132,9
20260525,438,222092,132,23
20260525,439,219887,131,14
20260525,440,222276,131,19
20260525,441,211342,130,18
20260525,442,245077,130,24
20260525,443,221181,130,31
20260525,444,202410,130,27
20260525,445,222454,130,10
20260525,446,222891,130,25
20260525,447,215566,129,23
20260525,448,211329,128,26
20260525,449,232881,128,24
20260525,450,260708,128,17
20260525,451,220502,127,20
20260525,452,236967,127,22
20260525,453,211328,127,19
20260525,454,214238,127,21
20260525,455,221657,127,18
20260525,456,221945,125,23
20260525,457,239442,125,22
20260525,458,235159,124,20
20260525,459,200748,123,10
20260525,460,215459,123,20
20260525,461,221157,122,23
20260525,462,214219,121,17
20260525,463,221031,121,19
20260525,464,216162,121,22
20260525,465,213753,120,16
20260525,466,263881,120,21
20260525,467,222675,119,14
20260525,468,213998,119,22
20260525,469,259690,119,23
20260525,470,213734,118,11
20260525,471,221265,118,18
20260525,472,260565,118,15
20260525,473,223141,118,20
20260525,474,252493,117,19
20260525,475,215550,117,16
20260525,476,266800,117,12
20260525,477,220306,117,19
20260525,478,216331,117,21
20260525,479,213837,116,14
20260525,480,222171,116,22
20260525,481,214653,116,17
20260525,482,266450,116,24
20260525,483,215398,115,24
20260525,484,221982,115,23
20260525,485,213821,114,22
20260525,486,215166,114,15
20260525,487,221364,114,20
20260525,488,222837,112,19
20260525,489,221443,112,20
20260525,490,216173,112,22
20260525,491,215018,111,16
20260525,492,203354,111,21
20260525,493,220429,111,16
20260525,494,213771,111,20
20260525,495,260667,110,15
20260525,496,214862,110,16
20260525,497,215733,110,21
20260525,498,269870,110,16
20260525,499,220808,109,8
20260525,500,211719,109,16
20260525,501,222273,109,18
20260525,502,269755,109,16
20260525,503,260539,109,18
20260525,504,233742,108,28
20260525,505,214301,108,21
20260525,506,220827,108,19
20260525,507,260141,108,25
20260525,508,214741,107,18
20260525,509,240998,107,8
20260525,510,265197,107,19
20260525,511,211646,107,20
20260525,512,213849,106,21
20260525,513,204394,106,16
20260525,514,263872,105,14
20260525,515,221168,105,17
20260525,516,220351,105,19
20260525,517,216579,104,20
20260525,518,222859,104,20
20260525,519,214930,104,12
20260525,520,221952,104,14
20260525,521,230880,104,18
20260525,522,223100,104,18
20260525,523,215898,103,23
20260525,524,215151,103,17
20260525,525,215163,103,19
20260525,526,206219,102,15
20260525,527,259591,102,17
20260525,528,252488,102,20
20260525,529,215134,102,26
20260525,530,211809,102,14
20260525,531,221959,102,24
20260525,532,259883,101,9
20260525,533,221468,101,15
20260525,534,260737,101,14
20260525,535,260339,101,16
20260525,536,261015,101,17
20260525,537,221141,101,18
20260525,538,233747,101,18
20260525,539,201554,100,12
20260525,540,213896,100,18
20260525,541,203578,100,9
20260525,542,220513,100,17
20260525,543,264227,99,14
20260525,544,262891,98,9
20260525,545,211063,97,26
20260525,546,260847,97,11
20260525,547,214271,97,14
20260525,548,260613,97,20
20260525,549,222369,97,23
20260525,550,220891,96,24
20260525,551,214091,95,19
20260525,552,202619,95,11
20260525,553,270080,95,11
20260525,554,211411,94,5
20260525,555,203591,94,17
20260525,556,247647,94,18
20260525,557,260445,94,18
20260525,558,214839,93,11
20260525,559,260763,92,18
20260525,560,213947,92,17
20260525,561,216051,92,20
20260525,562,221497,92,14
20260525,563,260296,91,17
20260525,564,214600,91,11
20260525,565,264967,90,13
20260525,566,260647,90,17
20260525,567,244087,90,14
20260525,568,264144,89,11
20260525,569,202454,89,15
20260525,570,211765,88,11
20260525,571,220550,88,13
20260525,572,220496,88,24
20260525,573,216007,88,13
20260525,574,265692,88,19
20260525,575,256712,88,20
20260525,576,260142,87,9
20260525,577,220842,86,8
20260525,578,214779,86,16
20260525,579,221834,86,6
20260525,580,266448,86,17
20260525,581,260446,86,18
20260525,582,239393,86,20
20260525,583,202672,85,25
20260525,584,261071,85,17
20260525,585,215971,85,21
20260525,586,263853,84,12
20260525,587,270058,84,9
20260525,588,216186,84,17
20260525,589,266864,84,11
20260525,590,220946,83,16
20260525,591,220453,83,16
20260525,592,206255,82,9
20260525,593,259575,82,19
20260525,594,222390,82,14
20260525,595,219892,82,18
20260525,596,220597,81,15
20260525,597,216076,81,12
20260525,598,265701,81,11
20260525,599,210537,81,16
20260525,600,221003,81,19
20260525,601,261097,81,19
20260525,602,266642,81,22
20260525,603,221116,80,8
20260525,604,214505,80,10
20260525,605,254765,80,12
20260525,606,239158,80,19
20260525,607,214007,80,19
20260525,608,223120,79,23
20260525,609,263909,79,11
20260525,610,260368,79,13
20260525,611,215909,79,23
20260525,612,214319,78,16
20260525,613,237454,78,16
20260525,614,201549,77,4
20260525,615,260966,77,14
20260525,616,206102,77,18
20260525,617,259916,77,6
20260525,618,260338,77,11
20260525,619,267882,76,15
20260525,620,221624,76,12
20260525,621,215545,76,15
20260525,622,252535,76,22
20260525,623,266469,75,10
20260525,624,266431,75,15
20260525,625,258191,75,22
20260525,626,221473,74,7
20260525,627,230882,74,10
20260525,628,206108,73,6
20260525,629,216268,73,13
20260525,630,206406,73,15
20260525,631,215013,73,17
20260525,632,264140,72,11
20260525,633,222297,72,11
20260525,634,257874,72,19
20260525,635,221221,72,12
20260525,636,260017,72,14
20260525,637,260694,72,17
20260525,638,216160,71,13
20260525,639,260714,71,7
20260525,640,215472,71,15
20260525,641,228909,71,16
20260525,642,259967,70,13
20260525,643,222458,70,16
20260525,644,220672,70,17
20260525,645,236980,70,18
20260525,646,223203,69,8
20260525,647,202430,69,12
20260525,648,252509,69,13
20260525,649,222481,69,14
20260525,650,270082,68,5
20260525,651,221465,68,15
20260525,652,216013,68,10
20260525,653,260490,68,16
20260525,654,213739,67,19
20260525,655,215832,67,15
20260525,656,241717,67,7
20260525,657,263941,67,16
20260525,658,252571,66,19
20260525,659,210138,66,18
20260525,660,225850,66,12
20260525,661,222037,66,6
20260525,662,222878,66,12
20260525,663,260032,66,18
20260525,664,254748,65,5
20260525,665,215616,65,10
20260525,666,220997,65,18
20260525,667,213672,64,11
20260525,668,214872,64,18
20260525,669,204294,64,13
20260525,670,206075,64,17
20260525,671,264207,64,19
20260525,672,206248,64,15
20260525,673,215259,63,13
20260525,674,267382,63,6
20260525,675,221994,63,20
20260525,676,234474,63,19
20260525,677,259567,62,15
20260525,678,213772,62,15
20260525,679,266901,62,13
20260525,680,202921,62,8
20260525,681,214212,62,14
20260525,682,241714,62,14
20260525,683,221773,62,15
20260525,684,211269,61,8
20260525,685,221469,60,13
20260525,686,216075,60,12
20260525,687,235161,60,7
20260525,688,221914,60,16
20260525,689,201524,59,15
20260525,690,239386,59,12
20260525,691,221062,59,13
20260525,692,215707,59,13
20260525,693,228910,59,17
20260525,694,221454,59,22
20260525,695,203500,58,9
20260525,696,264064,58,16
20260525,697,215778,58,9
20260525,698,260254,58,11
20260525,699,221165,58,12
20260525,700,270061,58,14
20260525,701,222347,58,14
20260525,702,220560,57,15
20260525,703,216062,57,12
20260525,704,270065,57,9
20260525,705,260845,57,11
20260525,706,263626,57,12
20260525,707,263869,56,13
20260525,708,225854,56,17
20260525,709,214868,56,9
20260525,710,260225,56,12
20260525,711,220053,56,12
20260525,712,221864,56,14
20260525,713,220645,56,17
20260525,714,201614,55,4
20260525,715,204223,55,16
20260525,716,220578,55,19
20260525,717,221746,55,17
20260525,718,270076,55,9
20260525,719,210526,55,10
20260525,720,216038,54,23
20260525,721,264205,54,18
20260525,722,222028,54,14
20260525,723,216587,53,12
20260525,724,221086,53,6
20260525,725,221192,53,8
20260525,726,221173,53,14
20260525,727,220491,53,15
20260525,728,260582,53,16
20260525,729,202536,52,6
20260525,730,260787,52,9
20260525,731,211668,52,7
20260525,732,259996,52,9
20260525,733,225858,52,12
20260525,734,239422,52,7
20260525,735,215921,52,10
20260525,736,269717,52,10
20260525,737,220740,52,11
20260525,738,216180,52,16
20260525,739,221370,52,18
20260525,740,267651,52,19
20260525,741,222255,51,9
20260525,742,220875,51,10
20260525,743,215015,51,11
20260525,744,215505,51,15
20260525,745,267115,50,16
20260525,746,222330,50,12
20260525,747,260638,50,9
20260525,748,233718,50,7
20260525,749,260273,50,12
20260525,750,211544,50,15
20260525,751,215806,49,12
20260525,752,230876,49,12
20260525,753,259754,49,8
20260525,754,263801,49,15
20260525,755,260848,48,14
20260525,756,264085,48,8
20260525,757,222667,48,16
20260525,758,259762,48,6
20260525,759,222421,48,11
20260525,760,260214,48,12
20260525,761,263148,48,15
20260525,762,239454,48,16
20260525,763,202464,47,8
20260525,764,221903,47,13
20260525,765,210158,47,8
20260525,766,202693,47,11
20260525,767,264069,47,13
20260525,768,259858,47,13
20260525,769,222346,47,14
20260525,770,260101,46,9
20260525,771,220684,46,13
20260525,772,203513,46,7
20260525,773,221509,46,9
20260525,774,223421,46,13
20260525,775,221474,46,14
20260525,776,239453,46,16
20260525,777,267428,45,5
20260525,778,214935,45,11
20260525,779,260042,45,6
20260525,780,216316,45,9
20260525,781,210500,45,10
20260525,782,264973,45,12
20260525,783,201611,44,3
20260525,784,263905,44,10
20260525,785,269866,44,10
20260525,786,213551,44,12
20260525,787,263980,44,13
20260525,788,253681,43,12
20260525,789,223402,43,9
20260525,790,260528,43,11
20260525,791,266529,43,13
20260525,792,222262,43,15
20260525,793,260003,43,15
20260525,794,220497,43,15
20260525,795,266937,42,11
20260525,796,222184,42,10
20260525,797,220392,42,4
20260525,798,260766,42,11
20260525,799,223404,42,11
20260525,800,221886,42,12
20260525,801,220494,42,13
20260525,802,222299,42,13
20260525,803,260711,41,8
20260525,804,223373,41,7
20260525,805,266407,41,8
20260525,806,266509,41,9
20260525,807,206060,40,9
20260525,808,214713,40,14
20260525,809,266851,40,6
20260525,810,235160,40,11
20260525,811,223418,40,12
20260525,812,221219,40,14
20260525,813,221568,40,19
20260525,814,263995,39,10
20260525,815,265688,39,18
20260525,816,260137,39,5
20260525,817,216107,39,11
20260525,818,215372,39,13
20260525,819,201518,38,3
20260525,820,220713,38,9
20260525,821,211864,38,13
20260525,822,264130,38,13
20260525,823,266488,38,8
20260525,824,260984,38,13
20260525,825,215966,38,13
20260525,826,223146,38,16
20260525,827,216256,38,16
20260525,828,221247,37,7
20260525,829,239446,37,6
20260525,830,221195,37,10
20260525,831,203509,37,13
20260525,832,221585,37,16
20260525,833,202446,36,2
20260525,834,269253,36,9
20260525,835,260762,36,13
20260525,836,223399,36,5
20260525,837,267022,36,7
20260525,838,221463,36,9
20260525,839,206336,36,14
20260525,840,264151,35,4
20260525,841,266771,35,11
20260525,842,269864,35,7
20260525,843,221862,35,7
20260525,844,260871,35,9
20260525,845,267841,35,10
20260525,846,214771,35,10
20260525,847,264029,35,10
20260525,848,258192,35,10
20260525,849,260860,35,13
20260525,850,219979,35,14
20260525,851,266682,34,6
20260525,852,220825,34,14
20260525,853,264975,34,4
20260525,854,223326,34,6
20260525,855,263981,34,7
20260525,856,214696,33,6
20260525,857,222239,33,12
20260525,858,260914,33,14
20260525,859,267176,33,7
20260525,860,260277,33,8
20260525,861,210672,33,8
20260525,862,266541,33,9
20260525,863,201540,32,6
20260525,864,214877,32,7
20260525,865,270195,32,5
20260525,866,263974,32,3
20260525,867,222557,32,4
20260525,868,211511,32,5
20260525,869,267400,32,5
20260525,870,270320,32,5
20260525,871,223080,32,8
20260525,872,266720,32,8
20260525,873,213948,32,9
20260525,874,260224,32,10
20260525,875,216158,32,10
20260525,876,222294,32,12
20260525,877,220563,32,13
20260525,878,260062,32,13
20260525,879,260279,32,15
20260525,880,201520,31,4
20260525,881,267409,31,10
20260525,882,245094,31,8
20260525,883,202443,31,9
20260525,884,263808,31,14
20260525,885,267616,31,4
20260525,886,264131,31,9
20260525,887,221413,31,10
20260525,888,264978,31,11
20260525,889,234481,31,13
20260525,890,261098,31,14
20260525,891,222668,31,16
20260525,892,220642,31,16
20260525,893,222000,30,12
20260525,894,267104,30,5
20260525,895,259989,30,9
20260525,896,223375,30,7
20260525,897,260767,30,7
20260525,898,270078,30,11
20260525,899,202916,29,10
20260525,900,223163,29,13
20260525,901,268770,29,1
20260525,902,270019,29,4
20260525,903,204309,29,5
20260525,904,220690,29,6
20260525,905,241715,29,6
20260525,906,264167,29,6
20260525,907,202580,29,7
20260525,908,221422,29,7
20260525,909,211796,29,7
20260525,910,259965,29,15
20260525,911,211951,28,10
20260525,912,266455,28,14
20260525,913,259820,28,5
20260525,914,266379,28,6
20260525,915,220493,28,14
20260525,916,259105,28,16
20260525,917,264962,27,9
20260525,918,215693,27,15
20260525,919,260226,27,9
20260525,920,261132,27,11
20260525,921,206408,27,3
20260525,922,221929,27,4
20260525,923,216340,27,5
20260525,924,263677,27,6
20260525,925,270129,27,10
20260525,926,253679,27,10
20260525,927,202434,26,6
20260525,928,261957,26,10
20260525,929,214800,26,13
20260525,930,211921,26,4
20260525,931,256686,26,6
20260525,932,221440,26,7
20260525,933,220695,26,7
20260525,934,220276,26,9
20260525,935,266758,26,13
20260525,936,266381,25,6
20260525,937,210913,25,11
20260525,938,215019,25,9
20260525,939,220887,25,11
20260525,940,269968,25,2
20260525,941,260374,25,5
20260525,942,270449,25,6
20260525,943,223308,25,10
20260525,944,239160,25,11
20260525,945,214020,24,7
20260525,946,221741,24,7
20260525,947,214934,24,8
20260525,948,214605,24,8
20260525,949,265040,24,9
20260525,950,214398,24,9
20260525,951,245079,24,10
20260525,952,259907,24,10
20260525,953,220048,24,11
20260525,954,221542,24,13
20260525,955,202596,23,8
20260525,956,264180,23,10
20260525,957,270159,23,5
20260525,958,220591,23,6
20260525,959,221621,23,7
20260525,960,270165,23,10
20260525,961,216078,23,10
20260525,962,215177,23,10
20260525,963,215440,23,10
20260525,964,255662,23,11
20260525,965,215805,23,11
20260525,966,221210,22,5
20260525,967,239102,22,3
20260525,968,269259,22,5
20260525,969,221150,22,7
20260525,970,215879,22,11
20260525,971,266645,22,3
20260525,971,239387,22,3
20260525,973,260150,22,3
20260525,974,221371,22,5
20260525,975,267422,22,5
20260525,976,222509,22,5
20260525,977,263751,22,5
20260525,978,263622,22,6
20260525,979,216311,22,7
20260525,980,270125,22,7
20260525,981,260091,22,7
20260525,982,264216,22,9
20260525,983,241745,22,10
20260525,984,214519,22,11
20260525,985,222856,21,10
20260525,986,221915,21,10
20260525,987,222762,21,3
20260525,988,215795,21,6
20260525,989,222035,21,7
20260525,990,263687,21,8
20260525,991,252584,21,8
20260525,992,261066,21,8
20260525,993,220551,21,8
20260525,994,214540,21,9
20260525,995,221148,21,11
20260525,996,221740,21,13
20260525,997,205815,20,1
20260525,997,201506,20,1
20260525,999,215064,20,7
20260525,1000,248660,20,6
20260601,1,214544,9960,0
20260601,2,214981,8313,0
20260601,3,216347,7273,0
20260601,4,221103,6749,0
20260601,5,202468,6286,0
20260601,6,216153,5958,0
20260601,7,202494,4315,0
20260601,8,259799,4181,0
20260601,9,239475,3710,0
20260601,10,214096,3318,0
20260601,11,202505,3145,0
20260601,12,222328,3054,0
20260601,13,211148,2787,0
20260601,14,206420,2679,0
20260601,15,216146,2387,0
20260601,16,211768,2341,0
20260601,17,260300,2306,0
20260601,18,201514,1985,0
20260601,19,201619,1962,0
20260601,20,220704,1920,0
20260601,21,210722,1858,0
20260601,22,220367,1844,0
20260601,23,223670,1796,0
20260601,24,214939,1792,0
20260601,25,215613,1719,0
20260601,26,221024,1683,0
20260601,27,214643,1635,0
20260601,28,213631,1631,0
20260601,29,215983,1601,0
20260601,30,215713,1470,0
20260601,31,211533,1464,0
20260601,32,211713,1414,0
20260601,33,213710,1406,0
20260601,34,216133,1371,0
20260601,35,239383,1369,0
20260601,36,211701,1362,0
20260601,37,223253,1340,0
20260601,38,220714,1320,0
20260601,39,221054,1301,0
20260601,40,222145,1292,0
20260601,41,206252,1271,0
20260601,42,238184,1265,0
20260601,43,222391,1264,0
20260601,44,214954,1263,0
20260601,45,215035,1246,0
20260601,46,211684,1238,0
20260601,47,201696,1230,0
20260601,48,220520,1229,0
20260601,49,206289,1208,0
20260601,50,222601,1200,0
20260601,51,238075,1140,0
20260601,52,233741,1130,0
20260601,53,214082,1119,0
20260601,54,213583,1111,0
20260601,55,263857,1093,0
20260601,56,221012,1080,0
20260601,57,214388,1047,0
20260601,58,221883,1040,0
20260601,59,215910,1029,0
20260601,60,211843,1026,0
20260601,61,201533,1025,0
20260601,62,222661,1019,0
20260601,63,216083,1018,0
20260601,64,222045,1011,0
20260601,65,220716,1005,0
20260601,66,220309,1003,0
20260601,67,221039,984,0
20260601,68,221333,974,0
20260601,69,223360,970,0
20260601,70,219875,969,0
20260601,71,211107,941,0
20260601,72,202499,933,0
20260601,73,202663,931,0
20260601,74,213887,925,0
20260601,75,203501,919,0
20260601,76,201709,918,0
20260601,77,211817,918,0
20260601,78,220548,915,0
20260601,79,219917,905,0
20260601,80,220435,903,0
20260601,81,220332,901,0
20260601,82,203530,901,0
20260601,83,214040,880,0
20260601,84,220662,873,0
20260601,85,206368,868,0
20260601,86,215785,868,0
20260601,87,213550,867,0
20260601,88,221407,865,0
20260601,89,215872,860,0
20260601,90,260172,857,0
20260601,91,215899,856,0
20260601,92,220348,853,0
20260601,93,220750,839,0
20260601,94,215306,833,0
20260601,95,211337,829,0
20260601,96,230870,818,0
20260601,97,222290,799,0
20260601,98,221257,795,0
20260601,99,243420,790,0
20260601,100,201548,784,0
20260601,101,221307,767,0
20260601,102,215936,736,0
20260601,103,215020,733,0
20260601,104,223286,730,0
20260601,105,206242,724,0
20260601,106,201662,710,0
20260601,107,220416,707,0
20260601,108,220465,705,0
20260601,109,215138,702,0
20260601,110,221985,701,0
20260601,111,215219,696,0
20260601,112,201499,694,0
20260601,113,222966,694,0
20260601,114,216081,693,0
20260601,115,213646,691,0
20260601,116,206294,688,0
20260601,117,252499,685,0
20260601,118,221237,678,0
20260601,119,211651,675,0
20260601,120,221909,663,0
20260601,121,211814,661,0
20260601,122,206417,653,0
20260601,123,221236,648,0
20260601,124,205925,642,0
20260601,125,211685,640,0
20260601,126,259733,622,0
20260601,127,223194,611,0
20260601,128,215480,604,0
20260601,129,210886,593,0
20260601,130,221406,591,0
20260601,131,221124,587,0
20260601,132,214119,572,0
20260601,133,222233,572,0
20260601,134,214461,565,0
20260601,135,220722,561,0
20260601,136,263644,557,0
20260601,137,202684,552,0
20260601,138,221354,551,0
20260601,139,203514,546,0
20260601,140,210622,546,0
20260601,141,213666,534,0
20260601,142,247669,530,0
20260601,143,211880,527,0
20260601,144,223321,527,0
20260601,145,215037,522,0
20260601,146,223168,521,0
20260601,147,236957,519,0
20260601,148,216016,516,0
20260601,149,222258,506,0
20260601,150,220466,501,0
20260601,151,215337,499,0
20260601,152,214593,495,0
20260601,153,239456,494,0
20260601,154,201551,492,0
20260601,155,266671,492,0
20260601,156,221626,491,0
20260601,157,222017,489,0
20260601,158,220742,487,0
20260601,159,215370,479,0
20260601,160,202600,475,0
20260601,161,223325,474,0
20260601,162,223333,472,0
20260601,163,215572,463,0
20260601,164,213889,460,0
20260601,165,216097,459,0
20260601,166,215250,454,0
20260601,167,202604,452,0
20260601,168,220446,452,0
20260601,169,201478,450,0
20260601,170,213525,449,0
20260601,171,211279,449,0
20260601,172,214459,448,0
20260601,173,216566,448,0
20260601,174,214646,446,0
20260601,175,215453,438,0
20260601,176,214452,437,0
20260601,177,236955,432,0
20260601,178,259871,432,0
20260601,179,220699,431,0
20260601,180,211316,423,0
20260601,181,211539,418,0
20260601,182,214906,417,0
20260601,183,215946,411,0
20260601,184,261972,404,0
20260601,185,259857,403,0
20260601,186,211702,395,0
20260601,187,267439,393,0
20260601,188,201621,393,0
20260601,189,213576,391,0
20260601,190,236972,391,0
20260601,191,215571,389,0
20260601,192,214236,383,0
20260601,193,204411,382,0
20260601,194,221803,382,0
20260601,195,215992,381,0
20260601,196,220733,377,0
20260601,197,214181,377,0
20260601,198,211227,377,0
20260601,199,239436,374,0
20260601,200,214254,371,0
20260601,1001,211222,20,0
20260601,1002,261133,20,0
20260601,1003,260433,20,0
20260601,1004,202858,20,0
20260601,1005,214182,20,0
20260601,1006,270315,20,0
20260601,1007,270181,20,0
20260601,1008,223398,20,0
20260601,1009,264073,20,0
20260601,1010,213775,20,0
20260601,1011,211541,20,0
20260601,1012,267431,20,0
20260601,1013,259981,20,0
20260601,1014,266659,20,0
20260601,1015,267932,20,0
20260601,1016,260323,20,0
20260601,1017,214535,19,0
20260601,1018,215696,19,0
20260601,1019,260297,19,0
20260601,1020,220470,19,0
20260601,1021,222202,19,0
20260601,1022,239474,19,0
20260601,1023,239126,19,0
20260601,1024,261082,19,0
20260601,1025,260185,19,0
20260601,1026,260261,19,0
20260601,1027,225861,19,0
20260601,1028,221055,19,0
20260601,1029,210645,19,0
20260601,1030,215712,19,0
20260601,1031,206335,18,0
20260601,1032,239390,18,0
20260601,1033,220297,18,0
20260601,1034,266651,18,0
20260601,1035,221410,18,0
20260601,1036,223160,18,0
20260601,1037,260306,18,0
20260601,1038,269275,18,0
20260601,1038,259576,18,0
20260601,1040,263625,18,0
20260601,1041,221396,18,0
20260601,1042,266765,18,0
20260601,1043,261104,18,0
20260601,1044,267449,18,0
20260601,1045,221203,18,0
20260601,1046,222305,18,0
20260601,1047,237465,18,0
20260601,1048,260828,18,0
20260601,1049,259854,18,0
20260601,1050,222177,18,0
20260601,1051,249659,18,0
20260601,1052,216381,18,0
20260601,1053,261964,17,0
20260601,1054,246476,17,0
20260601,1055,260612,17,0
20260601,1056,269710,17,0
20260601,1057,268787,17,0
20260601,1058,260167,17,0
20260601,1059,215697,17,0
20260601,1060,252586,17,0
20260601,1061,224485,17,0
20260601,1062,259623,17,0
20260601,1062,266523,17,0
20260601,1064,260398,17,0
20260601,1065,221736,17,0
20260601,1066,222213,17,0
20260601,1067,269254,17,0
20260601,1068,213541,16,0
20260601,1069,264961,16,0
20260601,1070,266722,16,0
20260601,1071,269954,16,0
20260601,1072,270322,16,0
20260601,1072,260842,16,0
20260601,1072,222236,16,0
20260601,1075,222602,16,0
20260601,1076,261073,16,0
20260601,1077,264243,16,0
20260601,1078,221139,16,0
20260601,1079,259797,16,0
20260601,1080,260777,16,0
20260601,1081,239449,16,0
20260601,1082,266374,16,0
20260601,1083,270262,15,0
20260601,1084,201565,15,0
20260601,1085,211043,15,0
20260601,1086,211021,15,0
20260601,1086,205964,15,0
20260601,1088,267534,15,0
20260601,1089,263865,15,0
20260601,1090,260443,15,0
20260601,1091,214746,15,0
20260601,1092,267180,15,0
20260601,1093,269772,15,0
20260601,1094,252519,15,0
20260601,1095,223284,15,0
20260601,1096,252582,15,0
20260601,1097,267734,15,0
20260601,1098,260717,15,0
20260601,1099,267927,15,0
20260601,1100,267425,15,0
20260601,1101,215467,15,0
20260601,1102,244079,15,0
20260601,1103,219444,15,0
20260601,1103,263889,15,0
20260601,1105,219331,15,0
20260601,1106,260400,15,0
20260601,1107,260580,14,0
20260601,1108,221441,14,0
20260601,1109,201582,14,0
20260601,1110,212043,14,0
20260601,1111,215721,14,0
20260601,1112,210705,14,0
20260601,1113,216225,14,0
20260601,1114,221069,14,0
20260601,1115,215144,14,0
20260601,1115,203537,14,0
20260601,1117,238071,14,0
20260601,1118,266629,14,0
20260601,1119,220564,14,0
20260601,1119,215970,14,0
20260601,1121,219872,14,0
20260601,1122,214503,14,0
20260601,1123,221377,14,0
20260601,1124,264114,14,0
20260601,1125,216315,14,0
20260601,1126,221258,14,0
20260601,1126,246518,14,0
20260601,1128,214909,14,0
20260601,1129,219874,14,0
20260601,1130,222748,14,0
20260601,1131,222225,13,0
20260601,1132,213721,13,0
20260601,1133,259739,13,0
20260601,1134,211407,13,0
20260601,1135,267920,13,0
20260601,1135,270204,13,0
20260601,1135,261278,13,0
20260601,1138,261008,13,0
20260601,1139,220614,13,0
20260601,1140,219983,13,0
20260601,1141,264280,13,0
20260601,1142,220689,13,0
20260601,1143,261968,13,0
20260601,1144,264505,13,0
20260601,1145,269835,13,0
20260601,1146,260583,13,0
20260601,1147,222376,13,0
20260601,1148,222734,13,0
20260601,1149,269801,13,0
20260601,1150,221310,13,0
20260601,1150,221158,13,0
20260601,1152,266795,13,0
20260601,1153,230120,13,0
20260601,1154,221013,13,0
20260601,1154,260556,13,0
20260601,1156,260085,13,0
20260601,1157,263676,13,0
20260601,1158,241735,13,0
20260601,1159,215735,12,0
20260601,1160,211285,12,0
20260601,1161,269704,12,0
20260601,1162,215802,12,0
20260601,1163,269872,12,0
20260601,1164,221688,12,0
20260601,1165,223159,12,0
20260601,1166,270132,12,0
20260601,1166,260926,12,0
20260601,1166,260631,12,0
20260601,1169,260693,12,0
20260601,1169,214019,12,0
20260601,1171,269734,12,0
20260601,1172,264150,12,0
20260601,1172,214460,12,0
20260601,1174,214974,12,0
20260601,1174,266467,12,0
20260601,1176,202387,12,0
20260601,1177,270115,12,0
20260601,1178,213830,11,0
20260601,1179,211592,11,0
20260601,1180,270089,11,0
20260601,1180,264510,11,0
20260601,1182,266378,11,0
20260601,1182,260957,11,0
20260601,1182,270357,11,0
20260601,1185,214784,11,0
20260601,1186,260220,11,0
20260601,1186,267509,11,0
20260601,1188,265628,11,0
20260601,1189,219965,11,0
20260601,1190,222112,11,0
20260601,1190,221025,11,0
20260601,1190,267540,11,0
20260601,1190,267845,11,0
20260601,1190,264107,11,0
20260601,1195,259608,11,0
20260601,1196,270274,11,0
20260601,1197,262883,11,0
20260601,1198,265020,11,0
20260601,1199,214901,11,0
20260601,1199,242450,11,0
20260601,1199,267387,11,0
20260601,1202,215854,11,0
20260601,1203,201691,11,0
20260601,1203,223435,11,0
20260601,1205,246484,11,0
20260601,1206,260742,11,0
20260601,1207,206161,11,0
20260601,1208,221315,11,0
20260601,1209,236968,11,0
20260601,1210,221269,11,0
20260601,1211,201616,10,0
20260601,1212,266383,10,0
20260601,1213,205562,10,0
20260601,1214,262886,10,0
20260601,1215,220343,10,0
20260601,1215,238209,10,0
20260601,1217,215236,10,0
20260601,1217,266476,10,0
20260601,1219,220436,10,0
20260601,1219,253665,10,0
20260601,1221,260604,10,0
20260601,1222,221913,10,0
20260601,1223,263940,10,0
20260601,1224,222215,10,0
20260601,1225,221940,10,0
20260601,1226,214277,10,0
20260601,1226,266533,10,0
20260601,1226,260455,10,0
20260601,1226,261129,10,0
20260601,1230,219754,10,0
20260601,1231,259569,10,0
20260601,1232,223198,10,0
20260601,1232,223153,10,0
20260601,1232,220394,10,0
20260601,1232,268778,10,0
20260601,1236,266409,10,0
20260601,1236,259964,10,0
20260601,1238,260100,10,0
20260601,1239,221771,10,0
20260601,1239,266549,10,0
20260601,1241,216405,10,0
20260601,1241,216156,10,0
20260601,1241,222158,10,0
20260601,1244,268781,9,0
20260601,1245,211779,9,0
20260601,1246,221933,9,0
20260601,1247,264986,9,0
20260601,1248,206205,9,0
20260601,1249,270302,9,0
20260601,1250,270091,9,0
20260601,1250,234246,9,0
20260601,1252,270265,9,0
20260601,1253,270266,9,0
20260601,1254,265713,9,0
20260601,1254,266543,9,0
20260601,1254,238068,9,0
20260601,1254,259849,9,0
20260601,1258,264014,9,0
20260601,1258,270194,9,0
20260601,1260,267885,9,0
20260601,1260,214787,9,0
20260601,1262,215956,9,0
20260601,1262,259769,9,0
20260601,1262,266406,9,0
20260601,1262,269267,9,0
20260601,1266,270281,9,0
20260601,1267,264226,9,0
20260601,1267,260122,9,0
20260601,1267,259998,9,0
20260601,1270,220286,9,0
20260601,1270,263706,9,0
20260601,1272,215161,9,0
20260601,1272,211600,9,0
20260601,1272,259763,9,0
20260601,1275,259113,9,0
20260601,1275,223411,9,0
20260601,1275,267723,9,0
20260601,1278,260378,9,0
20260601,1278,221524,9,0
20260601,1278,256682,9,0
20260601,1281,260715,9,0
20260601,1282,252494,9,0
20260601,1283,265207,8,0
20260601,1284,263775,8,0
20260601,1285,259104,8,0
20260601,1286,215222,8,0
20260601,1287,215701,8,0
20260601,1287,222377,8,0
20260601,1287,269943,8,0
20260601,1287,260839,8,0
20260601,1291,267441,8,0
20260601,1291,260159,8,0
20260601,1293,259914,8,0
20260601,1293,257898,8,0
20260601,1293,223161,8,0
20260601,1293,270039,8,0
20260601,1297,205492,8,0
20260601,1298,223214,8,0
20260601,1298,221371,8,0
20260601,1298,261094,8,0
20260601,1301,223356,8,0
20260601,1302,223006,8,0
20260601,1302,264138,8,0
20260601,1304,265015,8,0
20260601,1304,264252,8,0
20260601,1304,267722,8,0
20260601,1304,267435,8,0
20260601,1304,223389,8,0
20260601,1304,239484,8,0
20260601,1304,220633,8,0
20260601,1304,215926,8,0
20260601,1312,237467,8,0
20260601,1312,257881,8,0
20260601,1312,222613,8,0
20260601,1312,260387,8,0
20260601,1316,241003,8,0
20260601,1317,256710,7,0
20260601,1318,260888,7,0
20260601,1319,263890,7,0
20260601,1319,264275,7,0
20260601,1319,267473,7,0
20260601,1319,254760,7,0
20260601,1319,222838,7,0
20260601,1319,222847,7,0
20260601,1319,221795,7,0
20260601,1319,202639,7,0
20260601,1327,220356,7,0
20260601,1327,221214,7,0
20260601,1327,259590,7,0
20260601,1327,267423,7,0
20260601,1327,264215,7,0
20260601,1332,270047,7,0
20260601,1332,260204,7,0
20260601,1332,220469,7,0
20260601,1335,220289,7,0
20260601,1335,270186,7,0
20260601,1337,264966,7,0
20260601,1337,260962,7,0
20260601,1337,263717,7,0
20260601,1337,263701,7,0
20260601,1337,260881,7,0
20260601,1337,215492,7,0
20260601,1337,246485,7,0
20260601,1337,221083,7,0
20260601,1345,222318,7,0
20260601,1345,263809,7,0
20260601,1347,269757,7,0
20260601,1347,268772,7,0
20260601,1347,216140,7,0
20260601,1350,202440,6,0
20260601,1351,263978,6,0
20260601,1352,201399,6,0
20260601,1353,220422,6,0
20260601,1354,215043,6,0
20260601,1355,270133,6,0
20260601,1356,215085,6,0
20260601,1356,215647,6,0
20260601,1356,214450,6,0
20260601,1356,259987,6,0
20260601,1356,259719,6,0
20260601,1361,220512,6,0
20260601,1361,222637,6,0
20260601,1361,266805,6,0
20260601,1364,266781,6,0
20260601,1364,266372,6,0
20260601,1364,264198,6,0
20260601,1364,269906,6,0
20260601,1364,260792,6,0
20260601,1364,260373,6,0
20260601,1364,260503,6,0
20260601,1364,260653,6,0
20260601,1364,270383,6,0
20260601,1364,270216,6,0
20260601,1364,267424,6,0
20260601,1364,222309,6,0
20260601,1364,222332,6,0
20260601,1364,221515,6,0
20260601,1364,222274,6,0
20260601,1364,259946,6,0
20260601,1364,260066,6,0
20260601,1364,266492,6,0
20260601,1364,239157,6,0
20260601,1364,216092,6,0
20260601,1364,220772,6,0
20260601,1385,222161,6,0
20260601,1385,241018,6,0
20260601,1385,259803,6,0
20260601,1385,260393,6,0
20260601,1389,260774,6,0
20260601,1389,267695,6,0
20260601,1389,267408,6,0
20260601,1389,269753,6,0
20260601,1389,237481,6,0
20260601,1389,260723,6,0
20260601,1389,221197,6,0
20260601,1389,220790,6,0
20260601,1397,270350,5,0
20260601,1397,270400,5,0
20260601,1397,270100,5,0
20260601,1397,267525,5,0
20260601,1397,263728,5,0
20260601,1402,261021,5,0
20260601,1402,266532,5,0
20260601,1402,267462,5,0
20260601,1402,267671,5,0
20260601,1402,267465,5,0
20260601,1402,266823,5,0
20260601,1402,266713,5,0
20260601,1402,264274,5,0
20260601,1402,267025,5,0
20260601,1402,264248,5,0
20260601,1402,270164,5,0
20260601,1402,270237,5,0
20260601,1402,270203,5,0
20260601,1402,267748,5,0
20260601,1402,215174,5,0
20260601,1402,221078,5,0
20260601,1402,223452,5,0
20260601,1402,221923,5,0
20260601,1402,222845,5,0
20260601,1402,222061,5,0
20260601,1402,221963,5,0
20260601,1402,221337,5,0
20260601,1402,222623,5,0
20260601,1402,222606,5,0
20260601,1402,233729,5,0
20260601,1402,239172,5,0
20260601,1402,223397,5,0
20260601,1402,259887,5,0
20260601,1402,223046,5,0
20260601,1402,245076,5,0
20260601,1402,258195,5,0
20260601,1433,223352,5,0
20260601,1433,230121,5,0
20260601,1433,221346,5,0
20260601,1433,269718,5,0
20260601,1433,260893,5,0
20260601,1438,266593,5,0
20260601,1438,264998,5,0
20260601,1438,270258,5,0
20260601,1438,270207,5,0
20260601,1438,222180,5,0
20260601,1438,222520,5,0
20260601,1438,223416,5,0
20260601,1438,235155,5,0
20260601,1438,220071,5,0
20260601,1438,203370,5,0
20260601,1448,270380,4,0
20260601,1449,264242,4,0
20260601,1450,265610,4,0
20260601,1450,221988,4,0
20260601,1452,220687,4,0
20260601,1452,260178,4,0
20260601,1452,270154,4,0
20260601,1452,267083,4,0
20260601,1452,260464,4,0
20260601,1452,260674,4,0
20260601,1458,260779,4,0
20260601,1458,263838,4,0
20260601,1458,263866,4,0
20260601,1458,264229,4,0
20260601,1458,264068,4,0
20260601,1458,265195,4,0
20260601,1458,266849,4,0
20260601,1458,266591,4,0
20260601,1458,267493,4,0
20260601,1458,267732,4,0
20260601,1458,269773,4,0
20260601,1458,269769,4,0
20260601,1458,269937,4,0
20260601,1458,270475,4,0
20260601,1458,252565,4,0
20260601,1458,252487,4,0
20260601,1458,246480,4,0
20260601,1458,244077,4,0
20260601,1458,206708,4,0
20260601,1458,249668,4,0
20260601,1458,235154,4,0
20260601,1458,260479,4,0
20260601,1458,222367,4,0
20260601,1458,221520,4,0
20260601,1458,214679,4,0
20260601,1458,215430,4,0
20260601,1484,202453,3,0
20260601,1484,213596,3,0
20260601,1486,216262,3,0
20260601,1486,270481,3,0
20260601,1486,269948,3,0
20260601,1486,264086,3,0
20260601,1490,264090,3,0
20260601,1490,264079,3,0
20260601,1490,266892,3,0
20260601,1490,261092,3,0
20260601,1490,270463,3,0
20260601,1490,214694,3,0
20260601,1490,240163,3,0
20260601,1490,256711,3,0
20260601,1498,255666,3,0
20260601,1498,259990,3,0
20260601,1498,259614,3,0
20260601,1498,221979,3,0
20260601,1498,234223,3,0
20260601,1498,234506,3,0
20260601,1498,238084,3,0
20260601,1498,238205,3,0
20260601,1498,223071,3,0
20260601,1498,267708,3,0
20260601,1498,222866,3,0
20260601,1498,222554,3,0
20260601,1498,222659,3,0
20260601,1498,266803,3,0
20260601,1498,221277,3,0
20260601,1498,216198,3,0
20260601,1498,220492,3,0
20260601,1498,216073,3,0
20260601,1498,270139,3,0
20260601,1498,270117,3,0
20260601,1498,270066,3,0
20260601,1498,270109,3,0
20260601,1498,269797,3,0
20260601,1498,269732,3,0
20260601,1498,269775,3,0
20260601,1498,270177,3,0
20260601,1498,268802,3,0
20260601,1498,267937,3,0
20260601,1498,263766,3,0
20260601,1498,263640,3,0
20260601,1498,260709,3,0
20260601,1498,260622,3,0
20260601,1498,264139,3,0
20260601,1498,264184,3,0
20260601,1498,264980,3,0
20260601,1498,264960,3,0
20260601,1498,264270,3,0
20260601,1498,266463,3,0
20260601,1498,266714,3,0
20260601,1498,266700,3,0
20260601,1498,266772,3,0
20260601,201,260203,368,0
20260601,202,223335,367,0
20260601,203,215042,366,0
20260601,204,220680,358,0
20260601,205,216055,356,0
20260601,206,260168,355,0
20260601,207,220454,352,0
20260601,208,213873,348,0
20260601,209,214604,343,0
20260601,210,222980,343,0
20260601,211,201593,342,0
20260601,212,260171,342,0
20260601,213,204431,337,0
20260601,214,202493,337,0
20260601,215,214826,337,0
20260601,216,232447,335,0
20260601,217,201555,333,0
20260601,218,239389,330,0
20260601,219,212303,327,0
20260601,220,215988,326,0
20260601,221,211344,324,0
20260601,222,216074,324,0
20260601,223,216265,323,0
20260601,224,260664,323,0
20260601,225,211552,320,0
20260601,226,220554,317,0
20260601,227,206007,315,0
20260601,228,214149,315,0
20260601,229,221209,315,0
20260601,230,222965,312,0
20260601,231,214684,312,0
20260601,232,220770,310,0
20260601,233,214386,308,0
20260601,234,256684,307,0
20260601,235,221434,306,0
20260601,236,214480,305,0
20260601,237,221243,305,0
20260601,238,211635,304,0
20260601,239,222919,303,0
20260601,240,210303,302,0
20260601,241,201483,302,0
20260601,242,201458,295,0
20260601,243,213706,294,0
20260601,244,211846,292,0
20260601,245,216367,291,0
20260601,246,221911,287,0
20260601,247,221885,287,0
20260601,248,206124,287,0
20260601,249,215386,287,0
20260601,250,221512,284,0
20260601,251,221164,282,0
20260601,252,211643,281,0
20260601,253,204419,279,0
20260601,254,258199,277,0
20260601,255,221213,276,0
20260601,256,211920,275,0
20260601,257,259685,270,0
20260601,258,213620,270,0
20260601,259,216139,270,0
20260601,260,222296,268,0
20260601,261,256705,268,0
20260601,262,216213,268,0
20260601,263,215614,267,0
20260601,264,239392,267,0
20260601,265,223323,266,0
20260601,266,221018,266,0
20260601,267,221411,266,0
20260601,268,215314,265,0
20260601,269,222080,263,0
20260601,270,215290,262,0
20260601,271,214937,262,0
20260601,272,239438,262,0
20260601,273,260598,261,0
20260601,274,203463,260,0
20260601,275,221073,260,0
20260601,276,203389,257,0
20260601,277,221178,257,0
20260601,278,213767,256,0
20260601,279,266376,253,0
20260601,280,216385,252,0
20260601,281,260206,250,0
20260601,282,211844,249,0
20260601,283,201545,247,0
20260601,284,222156,246,0
20260601,285,220489,245,0
20260601,286,216044,244,0
20260601,287,201606,243,0
20260601,288,261963,243,0
20260601,289,211878,242,0
20260601,290,213779,242,0
20260601,291,220432,241,0
20260601,292,213908,240,0
20260601,293,264149,237,0
20260601,294,223331,237,0
20260601,295,246493,237,0
20260601,296,222506,236,0
20260601,297,236956,234,0
20260601,298,221104,234,0
20260601,299,206430,232,0
20260601,300,211901,231,0
20260601,301,214919,230,0
20260601,302,223410,228,0
20260601,303,260170,226,0
20260601,304,204427,226,0
20260601,305,222189,226,0
20260601,306,221099,224,0
20260601,307,221382,222,0
20260601,308,201329,219,0
20260601,309,260765,219,0
20260601,310,238064,218,0
20260601,311,259758,218,0
20260601,312,269714,218,0
20260601,313,221486,217,0
20260601,314,211095,216,0
20260601,315,223087,215,0
20260601,316,215077,215,0
20260601,317,216116,215,0
20260601,318,213949,214,0
20260601,319,221004,214,0
20260601,320,260581,214,0
20260601,321,220589,212,0
20260601,322,215807,210,0
20260601,323,206345,210,0
20260601,324,221369,210,0
20260601,325,221191,209,0
20260601,326,215062,207,0
20260601,327,201586,204,0
20260601,328,222559,203,0
20260601,329,202662,202,0
20260601,330,231625,201,0
20260601,331,215996,200,0
20260601,332,214081,200,0
20260601,333,252587,198,0
20260601,334,215840,197,0
20260601,335,215468,197,0
20260601,336,214262,196,0
20260601,337,221362,195,0
20260601,338,223302,194,0
20260601,339,221905,192,0
20260601,340,259853,192,0
20260601,341,266622,191,0
20260601,342,215820,190,0
20260601,343,203564,189,0
20260601,344,221220,188,0
20260601,345,260913,187,0
20260601,346,213544,184,0
20260601,347,239397,184,0
20260601,348,221014,182,0
20260601,349,221159,181,0
20260601,350,206374,180,0
20260601,351,206194,180,0
20260601,352,216324,179,0
20260601,353,213657,179,0
20260601,354,222944,179,0
20260601,355,215501,178,0
20260601,356,223415,176,0
20260601,357,220735,176,0
20260601,358,215726,176,0
20260601,359,264228,176,0
20260601,360,246481,175,0
20260601,361,221096,174,0
20260601,362,215592,174,0
20260601,363,201585,173,0
20260601,364,221000,173,0
20260601,365,210847,173,0
20260601,366,215588,173,0
20260601,367,220718,172,0
20260601,368,220613,172,0
20260601,369,201613,171,0
20260601,370,221229,171,0
20260601,371,267420,170,0
20260601,372,239476,170,0
20260601,373,213974,170,0
20260601,374,264187,169,0
20260601,375,259794,167,0
20260601,376,256673,167,0
20260601,377,203435,166,0
20260601,378,261038,166,0
20260601,379,220781,165,0
20260601,380,252495,165,0
20260601,381,221242,165,0
20260601,382,213789,165,0
20260601,383,201666,165,0
20260601,384,260514,165,0
20260601,385,254733,164,0
20260601,386,211529,164,0
20260601,387,260006,163,0
20260601,388,221109,163,0
20260601,389,264075,162,0
20260601,390,264192,161,0
20260601,391,211820,160,0
20260601,392,211874,160,0
20260601,393,202688,160,0
20260601,394,222397,160,0
20260601,395,260761,159,0
20260601,396,221023,158,0
20260601,397,246478,157,0
20260601,398,216095,157,0
20260601,399,203288,156,0
20260601,400,211756,156,0
20260601,401,206292,155,0
20260601,402,214189,153,0
20260601,403,215878,152,0
20260601,404,252531,152,0
20260601,405,260541,152,0
20260601,406,203475,151,0
20260601,407,221395,151,0
20260601,408,260951,151,0
20260601,409,214546,149,0
20260601,410,239156,149,0
20260601,411,220673,148,0
20260601,412,220364,148,0
20260601,413,214418,148,0
20260601,414,220757,147,0
20260601,415,220447,145,0
20260601,416,260510,145,0
20260601,417,222986,144,0
20260601,418,203281,143,0
20260601,419,202460,142,0
20260601,420,214521,142,0
20260601,421,201610,141,0
20260601,422,261049,141,0
20260601,423,206362,139,0
20260601,424,221020,138,0
20260601,425,221789,138,0
20260601,426,215431,137,0
20260601,427,219625,137,0
20260601,428,214507,136,0
20260601,429,221187,136,0
20260601,430,220164,136,0
20260601,431,259913,136,0
20260601,432,221259,135,0
20260601,433,216253,135,0
20260601,434,221768,134,0
20260601,435,220598,134,0
20260601,436,214992,132,0
20260601,437,231639,132,0
20260601,438,222092,132,0
20260601,439,219887,131,0
20260601,440,222276,131,0
20260601,441,211342,130,0
20260601,442,245077,130,0
20260601,443,221181,130,0
20260601,444,202410,130,0
20260601,445,222454,130,0
20260601,446,222891,130,0
20260601,447,215566,129,0
20260601,448,211329,128,0
20260601,449,232881,128,0
20260601,450,260708,128,0
20260601,451,220502,127,0
20260601,452,236967,127,0
20260601,453,211328,127,0
20260601,454,214238,127,0
20260601,455,221657,127,0
20260601,456,221945,125,0
20260601,457,239442,125,0
20260601,458,235159,124,0
20260601,459,200748,123,0
20260601,460,215459,123,0
20260601,461,221157,122,0
20260601,462,214219,121,0
20260601,463,221031,121,0
20260601,464,216162,121,0
20260601,465,213753,120,0
20260601,466,263881,120,0
20260601,467,222675,119,0
20260601,468,213998,119,0
20260601,469,259690,119,0
20260601,470,213734,118,0
20260601,471,221265,118,0
20260601,472,260565,118,0
20260601,473,223141,118,0
20260601,474,252493,117,0
20260601,475,215550,117,0
20260601,476,266800,117,0
20260601,477,220306,117,0
20260601,478,216331,117,0
20260601,479,213837,116,0
20260601,480,222171,116,0
20260601,481,214653,116,0
20260601,482,266450,116,0
20260601,483,215398,115,0
20260601,484,221982,115,0
20260601,485,213821,114,0
20260601,486,215166,114,0
20260601,487,221364,114,0
20260601,488,222837,112,0
20260601,489,221443,112,0
20260601,490,216173,112,0
20260601,491,215018,111,0
20260601,492,203354,111,0
20260601,493,220429,111,0
20260601,494,213771,111,0
20260601,495,260667,110,0
20260601,496,214862,110,0
20260601,497,215733,110,0
20260601,498,269870,110,0
20260601,499,220808,109,0
20260601,500,211719,109,0
20260601,501,222273,109,0
20260601,502,269755,109,0
20260601,503,260539,109,0
20260601,504,233742,108,0
20260601,505,214301,108,0
20260601,506,220827,108,0
20260601,507,260141,108,0
20260601,508,214741,107,0
20260601,509,240998,107,0
20260601,510,265197,107,0
20260601,511,211646,107,0
20260601,512,213849,106,0
20260601,513,204394,106,0
20260601,514,263872,105,0
20260601,515,221168,105,0
20260601,516,220351,105,0
20260601,517,216579,104,0
20260601,518,222859,104,0
20260601,519,214930,104,0
20260601,520,221952,104,0
20260601,521,230880,104,0
20260601,522,223100,104,0
20260601,523,215898,103,0
20260601,524,215151,103,0
20260601,525,215163,103,0
20260601,526,206219,102,0
20260601,527,259591,102,0
20260601,528,252488,102,0
20260601,529,215134,102,0
20260601,530,211809,102,0
20260601,531,221959,102,0
20260601,532,259883,101,0
20260601,533,221468,101,0
20260601,534,260737,101,0
20260601,535,260339,101,0
20260601,536,261015,101,0
20260601,537,221141,101,0
20260601,538,233747,101,0
20260601,539,201554,100,0
20260601,540,213896,100,0
20260601,541,203578,100,0
20260601,542,220513,100,0
20260601,543,264227,99,0
20260601,544,262891,98,0
20260601,545,211063,97,0
20260601,546,260847,97,0
20260601,547,214271,97,0
20260601,548,260613,97,0
20260601,549,222369,97,0
20260601,550,220891,96,0
20260601,551,214091,95,0
20260601,552,202619,95,0
20260601,553,270080,95,0
20260601,554,211411,94,0
20260601,555,203591,94,0
20260601,556,247647,94,0
20260601,557,260445,94,0
20260601,558,214839,93,0
20260601,559,260763,92,0
20260601,560,213947,92,0
20260601,561,216051,92,0
20260601,562,221497,92,0
20260601,563,260296,91,0
20260601,564,214600,91,0
20260601,565,264967,90,0
20260601,566,260647,90,0
20260601,567,244087,90,0
20260601,568,264144,89,0
20260601,569,202454,89,0
20260601,570,211765,88,0
20260601,571,220550,88,0
20260601,572,220496,88,0
20260601,573,216007,88,0
20260601,574,265692,88,0
20260601,575,256712,88,0
20260601,576,260142,87,0
20260601,577,220842,86,0
20260601,578,214779,86,0
20260601,579,221834,86,0
20260601,580,266448,86,0
20260601,581,260446,86,0
20260601,582,239393,86,0
20260601,583,202672,85,0
20260601,584,261071,85,0
20260601,585,215971,85,0
20260601,586,263853,84,0
20260601,587,270058,84,0
20260601,588,216186,84,0
20260601,589,266864,84,0
20260601,590,220946,83,0
20260601,591,220453,83,0
20260601,592,206255,82,0
20260601,593,259575,82,0
20260601,594,222390,82,0
20260601,595,219892,82,0
20260601,596,220597,81,0
20260601,597,216076,81,0
20260601,598,265701,81,0
20260601,599,210537,81,0
20260601,600,221003,81,0
20260601,601,261097,81,0
20260601,602,266642,81,0
20260601,603,221116,80,0
20260601,604,214505,80,0
20260601,605,254765,80,0
20260601,606,239158,80,0
20260601,607,214007,80,0
20260601,608,223120,79,0
20260601,609,263909,79,0
20260601,610,260368,79,0
20260601,611,215909,79,0
20260601,612,214319,78,0
20260601,613,237454,78,0
20260601,614,201549,77,0
20260601,615,260966,77,0
20260601,616,206102,77,0
20260601,617,259916,77,0
20260601,618,260338,77,0
20260601,619,267882,76,0
20260601,620,221624,76,0
20260601,621,215545,76,0
20260601,622,252535,76,0
20260601,623,266469,75,0
20260601,624,266431,75,0
20260601,625,258191,75,0
20260601,626,221473,74,0
20260601,627,230882,74,0
20260601,628,206108,73,0
20260601,629,216268,73,0
20260601,630,206406,73,0
20260601,631,215013,73,0
20260601,632,264140,72,0
20260601,633,222297,72,0
20260601,634,257874,72,0
20260601,635,221221,72,0
20260601,636,260017,72,0
20260601,637,260694,72,0
20260601,638,216160,71,0
20260601,639,260714,71,0
20260601,640,215472,71,0
20260601,641,228909,71,0
20260601,642,259967,70,0
20260601,643,222458,70,0
20260601,644,220672,70,0
20260601,645,236980,70,0
20260601,646,223203,69,0
20260601,647,202430,69,0
20260601,648,252509,69,0
20260601,649,222481,69,0
20260601,650,270082,68,0
20260601,651,221465,68,0
20260601,652,216013,68,0
20260601,653,260490,68,0
20260601,654,213739,67,0
20260601,655,215832,67,0
20260601,656,241717,67,0
20260601,657,263941,67,0
20260601,658,252571,66,0
20260601,659,210138,66,0
20260601,660,225850,66,0
20260601,661,222037,66,0
20260601,662,222878,66,0
20260601,663,260032,66,0
20260601,664,254748,65,0
20260601,665,215616,65,0
20260601,666,220997,65,0
20260601,667,213672,64,0
20260601,668,214872,64,0
20260601,669,204294,64,0
20260601,670,206075,64,0
20260601,671,264207,64,0
20260601,672,206248,64,0
20260601,673,215259,63,0
20260601,674,267382,63,0
20260601,675,221994,63,0
20260601,676,234474,63,0
20260601,677,259567,62,0
20260601,678,213772,62,0
20260601,679,266901,62,0
20260601,680,202921,62,0
20260601,681,214212,62,0
20260601,682,241714,62,0
20260601,683,221773,62,0
20260601,684,211269,61,0
20260601,685,221469,60,0
20260601,686,216075,60,0
20260601,687,235161,60,0
20260601,688,221914,60,0
20260601,689,201524,59,0
20260601,690,239386,59,0
20260601,691,221062,59,0
20260601,692,215707,59,0
20260601,693,228910,59,0
20260601,694,221454,59,0
20260601,695,203500,58,0
20260601,696,264064,58,0
20260601,697,215778,58,0
20260601,698,260254,58,0
20260601,699,221165,58,0
20260601,700,270061,58,0
20260601,701,222347,58,0
20260601,702,220560,57,0
20260601,703,216062,57,0
20260601,704,270065,57,0
20260601,705,260845,57,0
20260601,706,263626,57,0
20260601,707,263869,56,0
20260601,708,225854,56,0
20260601,709,214868,56,0
20260601,710,260225,56,0
20260601,711,220053,56,0
20260601,712,221864,56,0
20260601,713,220645,56,0
20260601,714,201614,55,0
20260601,715,204223,55,0
20260601,716,220578,55,0
20260601,717,221746,55,0
20260601,718,270076,55,0
20260601,719,210526,55,0
20260601,720,216038,54,0
20260601,721,264205,54,0
20260601,722,222028,54,0
20260601,723,216587,53,0
20260601,724,221086,53,0
20260601,725,221192,53,0
20260601,726,221173,53,0
20260601,727,220491,53,0
20260601,728,260582,53,0
20260601,729,202536,52,0
20260601,730,260787,52,0
20260601,731,211668,52,0
20260601,732,259996,52,0
20260601,733,225858,52,0
20260601,734,239422,52,0
20260601,735,215921,52,0
20260601,736,269717,52,0
20260601,737,220740,52,0
20260601,738,216180,52,0
20260601,739,221370,52,0
20260601,740,267651,52,0
20260601,741,222255,51,0
20260601,742,220875,51,0
20260601,743,215015,51,0
20260601,744,215505,51,0
20260601,745,267115,50,0
20260601,746,222330,50,0
20260601,747,260638,50,0
20260601,748,233718,50,0
20260601,749,260273,50,0
20260601,750,211544,50,0
20260601,751,215806,49,0
20260601,752,230876,49,0
20260601,753,259754,49,0
20260601,754,263801,49,0
20260601,755,260848,48,0
20260601,756,264085,48,0
20260601,757,222667,48,0
20260601,758,259762,48,0
20260601,759,222421,48,0
20260601,760,260214,48,0
20260601,761,263148,48,0
20260601,762,239454,48,0
20260601,763,202464,47,0
20260601,764,221903,47,0
20260601,765,210158,47,0
20260601,766,202693,47,0
20260601,767,264069,47,0
20260601,768,259858,47,0
20260601,769,222346,47,0
20260601,770,260101,46,0
20260601,771,220684,46,0
20260601,772,203513,46,0
20260601,773,221509,46,0
20260601,774,223421,46,0
20260601,775,221474,46,0
20260601,776,239453,46,0
20260601,777,267428,45,0
20260601,778,214935,45,0
20260601,779,260042,45,0
20260601,780,216316,45,0
20260601,781,210500,45,0
20260601,782,264973,45,0
20260601,783,201611,44,0
20260601,784,263905,44,0
20260601,785,269866,44,0
20260601,786,213551,44,0
20260601,787,263980,44,0
20260601,788,253681,43,0
20260601,789,223402,43,0
20260601,790,260528,43,0
20260601,791,266529,43,0
20260601,792,222262,43,0
20260601,793,260003,43,0
20260601,794,220497,43,0
20260601,795,266937,42,0
20260601,796,222184,42,0
20260601,797,220392,42,0
20260601,798,260766,42,0
20260601,799,223404,42,0
20260601,800,221886,42,0
20260601,801,220494,42,0
20260601,802,222299,42,0
20260601,803,260711,41,0
20260601,804,223373,41,0
20260601,805,266407,41,0
20260601,806,266509,41,0
20260601,807,206060,40,0
20260601,808,214713,40,0
20260601,809,266851,40,0
20260601,810,235160,40,0
20260601,811,223418,40,0
20260601,812,221219,40,0
20260601,813,221568,40,0
20260601,814,263995,39,0
20260601,815,265688,39,0
20260601,816,260137,39,0
20260601,817,216107,39,0
20260601,818,215372,39,0
20260601,819,201518,38,0
20260601,820,220713,38,0
20260601,821,211864,38,0
20260601,822,264130,38,0
20260601,823,266488,38,0
20260601,824,260984,38,0
20260601,825,215966,38,0
20260601,826,223146,38,0
20260601,827,216256,38,0
20260601,828,221247,37,0
20260601,829,239446,37,0
20260601,830,221195,37,0
20260601,831,203509,37,0
20260601,832,221585,37,0
20260601,833,202446,36,0
20260601,834,269253,36,0
20260601,835,260762,36,0
20260601,836,223399,36,0
20260601,837,267022,36,0
20260601,838,221463,36,0
20260601,839,206336,36,0
20260601,840,264151,35,0
20260601,841,266771,35,0
20260601,842,269864,35,0
20260601,843,221862,35,0
20260601,844,260871,35,0
20260601,845,267841,35,0
20260601,846,214771,35,0
20260601,847,264029,35,0
20260601,848,258192,35,0
20260601,849,260860,35,0
20260601,850,219979,35,0
20260601,851,266682,34,0
20260601,852,220825,34,0
20260601,853,264975,34,0
20260601,854,223326,34,0
20260601,855,263981,34,0
20260601,856,214696,33,0
20260601,857,222239,33,0
20260601,858,260914,33,0
20260601,859,267176,33,0
20260601,860,260277,33,0
20260601,861,210672,33,0
20260601,862,266541,33,0
20260601,863,201540,32,0
20260601,864,214877,32,0
20260601,865,270195,32,0
20260601,866,263974,32,0
20260601,867,222557,32,0
20260601,868,211511,32,0
20260601,869,267400,32,0
20260601,870,270320,32,0
20260601,871,223080,32,0
20260601,872,266720,32,0
20260601,873,213948,32,0
20260601,874,260224,32,0
20260601,875,216158,32,0
20260601,876,222294,32,0
20260601,877,220563,32,0
20260601,878,260062,32,0
20260601,879,260279,32,0
20260601,880,201520,31,0
20260601,881,267409,31,0
20260601,882,245094,31,0
20260601,883,202443,31,0
20260601,884,263808,31,0
20260601,885,267616,31,0
20260601,886,264131,31,0
20260601,887,221413,31,0
20260601,888,264978,31,0
20260601,889,234481,31,0
20260601,890,261098,31,0
20260601,891,222668,31,0
20260601,892,220642,31,0
20260601,893,222000,30,0
20260601,894,267104,30,0
20260601,895,259989,30,0
20260601,896,223375,30,0
20260601,897,260767,30,0
20260601,898,270078,30,0
20260601,899,202916,29,0
20260601,900,223163,29,0
20260601,901,268770,29,0
20260601,902,270019,29,0
20260601,903,204309,29,0
20260601,904,220690,29,0
20260601,905,241715,29,0
20260601,906,264167,29,0
20260601,907,202580,29,0
20260601,908,221422,29,0
20260601,909,211796,29,0
20260601,910,259965,29,0
20260601,911,211951,28,0
20260601,912,266455,28,0
20260601,913,259820,28,0
20260601,914,266379,28,0
20260601,915,220493,28,0
20260601,916,259105,28,0
20260601,917,264962,27,0
20260601,918,215693,27,0
20260601,919,260226,27,0
20260601,920,261132,27,0
20260601,921,206408,27,0
20260601,922,221929,27,0
20260601,923,216340,27,0
20260601,924,263677,27,0
20260601,925,270129,27,0
20260601,926,253679,27,0
20260601,927,202434,26,0
20260601,928,261957,26,0
20260601,929,214800,26,0
20260601,930,211921,26,0
20260601,931,256686,26,0
20260601,932,221440,26,0
20260601,933,220695,26,0
20260601,934,220276,26,0
20260601,935,266758,26,0
20260601,936,266381,25,0
20260601,937,210913,25,0
20260601,938,215019,25,0
20260601,939,220887,25,0
20260601,940,269968,25,0
20260601,941,260374,25,0
20260601,942,270449,25,0
20260601,943,223308,25,0
20260601,944,239160,25,0
20260601,945,214020,24,0
20260601,946,221741,24,0
20260601,947,214934,24,0
20260601,948,214605,24,0
20260601,949,265040,24,0
20260601,950,214398,24,0
20260601,951,245079,24,0
20260601,952,259907,24,0
20260601,953,220048,24,0
20260601,954,221542,24,0
20260601,955,202596,23,0
20260601,956,264180,23,0
20260601,957,270159,23,0
20260601,958,220591,23,0
20260601,959,221621,23,0
20260601,960,270165,23,0
20260601,961,216078,23,0
20260601,962,215177,23,0
20260601,963,215440,23,0
20260601,964,255662,23,0
20260601,965,215805,23,0
20260601,966,221210,22,0
20260601,967,239102,22,0
20260601,968,269259,22,0
20260601,969,221150,22,0
20260601,970,215879,22,0
20260601,971,239387,22,0
20260601,971,266645,22,0
20260601,973,260150,22,0
20260601,974,221371,22,0
20260601,975,267422,22,0
20260601,976,222509,22,0
20260601,977,263751,22,0
20260601,978,263622,22,0
20260601,979,216311,22,0
20260601,980,270125,22,0
20260601,981,260091,22,0
20260601,982,264216,22,0
20260601,983,241745,22,0
20260601,984,214519,22,0
20260601,985,222856,21,0
20260601,986,221915,21,0
20260601,987,222762,21,0
20260601,988,215795,21,0
20260601,989,222035,21,0
20260601,990,263687,21,0
20260601,991,252584,21,0
20260601,992,261066,21,0
20260601,993,220551,21,0
20260601,994,214540,21,0
20260601,995,221148,21,0
20260601,996,221740,21,0
20260601,997,201506,20,0
20260601,997,205815,20,0
20260601,999,215064,20,0
20260601,1000,248660,20,0
20260608,1,214544,9090,19
20260608,2,214981,8143,22
20260608,3,216347,6733,19
20260608,4,202468,6056,20
20260608,5,216153,5848,17
20260608,6,259799,5751,21
20260608,7,221103,4879,19
20260608,8,202494,4315,15
20260608,9,239475,3670,21
20260608,10,214096,3438,19
20260608,11,202505,3385,19
20260608,12,216146,3157,19
20260608,13,222328,3054,22
20260608,14,211148,2617,20
20260608,15,211768,2571,20
20260608,16,223670,2506,25
20260608,17,206420,2449,27
20260608,18,201514,2415,25
20260608,19,260300,2366,23
20260608,20,214939,2212,21
20260608,21,216081,1996,20
20260608,22,210722,1918,21
20260608,23,220367,1844,29
20260608,24,220704,1800,23
20260608,25,215613,1779,26
20260608,26,201619,1772,20
20260608,27,215713,1640,21
20260608,28,213631,1631,24
20260608,29,215983,1601,28
20260608,30,221024,1513,24
20260608,31,216133,1431,26
20260608,32,211701,1422,21
20260608,33,223253,1416,30
20260608,34,213710,1406,26
20260608,35,214643,1405,24
20260608,36,211533,1404,21
20260608,37,206289,1328,25
20260608,38,211713,1294,27
20260608,39,220520,1289,26
20260608,40,222145,1267,29
20260608,41,220714,1260,25
20260608,42,221054,1241,20
20260608,43,211684,1238,24
20260608,44,201696,1230,19
20260608,45,206252,1211,18
20260608,46,239383,1205,21
20260608,47,238184,1165,18
20260608,48,214954,1133,13
20260608,49,215035,1126,26
20260608,50,238075,1123,30
20260608,51,220716,1120,29
20260608,52,213583,1111,35
20260608,53,233741,1096,26
20260608,54,222601,1080,25
20260608,55,220348,1070,26
20260608,56,221333,1064,23
20260608,57,263857,1063,32
20260608,58,222045,1061,27
20260608,59,216083,1056,25
20260608,60,202663,1051,23
20260608,61,223360,1048,23
20260608,62,220548,1035,22
20260608,63,221883,1029,33
20260608,64,201533,1015,28
20260608,65,215910,1012,31
20260608,66,214082,1009,24
20260608,67,220309,1001,25
20260608,68,215785,988,26
20260608,69,211843,965,15
20260608,70,203530,961,25
20260608,71,219875,959,21
20260608,72,222661,949,17
20260608,73,211107,941,25
20260608,74,214040,940,29
20260608,75,214388,936,26
20260608,76,202499,933,24
20260608,77,213887,925,29
20260608,78,215872,920,31
20260608,79,211337,919,32
20260608,80,221039,911,25
20260608,81,219917,905,34
20260608,82,220332,901,23
20260608,83,203501,899,13
20260608,84,220750,889,24
20260608,85,220435,886,33
20260608,86,260172,866,19
20260608,87,201709,858,26
20260608,88,211817,858,23
20260608,89,220662,853,28
20260608,90,215899,836,31
20260608,91,221407,835,29
20260608,92,221257,820,30
20260608,93,221237,810,29
20260608,94,222290,799,26
20260608,95,230870,798,26
20260608,96,252499,793,28
20260608,97,243420,785,31
20260608,98,215936,776,24
20260608,99,215306,773,29
20260608,100,216016,766,17
20260608,101,220465,765,26
20260608,102,221985,755,30
20260608,103,213550,747,26
20260608,104,206368,738,12
20260608,105,215020,733,29
20260608,106,201662,730,9
20260608,107,259733,726,25
20260608,108,206242,724,27
20260608,109,201548,724,27
20260608,110,215138,722,25
20260608,111,220416,707,31
20260608,112,206294,693,26
20260608,113,221909,686,25
20260608,114,222966,685,29
20260608,115,201499,684,15
20260608,116,211814,682,31
20260608,117,213646,681,27
20260608,118,210886,681,29
20260608,119,221307,678,23
20260608,120,211685,670,28
20260608,121,221236,668,25
20260608,122,221012,660,14
20260608,123,205925,652,25
20260608,124,223286,650,29
20260608,125,215480,624,30
20260608,126,223194,624,30
20260608,127,221124,612,28
20260608,128,215219,610,21
20260608,129,221406,604,29
20260608,130,206417,593,32
20260608,131,213525,592,11
20260608,132,221354,570,27
20260608,133,263644,567,19
20260608,134,214461,565,19
20260608,135,220722,563,31
20260608,136,215037,563,29
20260608,137,266671,554,23
20260608,138,202684,552,21
20260608,139,222233,552,13
20260608,140,214119,550,23
20260608,141,211651,546,18
20260608,142,223168,545,27
20260608,143,203514,533,30
20260608,144,215453,532,27
20260608,145,247669,530,23
20260608,146,211880,527,23
20260608,147,214459,526,33
20260608,148,214906,526,24
20260608,149,220742,523,29
20260608,150,223321,519,31
20260608,151,213666,516,24
20260608,152,236957,515,28
20260608,153,210622,513,26
20260608,154,223333,497,32
20260608,155,222391,494,17
20260608,156,215250,493,21
20260608,157,261972,492,20
20260608,158,215370,479,20
20260608,159,220446,469,26
20260608,160,211279,467,25
20260608,161,222017,466,27
20260608,162,239456,466,26
20260608,163,223325,465,23
20260608,164,222258,464,23
20260608,165,221626,463,20
20260608,166,216566,461,15
20260608,167,202600,459,23
20260608,168,202604,454,34
20260608,169,214593,450,27
20260608,170,214646,441,30
20260608,171,214826,438,28
20260608,172,236955,438,22
20260608,173,236972,438,23
20260608,174,216097,437,27
20260608,175,201478,435,32
20260608,176,259871,433,20
20260608,177,215572,431,28
20260608,178,201551,428,32
20260608,179,215571,426,29
20260608,180,259857,425,21
20260608,181,220699,421,27
20260608,182,267439,421,29
20260608,183,215992,418,31
20260608,184,260168,415,25
20260608,185,211539,408,15
20260608,186,220466,402,19
20260608,187,204411,400,16
20260608,188,220454,396,27
20260608,189,215946,395,25
20260608,190,211316,394,27
20260608,191,220733,383,32
20260608,192,221803,382,25
20260608,193,201621,375,28
20260608,194,239436,374,30
20260608,195,214236,373,34
20260608,196,216055,370,25
20260608,197,215337,369,15
20260608,198,214452,368,20
20260608,199,260203,368,23
20260608,200,215042,366,24
20260608,1001,270181,20,5
20260608,1002,220591,20,5
20260608,1003,223398,20,5
20260608,1004,220470,20,6
20260608,1005,259907,20,8
20260608,1006,214398,20,8
20260608,1007,267431,20,9
20260608,1008,214519,20,9
20260608,1009,239126,20,10
20260608,1010,266659,20,11
20260608,1011,267932,20,11
20260608,1012,260323,20,13
20260608,1013,215064,19,6
20260608,1014,266381,19,5
20260608,1015,214535,19,6
20260608,1016,215879,19,11
20260608,1017,260297,19,4
20260608,1018,222202,19,5
20260608,1019,260091,19,6
20260608,1019,213775,19,6
20260608,1021,211541,19,7
20260608,1021,214934,19,7
20260608,1023,259981,19,8
20260608,1024,252586,19,8
20260608,1025,259623,19,8
20260608,1026,260185,19,9
20260608,1027,225861,19,10
20260608,1028,210645,19,11
20260608,1029,215712,19,12
20260608,1030,206335,18,1
20260608,1031,221410,18,9
20260608,1032,215696,18,11
20260608,1033,223160,18,2
20260608,1034,260842,18,3
20260608,1035,269275,18,4
20260608,1035,259576,18,4
20260608,1037,263625,18,5
20260608,1038,221396,18,5
20260608,1039,266765,18,6
20260608,1040,220551,18,6
20260608,1041,221440,18,6
20260608,1042,261104,18,7
20260608,1043,260828,18,9
20260608,1043,221148,18,9
20260608,1045,259854,18,9
20260608,1046,216381,18,11
20260608,1047,239390,17,7
20260608,1048,269954,17,3
20260608,1049,260612,17,8
20260608,1050,221069,17,10
20260608,1051,269710,17,2
20260608,1052,216243,17,3
20260608,1053,268787,17,3
20260608,1054,260167,17,3
20260608,1055,266651,17,5
20260608,1056,261073,17,5
20260608,1056,215697,17,5
20260608,1058,224485,17,6
20260608,1059,266523,17,6
20260608,1060,260398,17,7
20260608,1061,221203,17,7
20260608,1062,221736,17,7
20260608,1063,259797,17,7
20260608,1064,222213,17,8
20260608,1065,249659,17,9
20260608,1066,269254,17,10
20260608,1067,219331,17,11
20260608,1068,213541,16,6
20260608,1069,264961,16,6
20260608,1070,266722,16,7
20260608,1071,266403,16,2
20260608,1071,263974,16,2
20260608,1071,270322,16,2
20260608,1071,222236,16,2
20260608,1075,222602,16,4
20260608,1076,263865,16,4
20260608,1077,263751,16,4
20260608,1077,253665,16,4
20260608,1079,264243,16,5
20260608,1080,269772,16,6
20260608,1081,260777,16,6
20260608,1082,252519,16,7
20260608,1083,239449,16,8
20260608,1084,270262,15,1
20260608,1085,201565,15,3
20260608,1086,211043,15,7
20260608,1087,269704,15,4
20260608,1088,211021,15,1
20260608,1088,205964,15,1
20260608,1088,249679,15,1
20260608,1088,239387,15,1
20260608,1088,233728,15,1
20260608,1093,267534,15,2
20260608,1094,221139,15,4
20260608,1095,260443,15,5
20260608,1096,214746,15,5
20260608,1097,267180,15,5
20260608,1098,264107,15,6
20260608,1099,267734,15,7
20260608,1100,260717,15,7
20260608,1101,267927,15,7
20260608,1102,222305,15,7
20260608,1103,215467,15,8
20260608,1104,219444,15,9
20260608,1104,221269,15,9
20260608,1104,263889,15,9
20260608,1107,266374,15,9
20260608,1108,260400,15,12
20260608,1109,260580,14,2
20260608,1110,201582,14,5
20260608,1111,212043,14,8
20260608,1112,215144,14,4
20260608,1113,238071,14,5
20260608,1114,266629,14,5
20260608,1115,239474,14,5
20260608,1115,220564,14,5
20260608,1117,219872,14,5
20260608,1118,214503,14,6
20260608,1119,252582,14,6
20260608,1120,267425,14,7
20260608,1121,216315,14,7
20260608,1122,244079,14,8
20260608,1123,246518,14,8
20260608,1123,221258,14,8
20260608,1125,221310,14,8
20260608,1126,216262,13,4
20260608,1127,246476,13,8
20260608,1128,210705,13,2
20260608,1129,211222,13,4
20260608,1130,222225,13,5
20260608,1131,214974,13,7
20260608,1132,259739,13,8
20260608,1133,224488,13,2
20260608,1134,270204,13,2
20260608,1134,261278,13,2
20260608,1136,261008,13,3
20260608,1137,203537,13,3
20260608,1138,215236,13,4
20260608,1139,264280,13,4
20260608,1140,221377,13,5
20260608,1141,261968,13,5
20260608,1142,264505,13,6
20260608,1143,260583,13,6
20260608,1144,264114,13,6
20260608,1145,269801,13,7
20260608,1146,266795,13,7
20260608,1147,230120,13,8
20260608,1148,221013,13,8
20260608,1149,260085,13,9
20260608,1149,270115,13,9
20260608,1151,263676,13,9
20260608,1152,241735,13,11
20260608,1153,203575,12,3
20260608,1154,215735,12,7
20260608,1155,213830,12,9
20260608,1156,215721,12,6
20260608,1157,269872,12,7
20260608,1158,206027,12,1
20260608,1158,221688,12,1
20260608,1160,223159,12,2
20260608,1161,270132,12,3
20260608,1161,260926,12,3
20260608,1161,260631,12,3
20260608,1164,260693,12,3
20260608,1164,214019,12,3
20260608,1166,270357,12,4
20260608,1167,269734,12,4
20260608,1168,223284,12,5
20260608,1169,267424,12,5
20260608,1169,265207,12,5
20260608,1171,264150,12,5
20260608,1172,266467,12,6
20260608,1173,202387,12,6
20260608,1174,221158,12,6
20260608,1175,242450,12,7
20260608,1176,222748,12,7
20260608,1177,260556,12,7
20260608,1178,246484,12,8
20260608,1179,260378,12,8
20260608,1180,216156,12,8
20260608,1180,206161,12,8
20260608,1182,211285,11,6
20260608,1183,213721,11,6
20260608,1184,264510,11,2
20260608,1184,270089,11,2
20260608,1186,266378,11,3
20260608,1186,260957,11,3
20260608,1186,262886,11,3
20260608,1189,214784,11,3
20260608,1190,267509,11,3
20260608,1191,265628,11,3
20260608,1192,219965,11,4
20260608,1193,215970,11,4
20260608,1193,221025,11,4
20260608,1193,267845,11,4
20260608,1193,267540,11,4
20260608,1197,215802,11,4
20260608,1198,259608,11,4
20260608,1199,270274,11,4
20260608,1200,262883,11,5
20260608,1201,265020,11,5
20260608,1202,267387,11,6
20260608,1203,215854,11,6
20260608,1204,201691,11,7
20260608,1204,223435,11,7
20260608,1206,223153,11,7
20260608,1206,214909,11,7
20260608,1206,268778,11,7
20260608,1209,221315,11,7
20260608,1210,236968,11,8
20260608,1211,266383,10,4
20260608,1212,221441,10,4
20260608,1213,211592,10,6
20260608,1214,220081,10,1
20260608,1214,270548,10,1
20260608,1216,220343,10,2
20260608,1216,238209,10,2
20260608,1218,266476,10,3
20260608,1218,263858,10,3
20260608,1220,220436,10,3
20260608,1220,222112,10,3
20260608,1222,214460,10,4
20260608,1222,221913,10,4
20260608,1224,263940,10,4
20260608,1225,222215,10,5
20260608,1225,222734,10,5
20260608,1225,214901,10,5
20260608,1228,221940,10,5
20260608,1229,214277,10,5
20260608,1229,261129,10,5
20260608,1229,260455,10,5
20260608,1232,219754,10,5
20260608,1232,222376,10,5
20260608,1234,259569,10,6
20260608,1235,260122,10,6
20260608,1235,223198,10,6
20260608,1235,220394,10,6
20260608,1238,259964,10,6
20260608,1239,260100,10,7
20260608,1239,223411,10,7
20260608,1241,221771,10,8
20260608,1241,266549,10,8
20260608,1243,268781,9,4
20260608,1244,221933,9,7
20260608,1245,264986,9,7
20260608,1246,270302,9,6
20260608,1247,260604,9,3
20260608,1247,260993,9,3
20260608,1249,270091,9,3
20260608,1249,234246,9,3
20260608,1251,270265,9,3
20260608,1252,265713,9,4
20260608,1252,266543,9,4
20260608,1252,259849,9,4
20260608,1252,215701,9,4
20260608,1256,264014,9,4
20260608,1256,270194,9,4
20260608,1258,267885,9,4
20260608,1258,220469,9,4
20260608,1258,214787,9,4
20260608,1258,266533,9,4
20260608,1262,259769,9,5
20260608,1262,223161,9,5
20260608,1262,215956,9,5
20260608,1262,266406,9,5
20260608,1262,269267,9,5
20260608,1267,270281,9,5
20260608,1268,264226,9,5
20260608,1268,270383,9,5
20260608,1268,259998,9,5
20260608,1271,263706,9,5
20260608,1272,264138,9,6
20260608,1272,259763,9,6
20260608,1272,215161,9,6
20260608,1272,211600,9,6
20260608,1276,220633,9,6
20260608,1276,239484,9,6
20260608,1276,265015,9,6
20260608,1276,267723,9,6
20260608,1280,256682,9,7
20260608,1280,221524,9,7
20260608,1280,220071,9,7
20260608,1283,216405,9,7
20260608,1284,260715,9,8
20260608,1285,241003,9,9
20260608,1286,263775,8,5
20260608,1287,205562,8,5
20260608,1288,206205,8,7
20260608,1289,259104,8,4
20260608,1290,222377,8,3
20260608,1290,269943,8,3
20260608,1290,260839,8,3
20260608,1290,267419,8,3
20260608,1290,270454,8,3
20260608,1295,267441,8,3
20260608,1295,260159,8,3
20260608,1297,259914,8,4
20260608,1297,257898,8,4
20260608,1297,270039,8,4
20260608,1297,260621,8,4
20260608,1301,223214,8,4
20260608,1301,220689,8,4
20260608,1301,221371,8,4
20260608,1301,220356,8,4
20260608,1305,223356,8,4
20260608,1306,223006,8,5
20260608,1306,249668,8,5
20260608,1308,259113,8,5
20260608,1308,215926,8,5
20260608,1308,264252,8,5
20260608,1308,266409,8,5
20260608,1308,267722,8,5
20260608,1308,267435,8,5
20260608,1314,260742,8,6
20260608,1314,260387,8,6
20260608,1314,237467,8,6
20260608,1314,222613,8,6
20260608,1318,252494,8,8
20260608,1319,201616,7,4
20260608,1320,211779,7,5
20260608,1321,260888,7,4
20260608,1322,263890,7,3
20260608,1322,264275,7,3
20260608,1322,270428,7,3
20260608,1322,254760,7,3
20260608,1322,222847,7,3
20260608,1322,222838,7,3
20260608,1322,221288,7,3
20260608,1322,221795,7,3
20260608,1330,219983,7,3
20260608,1331,259590,7,3
20260608,1331,249673,7,3
20260608,1331,267423,7,3
20260608,1331,264215,7,3
20260608,1335,270047,7,4
20260608,1336,270186,7,4
20260608,1336,220286,7,4
20260608,1336,220289,7,4
20260608,1339,260881,7,5
20260608,1339,215492,7,5
20260608,1339,246485,7,5
20260608,1339,260066,7,5
20260608,1339,222309,7,5
20260608,1339,266372,7,5
20260608,1339,260962,7,5
20260608,1339,263717,7,5
20260608,1339,263701,7,5
20260608,1339,260653,7,5
20260608,1349,263809,7,5
20260608,1349,269835,7,5
20260608,1351,268772,7,7
20260608,1351,270207,7,7
20260608,1351,220790,7,7
20260608,1351,216140,7,7
20260608,1355,214694,6,5
20260608,1356,202440,6,3
20260608,1357,256710,6,6
20260608,1358,263978,6,4
20260608,1359,201399,6,5
20260608,1360,220422,6,6
20260608,1361,215043,6,4
20260608,1362,216225,6,5
20260608,1363,215222,6,6
20260608,1363,270133,6,6
20260608,1365,270469,6,3
20260608,1365,205492,6,3
20260608,1365,215085,6,3
20260608,1365,214450,6,3
20260608,1365,259719,6,3
20260608,1365,259987,6,3
20260608,1365,260204,6,3
20260608,1365,223439,6,3
20260608,1373,220512,6,3
20260608,1373,222637,6,3
20260608,1373,266805,6,3
20260608,1376,266781,6,4
20260608,1376,269906,6,4
20260608,1376,266592,6,4
20260608,1376,264966,6,4
20260608,1376,264274,6,4
20260608,1376,263766,6,4
20260608,1376,260792,6,4
20260608,1376,260503,6,4
20260608,1376,270216,6,4
20260608,1376,221515,6,4
20260608,1376,222332,6,4
20260608,1376,221337,6,4
20260608,1376,222274,6,4
20260608,1376,222606,6,4
20260608,1376,223389,6,4
20260608,1376,238205,6,4
20260608,1376,259946,6,4
20260608,1376,266492,6,4
20260608,1376,220772,6,4
20260608,1376,216092,6,4
20260608,1396,222318,6,4
20260608,1397,259803,6,5
20260608,1397,241018,6,5
20260608,1397,260393,6,5
20260608,1400,267695,6,6
20260608,1400,222158,6,6
20260608,1400,267408,6,6
20260608,1400,270258,6,6
20260608,1400,237481,6,6
20260608,1400,269757,6,6
20260608,1400,260723,6,6
20260608,1407,270350,5,3
20260608,1407,270100,5,3
20260608,1407,263728,5,3
20260608,1407,267525,5,3
20260608,1407,270400,5,3
20260608,1412,221988,5,5
20260608,1413,267025,5,3
20260608,1413,264198,5,3
20260608,1413,222061,5,3
20260608,1413,245076,5,3
20260608,1413,221963,5,3
20260608,1413,266823,5,3
20260608,1413,270203,5,3
20260608,1413,215174,5,3
20260608,1413,239172,5,3
20260608,1413,223452,5,3
20260608,1413,233729,5,3
20260608,1413,259887,5,3
20260608,1413,267748,5,3
20260608,1413,270237,5,3
20260608,1413,223397,5,3
20260608,1413,258195,5,3
20260608,1413,270164,5,3
20260608,1413,222845,5,3
20260608,1413,264248,5,3
20260608,1413,241726,5,3
20260608,1413,266713,5,3
20260608,1413,222623,5,3
20260608,1413,267671,5,3
20260608,1413,239157,5,3
20260608,1413,239460,5,3
20260608,1413,221078,5,3
20260608,1413,261094,5,3
20260608,1413,267462,5,3
20260608,1441,260893,5,4
20260608,1441,230121,5,4
20260608,1441,260178,5,4
20260608,1441,238084,5,4
20260608,1441,223352,5,4
20260608,1441,269718,5,4
20260608,1441,221346,5,4
20260608,1448,260779,5,5
20260608,1448,269753,5,5
20260608,1448,264998,5,5
20260608,1448,223416,5,5
20260608,1448,257881,5,5
20260608,1448,263838,5,5
20260608,1448,235155,5,5
20260608,1448,263866,5,5
20260608,1448,269937,5,5
20260608,1448,266593,5,5
20260608,1448,221197,5,5
20260608,1448,260774,5,5
20260608,1448,222180,5,5
20260608,1461,270380,4,4
20260608,1462,264242,4,4
20260608,1463,265610,4,4
20260608,1464,260674,4,3
20260608,1464,260464,4,3
20260608,1464,270154,4,3
20260608,1464,222044,4,3
20260608,1464,220687,4,3
20260608,1469,267732,4,4
20260608,1469,269773,4,4
20260608,1469,270475,4,4
20260608,1469,203370,4,4
20260608,1469,260479,4,4
20260608,1469,222520,4,4
20260608,1469,266849,4,4
20260608,1469,244077,4,4
20260608,1469,266772,4,4
20260608,1469,246480,4,4
20260608,1469,264068,4,4
20260608,1469,206708,4,4
20260608,1469,215430,4,4
20260608,1469,252487,4,4
20260608,1469,265195,4,4
20260608,1469,235154,4,4
20260608,1469,266591,4,4
20260608,1469,252565,4,4
20260608,1469,269769,4,4
20260608,1488,213596,3,3
20260608,1488,202453,3,3
20260608,1490,264086,3,3
20260608,1490,270481,3,3
20260608,1490,269948,3,3
20260608,1493,270463,3,3
20260608,1493,261092,3,3
20260608,1493,266892,3,3
20260608,1493,256711,3,3
20260608,1493,264090,3,3
20260608,1493,264079,3,3
20260608,1493,240163,3,3
20260608,1500,234223,3,3
20260608,1500,263640,3,3
20260608,1500,222161,3,3
20260608,1500,270117,3,3
20260608,1500,260622,3,3
20260608,1500,266803,3,3
20260608,1500,270109,3,3
20260608,1500,214679,3,3
20260608,1500,269732,3,3
20260608,1500,260709,3,3
20260608,1500,264184,3,3
20260608,1500,259999,3,3
20260608,1500,221277,3,3
20260608,1500,266700,3,3
20260608,1500,270177,3,3
20260608,1500,222659,3,3
20260608,1500,267937,3,3
20260608,1500,264139,3,3
20260608,1500,238068,3,3
20260608,1500,260373,3,3
20260608,1500,264229,3,3
20260608,1500,270066,3,3
20260608,1500,211208,3,3
20260608,1500,269797,3,3
20260608,1500,234506,3,3
20260608,1500,259990,3,3
20260608,1500,267708,3,3
20260608,1500,222554,3,3
20260608,1500,220159,3,3
20260608,1500,269775,3,3
20260608,1500,249667,3,3
20260608,1500,264960,3,3
20260608,1500,266463,3,3
20260608,1500,222866,3,3
20260608,1500,267493,3,3
20260608,1500,270139,3,3
20260608,1500,266714,3,3
20260608,1500,269270,3,3
20260608,1500,259614,3,3
20260608,1500,255666,3,3
20260608,1500,216198,3,3
20260608,1500,222367,3,3
20260608,1500,220492,3,3
20260608,1500,264980,3,3
20260608,1500,223071,3,3
20260608,1500,268802,3,3
20260608,1500,223374,3,3
20260608,1500,264270,3,3
20260608,201,213576,365,25
20260608,202,213889,361,22
20260608,203,213873,361,32
20260608,204,220680,357,19
20260608,205,239389,355,25
20260608,206,232447,353,23
20260608,207,214181,353,26
20260608,208,201593,352,5
20260608,209,223335,351,21
20260608,210,211552,344,27
20260608,211,211227,344,22
20260608,212,222980,344,23
20260608,213,221411,340,22
20260608,214,214604,333,28
20260608,215,201555,333,20
20260608,216,215988,331,32
20260608,217,260171,330,24
20260608,218,256684,328,19
20260608,219,214254,328,29
20260608,220,206007,327,33
20260608,221,214386,327,23
20260608,222,220554,326,23
20260608,223,214149,325,27
20260608,224,216074,325,22
20260608,225,260664,325,19
20260608,226,211344,324,31
20260608,227,202493,319,34
20260608,228,222919,317,22
20260608,229,269714,315,9
20260608,230,216265,314,20
20260608,231,220770,313,28
20260608,232,201483,312,27
20260608,233,221209,310,22
20260608,234,222965,308,21
20260608,235,204431,305,26
20260608,236,221178,304,24
20260608,237,212303,303,35
20260608,238,221434,297,24
20260608,239,213706,295,33
20260608,240,211643,295,26
20260608,241,211702,292,26
20260608,242,211635,291,23
20260608,243,221243,291,22
20260608,244,221911,287,34
20260608,245,221885,287,26
20260608,246,216367,286,28
20260608,247,204427,285,15
20260608,248,214684,285,31
20260608,249,215290,283,29
20260608,250,215386,283,24
20260608,251,223323,281,30
20260608,252,221512,281,16
20260608,253,211846,278,25
20260608,254,258199,278,32
20260608,255,214480,277,29
20260608,256,222296,276,10
20260608,257,221213,276,18
20260608,258,260206,275,26
20260608,259,206124,272,20
20260608,260,221164,271,29
20260608,261,261963,270,18
20260608,262,216139,270,28
20260608,263,256705,268,27
20260608,264,213620,267,26
20260608,265,215614,267,28
20260608,266,211920,266,20
20260608,267,222080,265,21
20260608,268,239392,265,32
20260608,269,215314,264,17
20260608,270,216213,264,24
20260608,271,236956,263,25
20260608,272,239438,263,19
20260608,273,204419,258,24
20260608,274,214937,258,21
20260608,275,221073,258,28
20260608,276,216385,258,18
20260608,277,213767,256,22
20260608,278,210303,255,32
20260608,279,220432,254,23
20260608,280,266376,253,9
20260608,281,220589,252,18
20260608,282,260598,252,29
20260608,283,221018,248,27
20260608,284,201545,247,12
20260608,285,223415,247,27
20260608,286,259685,247,20
20260608,287,246493,247,28
20260608,288,252587,245,31
20260608,289,216044,244,20
20260608,290,214919,243,26
20260608,291,211844,243,24
20260608,292,201606,240,8
20260608,293,221099,239,31
20260608,294,211878,237,24
20260608,295,213908,237,23
20260608,296,213779,236,31
20260608,297,221369,236,24
20260608,298,211901,231,25
20260608,299,264149,230,25
20260608,300,222156,229,17
20260608,301,221382,229,25
20260608,302,238064,227,15
20260608,303,222189,226,33
20260608,304,201458,225,3
20260608,305,221362,225,16
20260608,306,220489,224,27
20260608,307,215077,222,28
20260608,308,221104,221,23
20260608,309,201329,219,9
20260608,310,260913,219,26
20260608,311,260765,219,12
20260608,312,223410,218,26
20260608,313,215820,218,30
20260608,314,260170,217,28
20260608,315,215807,215,28
20260608,316,222559,215,28
20260608,317,206430,215,25
20260608,318,260581,215,27
20260608,319,216116,215,21
20260608,320,259758,214,26
20260608,321,201585,213,14
20260608,322,221486,212,18
20260608,323,203463,211,21
20260608,324,259853,211,24
20260608,325,203564,207,31
20260608,326,266622,204,23
20260608,327,213949,198,27
20260608,328,221220,198,24
20260608,329,206345,198,23
20260608,330,231625,197,24
20260608,331,246481,197,24
20260608,332,215840,197,27
20260608,333,215468,197,16
20260608,334,215996,195,17
20260608,335,223087,195,18
20260608,336,223302,194,20
20260608,337,222506,192,28
20260608,338,206194,192,24
20260608,339,214081,192,11
20260608,340,201586,188,15
20260608,341,203389,187,8
20260608,342,221000,187,28
20260608,343,215062,186,11
20260608,344,221191,186,20
20260608,345,215878,185,22
20260608,346,213657,185,25
20260608,347,220613,185,22
20260608,348,239397,184,28
20260608,349,222944,184,17
20260608,350,264228,183,20
20260608,351,221242,182,22
20260608,352,221014,182,25
20260608,353,221159,181,20
20260608,354,206374,180,10
20260608,355,215726,176,29
20260608,356,259794,175,22
20260608,357,267420,175,20
20260608,358,202662,174,19
20260608,359,239476,174,20
20260608,360,220718,172,20
20260608,361,211756,172,14
20260608,362,220735,171,18
20260608,363,221229,171,20
20260608,364,215588,170,27
20260608,365,213974,170,27
20260608,366,201613,169,17
20260608,367,215592,169,23
20260608,368,215501,169,19
20260608,369,214521,168,28
20260608,370,203288,167,24
20260608,371,216095,167,34
20260608,372,203435,166,32
20260608,373,216324,166,21
20260608,374,261038,166,16
20260608,375,264187,166,22
20260608,376,221004,165,20
20260608,377,252495,165,8
20260608,378,201666,165,23
20260608,379,256673,164,14
20260608,380,214262,163,20
20260608,381,213544,163,9
20260608,382,260006,163,24
20260608,383,222397,163,17
20260608,384,221109,163,22
20260608,385,211529,163,22
20260608,386,264075,162,13
20260608,387,254733,162,27
20260608,388,214189,161,27
20260608,389,220306,161,19
20260608,390,220781,160,25
20260608,391,211820,160,18
20260608,392,202688,160,26
20260608,393,260761,159,10
20260608,394,210847,159,21
20260608,395,221096,158,18
20260608,396,221023,158,25
20260608,397,211328,158,20
20260608,398,211874,157,20
20260608,399,246478,157,20
20260608,400,261049,155,25
20260608,401,203475,154,15
20260608,402,264192,152,12
20260608,403,260541,152,18
20260608,404,252531,152,19
20260608,405,221395,151,16
20260608,406,260951,151,11
20260608,407,221768,151,18
20260608,408,260514,151,20
20260608,409,214546,149,29
20260608,410,239156,149,21
20260608,411,220673,148,26
20260608,412,220447,145,20
20260608,413,220164,145,18
20260608,414,214418,145,19
20260608,415,221181,144,31
20260608,416,260510,144,20
20260608,417,201610,141,13
20260608,418,215431,140,24
20260608,419,203281,140,21
20260608,420,206362,139,21
20260608,421,222891,139,26
20260608,422,203354,138,23
20260608,423,221020,138,22
20260608,424,222276,138,20
20260608,425,252493,137,21
20260608,426,220598,137,19
20260608,427,214507,136,21
20260608,428,259913,136,15
20260608,429,222837,135,21
20260608,430,219625,135,20
20260608,431,222986,135,20
20260608,432,220502,134,22
20260608,433,214301,134,22
20260608,434,220757,134,31
20260608,435,221259,134,16
20260608,436,214653,133,20
20260608,437,222171,133,22
20260608,438,220364,133,36
20260608,439,202460,132,5
20260608,440,245077,131,25
20260608,441,219887,131,14
20260608,442,260737,131,16
20260608,443,216253,130,18
20260608,444,222454,130,10
20260608,445,220429,130,17
20260608,446,216331,130,22
20260608,447,211342,129,17
20260608,448,213789,128,22
20260608,449,211329,128,26
20260608,450,260708,128,17
20260608,451,222092,127,23
20260608,452,214238,127,22
20260608,453,214741,126,18
20260608,454,236967,126,21
20260608,455,221945,125,23
20260608,456,216579,125,20
20260608,457,215566,125,21
20260608,458,202410,125,26
20260608,459,260647,125,18
20260608,460,221364,125,21
20260608,461,235159,124,20
20260608,462,220827,124,20
20260608,463,215459,124,21
20260608,464,269755,124,17
20260608,465,200748,123,10
20260608,466,206219,122,16
20260608,467,222675,122,14
20260608,468,221187,122,21
20260608,469,214862,122,17
20260608,470,221157,122,23
20260608,471,232881,122,22
20260608,472,204394,122,18
20260608,473,259690,121,22
20260608,474,263881,120,21
20260608,475,213821,119,23
20260608,476,214992,119,18
20260608,477,213998,119,22
20260608,478,266800,119,13
20260608,479,220891,119,25
20260608,480,221031,118,18
20260608,481,260565,118,15
20260608,482,215550,117,16
20260608,483,223141,117,19
20260608,484,221905,116,8
20260608,485,222859,115,21
20260608,486,221982,115,23
20260608,487,215166,114,15
20260608,488,222273,114,19
20260608,489,221265,114,17
20260608,490,266450,114,24
20260608,491,213734,113,10
20260608,492,260667,112,16
20260608,493,215398,112,24
20260608,494,221443,112,20
20260608,495,216173,112,22
20260608,496,215733,111,22
20260608,497,213837,110,13
20260608,498,269870,110,16
20260608,499,215898,109,23
20260608,500,221657,109,16
20260608,501,261015,109,18
20260608,502,213771,109,19
20260608,503,239442,108,20
20260608,504,216162,108,21
20260608,505,221497,108,16
20260608,506,260141,108,25
20260608,507,233742,107,27
20260608,508,247647,107,18
20260608,509,265197,107,19
20260608,510,221959,107,24
20260608,511,263872,106,15
20260608,512,213849,106,21
20260608,513,211719,106,15
20260608,514,220351,105,19
20260608,515,215151,105,16
20260608,516,221952,105,15
20260608,517,221141,105,20
20260608,518,214219,104,15
20260608,519,215134,104,27
20260608,520,240998,104,8
20260608,521,222034,103,4
20260608,522,221468,103,15
20260608,523,215163,103,19
20260608,524,223331,102,8
20260608,525,252488,102,19
20260608,526,260339,101,16
20260608,527,233747,101,18
20260608,528,215018,100,14
20260608,529,221834,100,7
20260608,530,259883,99,7
20260608,531,264227,99,14
20260608,532,264144,99,12
20260608,533,220513,99,16
20260608,534,206292,98,14
20260608,535,211809,98,13
20260608,536,223100,98,17
20260608,537,222369,98,22
20260608,538,259591,97,15
20260608,539,221168,97,16
20260608,540,213896,97,17
20260608,541,260847,97,11
20260608,542,260613,97,20
20260608,543,260539,96,16
20260608,544,260445,96,19
20260608,545,202619,95,11
20260608,546,265692,95,19
20260608,547,201554,94,11
20260608,548,220496,94,25
20260608,549,214091,93,18
20260608,550,263909,93,12
20260608,551,231639,92,6
20260608,552,213753,92,14
20260608,553,211063,92,27
20260608,554,213947,92,17
20260608,555,216186,92,18
20260608,556,202672,91,25
20260608,557,202454,91,16
20260608,558,206248,91,17
20260608,559,262891,90,8
20260608,560,264967,90,13
20260608,561,230880,90,16
20260608,562,244087,89,14
20260608,563,210537,89,18
20260608,564,261071,89,18
20260608,565,220550,88,13
20260608,566,211646,88,19
20260608,567,203578,87,7
20260608,568,211095,86,8
20260608,569,211765,86,10
20260608,570,214779,86,16
20260608,571,239393,86,21
20260608,572,221465,85,17
20260608,573,221789,85,10
20260608,574,222481,85,16
20260608,575,203591,84,16
20260608,576,270058,84,9
20260608,577,270080,84,11
20260608,578,266864,84,11
20260608,579,254765,84,13
20260608,580,222390,84,15
20260608,581,266448,84,17
20260608,582,266469,83,10
20260608,583,216007,83,12
20260608,584,260446,83,17
20260608,585,215971,83,20
20260608,586,260142,82,8
20260608,587,259575,82,19
20260608,588,260338,82,12
20260608,589,219892,82,18
20260608,590,256712,82,20
20260608,591,260296,81,16
20260608,592,263853,81,11
20260608,593,220597,81,15
20260608,594,216051,81,19
20260608,595,265701,81,11
20260608,596,220946,81,15
20260608,597,261097,81,19
20260608,598,266642,81,22
20260608,599,221116,80,8
20260608,600,237454,80,16
20260608,601,239158,80,19
20260608,602,214007,80,19
20260608,603,220808,79,7
20260608,604,260763,79,18
20260608,605,223120,79,23
20260608,606,259916,79,7
20260608,607,260368,79,13
20260608,608,221003,79,18
20260608,609,216268,78,14
20260608,610,214271,78,13
20260608,611,221173,78,16
20260608,612,214319,78,16
20260608,613,260966,77,14
20260608,614,260714,77,8
20260608,615,220453,77,15
20260608,616,270082,76,6
20260608,617,206102,76,19
20260608,618,221624,76,12
20260608,619,206406,76,15
20260608,620,264207,76,19
20260608,621,258191,76,22
20260608,622,222458,75,16
20260608,623,230882,75,11
20260608,624,215545,75,14
20260608,625,266431,75,15
20260608,626,215909,75,22
20260608,627,221454,75,23
20260608,628,221473,74,7
20260608,629,221221,74,13
20260608,630,252535,74,22
20260608,631,206108,73,6
20260608,632,222297,73,12
20260608,633,264140,72,11
20260608,634,260017,72,14
20260608,635,220997,72,19
20260608,636,257874,71,18
20260608,637,220842,70,7
20260608,638,221062,70,13
20260608,639,215472,70,14
20260608,640,228909,70,15
20260608,641,263941,70,17
20260608,642,220672,70,17
20260608,643,214839,69,10
20260608,644,214930,69,11
20260608,645,202430,69,12
20260608,646,222421,69,13
20260608,647,252509,69,13
20260608,648,236980,69,17
20260608,649,216076,68,10
20260608,650,221994,68,21
20260608,651,215832,68,15
20260608,652,215707,68,13
20260608,653,260490,68,16
20260608,654,260032,68,19
20260608,655,230876,67,11
20260608,656,266901,67,14
20260608,657,241717,67,7
20260608,658,260694,67,17
20260608,659,264064,66,19
20260608,660,252571,66,19
20260608,661,216160,66,12
20260608,662,225850,66,12
20260608,663,222037,66,6
20260608,664,235161,66,8
20260608,665,254748,65,5
20260608,666,214505,65,8
20260608,667,215616,65,10
20260608,668,204294,64,13
20260608,669,206075,64,17
20260608,670,213739,64,17
20260608,671,216013,64,9
20260608,672,270061,64,15
20260608,673,259967,63,12
20260608,674,267382,63,6
20260608,675,201524,63,16
20260608,676,267882,63,14
20260608,677,233718,63,6
20260608,678,215778,63,10
20260608,679,234474,63,18
20260608,680,214872,62,16
20260608,681,239386,62,13
20260608,682,202921,62,8
20260608,683,241714,62,14
20260608,684,215013,62,15
20260608,685,222346,62,15
20260608,686,206255,61,7
20260608,687,221469,61,13
20260608,688,211269,61,8
20260608,689,213772,61,14
20260608,690,216062,61,13
20260608,691,201549,60,2
20260608,692,203500,59,10
20260608,693,259567,59,14
20260608,694,220713,59,10
20260608,695,253681,59,14
20260608,696,266851,59,8
20260608,697,214212,59,13
20260608,698,223203,58,8
20260608,699,210138,58,16
20260608,700,260042,58,8
20260608,701,260254,58,11
20260608,702,222878,58,11
20260608,703,221864,58,16
20260608,704,220645,58,16
20260608,705,228910,58,16
20260608,706,222330,57,13
20260608,707,225854,57,18
20260608,708,264205,57,20
20260608,709,269866,57,11
20260608,710,270065,57,9
20260608,711,263626,57,12
20260608,712,222347,57,13
20260608,713,221914,57,15
20260608,714,222028,57,15
20260608,715,220560,56,14
20260608,716,216075,56,11
20260608,717,225858,56,13
20260608,718,221746,56,19
20260608,719,239422,56,8
20260608,720,260225,56,12
20260608,721,221773,56,14
20260608,722,215259,55,11
20260608,723,213672,55,10
20260608,724,216587,55,13
20260608,725,260845,55,11
20260608,726,220875,55,12
20260608,727,211411,54,4
20260608,728,214600,54,9
20260608,729,220578,54,17
20260608,730,222255,54,10
20260608,731,260214,54,13
20260608,732,221086,53,6
20260608,733,216038,53,23
20260608,734,221192,53,8
20260608,735,215921,53,10
20260608,736,269717,53,11
20260608,737,266509,53,11
20260608,738,220491,53,15
20260608,739,260582,53,16
20260608,740,263869,52,12
20260608,741,264085,52,9
20260608,742,259996,52,9
20260608,743,270076,52,8
20260608,744,210526,52,9
20260608,745,221165,52,10
20260608,746,223404,52,13
20260608,747,216180,52,16
20260608,748,239453,52,17
20260608,749,267651,52,19
20260608,750,264130,51,15
20260608,751,259754,51,9
20260608,752,215015,51,11
20260608,753,210500,51,12
20260608,754,267409,50,11
20260608,755,267115,50,16
20260608,756,204223,50,15
20260608,757,214868,50,8
20260608,758,260273,50,12
20260608,759,264029,50,12
20260608,760,211544,50,15
20260608,761,220740,49,10
20260608,762,263148,49,16
20260608,763,221370,49,17
20260608,764,260787,48,8
20260608,765,267428,48,6
20260608,766,215806,48,11
20260608,767,222667,48,16
20260608,768,259762,48,6
20260608,769,270449,48,7
20260608,770,239454,48,16
20260608,771,202464,47,8
20260608,772,206060,47,11
20260608,773,260528,47,11
20260608,774,264069,47,13
20260608,775,259858,47,13
20260608,776,260101,46,9
20260608,777,221903,46,12
20260608,778,220684,46,13
20260608,779,206408,46,4
20260608,780,220053,46,10
20260608,781,216316,46,10
20260608,782,221474,46,14
20260608,783,260984,46,15
20260608,784,201614,45,3
20260608,785,213551,45,12
20260608,786,260871,45,10
20260608,787,223421,45,12
20260608,788,215505,45,15
20260608,789,221568,45,20
20260608,790,211668,44,6
20260608,791,260638,44,8
20260608,792,263905,44,10
20260608,793,264973,44,11
20260608,794,263980,44,13
20260608,795,263801,44,15
20260608,796,220497,43,15
20260608,797,222184,42,10
20260608,798,220392,42,4
20260608,799,260766,42,11
20260608,800,221886,42,12
20260608,801,222299,42,13
20260608,802,260711,41,8
20260608,803,222239,41,13
20260608,804,223373,41,7
20260608,805,266407,41,8
20260608,806,206336,41,16
20260608,807,213948,40,9
20260608,808,221195,40,11
20260608,809,220494,40,12
20260608,810,266529,40,12
20260608,811,223418,40,12
20260608,812,260003,40,13
20260608,813,219979,40,14
20260608,814,221219,40,14
20260608,815,216256,40,17
20260608,816,265688,39,18
20260608,817,266937,39,10
20260608,818,266541,39,10
20260608,819,235160,39,11
20260608,820,216107,39,11
20260608,821,215372,39,13
20260608,822,211864,38,13
20260608,823,260848,38,13
20260608,824,266488,38,8
20260608,825,221509,38,8
20260608,826,202693,38,9
20260608,827,215966,38,13
20260608,828,223146,38,16
20260608,829,214935,37,10
20260608,830,203513,37,6
20260608,831,222294,37,12
20260608,832,220563,37,13
20260608,833,203509,37,13
20260608,834,202446,36,2
20260608,835,269253,36,9
20260608,836,260762,36,13
20260608,837,260914,36,15
20260608,838,267022,36,7
20260608,839,221463,36,9
20260608,840,267841,36,11
20260608,841,221585,36,15
20260608,842,264151,35,4
20260608,843,223399,35,4
20260608,844,269864,35,7
20260608,845,221862,35,7
20260608,846,214771,35,10
20260608,847,258192,35,10
20260608,848,260860,35,13
20260608,849,201540,34,7
20260608,850,267104,34,6
20260608,851,266682,34,6
20260608,852,266771,34,10
20260608,853,214713,34,13
20260608,854,220825,34,14
20260608,855,264975,34,4
20260608,856,267616,34,5
20260608,857,223402,34,6
20260608,858,220048,34,12
20260608,859,222262,34,14
20260608,860,214696,33,6
20260608,861,260137,33,3
20260608,862,210158,33,7
20260608,863,267176,33,7
20260608,864,261066,33,10
20260608,865,270195,32,5
20260608,866,222557,32,4
20260608,867,211511,32,5
20260608,868,267400,32,5
20260608,869,270320,32,5
20260608,870,223080,32,8
20260608,871,266720,32,8
20260608,872,222177,32,10
20260608,873,260224,32,10
20260608,874,260279,32,15
20260608,875,245094,31,8
20260608,876,202443,31,9
20260608,877,269968,31,4
20260608,878,223326,31,5
20260608,879,239446,31,5
20260608,880,259820,31,6
20260608,881,210672,31,8
20260608,882,264131,31,9
20260608,883,264978,31,11
20260608,884,255662,31,11
20260608,885,260062,31,12
20260608,886,261098,31,14
20260608,887,222668,31,16
20260608,888,266455,30,14
20260608,889,259989,30,9
20260608,890,263808,30,13
20260608,891,223163,30,14
20260608,892,263981,30,6
20260608,893,223375,30,7
20260608,894,270078,30,11
20260608,895,234481,30,12
20260608,896,220493,30,16
20260608,897,214800,29,14
20260608,898,202916,29,10
20260608,899,268770,29,1
20260608,900,270019,29,4
20260608,901,222762,29,4
20260608,902,260306,29,4
20260608,903,220690,29,6
20260608,904,264167,29,6
20260608,905,260767,29,6
20260608,906,266379,29,6
20260608,907,221422,29,7
20260608,908,211796,29,7
20260608,909,215795,29,7
20260608,910,216158,29,8
20260608,911,220642,29,15
20260608,912,259105,29,17
20260608,913,201518,28,2
20260608,914,221247,28,4
20260608,915,211951,28,10
20260608,916,214877,28,6
20260608,917,241715,28,5
20260608,918,260277,28,7
20260608,919,221621,28,8
20260608,920,221413,28,9
20260608,921,253679,28,11
20260608,922,264962,27,9
20260608,923,261132,27,11
20260608,924,220887,27,12
20260608,925,221929,27,4
20260608,926,216340,27,5
20260608,927,270129,27,10
20260608,928,259965,27,14
20260608,929,266758,27,14
20260608,930,202434,26,6
20260608,931,210913,26,12
20260608,932,261957,26,10
20260608,933,248660,26,7
20260608,934,260226,26,8
20260608,935,211921,26,4
20260608,936,263677,26,5
20260608,937,202580,26,6
20260608,938,256686,26,6
20260608,939,220695,26,7
20260608,940,215693,25,15
20260608,941,260374,25,5
20260608,942,221741,25,8
20260608,943,214605,25,9
20260608,944,239160,25,11
20260608,945,216078,25,11
20260608,946,215177,25,11
20260608,947,214020,24,7
20260608,948,222000,24,10
20260608,949,264180,24,10
20260608,950,223308,24,9
20260608,951,265040,24,9
20260608,952,245079,24,10
20260608,953,237465,24,11
20260608,954,221542,24,13
20260608,955,202536,23,4
20260608,956,215019,23,8
20260608,957,260433,23,14
20260608,958,270159,23,5
20260608,959,221371,23,6
20260608,960,264073,23,7
20260608,961,220276,23,8
20260608,962,270165,23,10
20260608,963,215440,23,10
20260608,964,219874,23,11
20260608,965,215805,23,11
20260608,966,221210,22,5
20260608,967,220297,22,11
20260608,968,269259,22,5
20260608,969,266645,22,3
20260608,970,260150,22,3
20260608,971,267422,22,5
20260608,972,222509,22,5
20260608,973,221083,22,6
20260608,974,216311,22,7
20260608,975,270125,22,7
20260608,976,222035,22,8
20260608,977,264216,22,9
20260608,978,221055,22,9
20260608,979,261082,22,10
20260608,980,241745,22,10
20260608,981,260261,22,10
20260608,982,201520,21,3
20260608,983,202596,21,7
20260608,984,263995,21,10
20260608,985,222856,21,10
20260608,986,261964,21,12
20260608,987,221915,21,10
20260608,988,214182,21,4
20260608,989,204309,21,4
20260608,990,263622,21,5
20260608,991,263687,21,8
20260608,992,252584,21,8
20260608,993,214540,21,9
20260608,994,267449,21,11
20260608,995,221740,21,13
20260608,996,205815,20,1
20260608,997,221150,20,6
20260608,998,261133,20,10
20260608,999,202858,20,2
20260608,1000,270315,20,4
